Date,Open,High,Low,Close,Adj Close,Volume
2018-12-17,38.90999984741211,39.0,38.22999954223633,38.40999984741211,31.523155212402344,7181800
2018-12-18,38.40999984741211,38.41999816894531,37.7599983215332,37.81999969482422,31.038942337036133,7745600
2018-12-19,38.209999084472656,38.63999938964844,37.47999954223633,37.650001525878906,30.899423599243164,8574500
2018-12-20,37.81999969482422,38.09000015258789,36.970001220703125,37.2599983215332,30.5793514251709,9510000
2018-12-21,37.20000076293945,37.97999954223633,37.119998931884766,37.66999816894531,30.91583824157715,11550400
2018-12-24,37.7400016784668,37.7599983215332,36.58000183105469,36.650001525878906,30.078723907470703,6913200
2018-12-26,36.790000915527344,38.08000183105469,36.279998779296875,38.060001373291016,31.235912322998047,8461000
2018-12-27,37.33000183105469,37.7400016784668,36.72999954223633,37.72999954223633,30.96508026123047,9319100
2018-12-28,38.66999816894531,38.66999816894531,38.0099983215332,38.130001068115234,31.293365478515625,8451900
2018-12-31,38.209999084472656,38.459999084472656,37.79999923706055,37.91999816894531,31.121017456054688,5584100
2019-01-02,37.470001220703125,38.7400016784668,37.40999984741211,38.59000015258789,31.670886993408203,5537100
2019-01-03,38.959999084472656,39.060001373291016,38.47999954223633,38.810001373291016,31.8514461517334,7137300
2019-01-04,39.56999969482422,40.08000183105469,39.41999816894531,40.029998779296875,32.85269546508789,9336700
2019-01-07,39.70000076293945,40.310001373291016,39.58000183105469,40.15999984741211,32.959388732910156,6114300
2019-01-08,40.18000030517578,40.2599983215332,39.83000183105469,40.029998779296875,32.85269546508789,5654900
2019-01-09,40.38999938964844,40.61000061035156,40.150001525878906,40.36000061035156,33.12353515625,6914500
2019-01-10,40.279998779296875,40.7599983215332,40.130001068115234,40.70000076293945,33.40256118774414,4822500
2019-01-11,40.220001220703125,40.41999816894531,40.06999969482422,40.2400016784668,33.02503967285156,5746300
2019-01-14,40.150001525878906,40.66999816894531,40.09000015258789,40.41999816894531,33.172767639160156,4976000
2019-01-15,40.2599983215332,40.650001525878906,39.959999084472656,40.2400016784668,33.02503967285156,4860400
2019-01-16,39.880001068115234,40.220001220703125,39.86000061035156,40.119998931884766,32.92655944824219,4168900
2019-01-17,39.81999969482422,40.33000183105469,39.7400016784668,40.130001068115234,32.93476486206055,4345300
2019-01-18,40.689998626708984,40.91999816894531,40.47999954223633,40.7599983215332,33.45180892944336,6487500
2019-01-22,40.099998474121094,40.2599983215332,39.90999984741211,40.08000183105469,32.893733978271484,6175200
2019-01-23,40.279998779296875,40.33000183105469,39.86000061035156,40.119998931884766,32.92655944824219,4603300
2019-01-24,39.900001525878906,40.36000061035156,39.84000015258789,40.11000061035156,32.91835403442383,4760700
2019-01-25,40.38999938964844,40.40999984741211,40.08000183105469,40.11000061035156,32.91835403442383,5032100
2019-01-28,39.47999954223633,39.599998474121094,39.16999816894531,39.56999969482422,32.47517776489258,6037300
2019-01-29,39.939998626708984,40.400001525878906,39.7400016784668,40.20000076293945,32.99222183227539,8915600
2019-01-30,40.29999923706055,40.849998474121094,40.27000045776367,40.66999816894531,33.37794494628906,8403500
2019-01-31,41.25,41.66999816894531,40.959999084472656,41.119998931884766,33.74726104736328,7786000
2019-02-01,41.119998931884766,41.400001525878906,40.97999954223633,41.34000015258789,33.92781448364258,5731800
2019-02-04,41.18000030517578,41.40999984741211,40.86000061035156,41.38999938964844,33.96885681152344,8271800
2019-02-05,42.68000030517578,42.88999938964844,42.52000045776367,42.81999969482422,35.142459869384766,11124300
2019-02-06,43.36000061035156,43.40999984741211,43.040000915527344,43.040000915527344,35.32301330566406,9903900
2019-02-07,43.22999954223633,43.2599983215332,42.45000076293945,42.70000076293945,35.04397201538086,8115800
2019-02-08,42.400001525878906,42.5,42.150001525878906,42.4900016784668,34.87163162231445,4970500
2019-02-11,42.220001220703125,42.31999969482422,42.060001373291016,42.209999084472656,34.64183044433594,4730900
2019-02-12,42.540000915527344,42.63999938964844,42.33000183105469,42.41999816894531,34.814178466796875,5027500
2019-02-13,42.58000183105469,42.849998474121094,42.54999923706055,42.63999938964844,34.994728088378906,4803000
2019-02-14,41.709999084472656,42.06999969482422,41.66999816894531,41.869998931884766,34.865657806396484,4634100
2019-02-15,42.189998626708984,42.36000061035156,42.08000183105469,42.290000915527344,35.21540451049805,3463400
2019-02-19,41.88999938964844,42.4900016784668,41.88999938964844,42.380001068115234,35.29034423828125,4014000
2019-02-20,42.400001525878906,42.7400016784668,42.380001068115234,42.47999954223633,35.37360763549805,4376400
2019-02-21,42.2400016784668,42.41999816894531,42.13999938964844,42.290000915527344,35.21540451049805,4241800
2019-02-22,42.380001068115234,42.540000915527344,42.209999084472656,42.459999084472656,35.356956481933594,5143900
2019-02-25,42.560001373291016,42.68000030517578,42.349998474121094,42.5099983215332,35.398597717285156,5949600
2019-02-26,42.349998474121094,42.689998626708984,42.310001373291016,42.52000045776367,35.40692138671875,4706700
2019-02-27,42.77000045776367,43.02000045776367,42.689998626708984,42.84000015258789,35.67338943481445,8275900
2019-02-28,42.810001373291016,42.849998474121094,42.599998474121094,42.650001525878906,35.515174865722656,4508200
2019-03-01,42.63999938964844,42.779998779296875,42.38999938964844,42.58000183105469,35.456886291503906,4721600
2019-03-04,42.619998931884766,42.75,42.310001373291016,42.63999938964844,35.50684356689453,4183700
2019-03-05,42.619998931884766,42.7599983215332,42.58000183105469,42.7400016784668,35.59012222290039,3337400
2019-03-06,42.7400016784668,42.790000915527344,42.529998779296875,42.70000076293945,35.55681228637695,3670500
2019-03-07,42.75,42.779998779296875,42.4900016784668,42.630001068115234,35.49851989746094,3770200
2019-03-08,42.040000915527344,42.279998779296875,41.84000015258789,42.25,35.18208694458008,4671300
2019-03-11,42.18000030517578,42.400001525878906,42.18000030517578,42.33000183105469,35.248714447021484,5621600
2019-03-12,42.130001068115234,42.61000061035156,42.130001068115234,42.459999084472656,35.356956481933594,4624700
2019-03-13,43.099998474121094,43.95000076293945,43.040000915527344,43.83000183105469,36.497772216796875,9871300
2019-03-14,43.91999816894531,44.27000045776367,43.869998931884766,43.95000076293945,36.59770584106445,4612300
2019-03-15,43.849998474121094,44.040000915527344,43.75,43.869998931884766,36.53108596801758,4309700
2019-03-18,43.91999816894531,44.310001373291016,43.91999816894531,44.2400016784668,36.83918380737305,4804600
2019-03-19,44.88999938964844,44.970001220703125,44.380001068115234,44.470001220703125,37.03071212768555,6931900
2019-03-20,44.29999923706055,44.75,44.02000045776367,44.529998779296875,37.0806770324707,4616700
2019-03-21,44.54999923706055,44.66999816894531,44.310001373291016,44.529998779296875,37.0806770324707,3949800
2019-03-22,44.20000076293945,44.25,43.689998626708984,43.95000076293945,36.59770584106445,6333500
2019-03-25,43.810001373291016,43.900001525878906,43.349998474121094,43.529998779296875,36.24795913696289,4259200
2019-03-26,44.119998931884766,44.290000915527344,43.68000030517578,43.81999969482422,36.48944091796875,5008700
2019-03-27,43.66999816894531,43.810001373291016,43.20000076293945,43.59000015258789,36.29792404174805,3691100
2019-03-28,43.380001068115234,43.709999084472656,43.349998474121094,43.630001068115234,36.33123016357422,3267900
2019-03-29,44.08000183105469,44.08000183105469,43.52000045776367,43.720001220703125,36.40618133544922,4634900
2019-04-01,44.2599983215332,44.2599983215332,44.06999969482422,44.09000015258789,36.71427917480469,4953500
2019-04-02,44.2599983215332,44.470001220703125,44.099998474121094,44.22999954223633,36.83085632324219,6284100
2019-04-03,44.47999954223633,44.47999954223633,44.06999969482422,44.22999954223633,36.83085632324219,4135300
2019-04-04,44.209999084472656,44.22999954223633,43.880001068115234,44.150001525878906,36.764244079589844,2857700
2019-04-05,44.349998474121094,44.599998474121094,44.22999954223633,44.529998779296875,37.0806770324707,4286900
2019-04-08,44.93000030517578,45.380001068115234,44.90999984741211,45.22999954223633,37.663578033447266,6982000
2019-04-09,45.130001068115234,45.15999984741211,44.880001068115234,44.9900016784668,37.46371841430664,3558200
2019-04-10,45.119998931884766,45.349998474121094,45.0,45.040000915527344,37.50535202026367,4094700
2019-04-11,45.0099983215332,45.0099983215332,44.630001068115234,44.869998931884766,37.363800048828125,4540900
2019-04-12,45.08000183105469,45.08000183105469,44.630001068115234,44.66999816894531,37.19725036621094,5807700
2019-04-15,44.880001068115234,44.90999984741211,44.58000183105469,44.66999816894531,37.19725036621094,3279700
2019-04-16,44.599998474121094,44.650001525878906,44.380001068115234,44.47999954223633,37.039039611816406,3098900
2019-04-17,44.79999923706055,44.79999923706055,44.540000915527344,44.619998931884766,37.15561294555664,4109000
2019-04-18,44.61000061035156,44.650001525878906,44.220001220703125,44.38999938964844,36.96409606933594,3682200
2019-04-22,44.7400016784668,45.150001525878906,44.70000076293945,45.040000915527344,37.50535202026367,3976800
2019-04-23,45.20000076293945,45.290000915527344,45.0099983215332,45.02000045776367,37.488704681396484,4826000
2019-04-24,44.689998626708984,44.689998626708984,44.06999969482422,44.130001068115234,36.74759292602539,5989300
2019-04-25,43.81999969482422,44.189998626708984,43.72999954223633,43.959999084472656,36.60602569580078,2931700
2019-04-26,43.560001373291016,43.599998474121094,43.0,43.310001373291016,36.06476593017578,5451100
2019-04-29,42.810001373291016,43.279998779296875,42.72999954223633,43.02000045776367,35.82327651977539,6568100
2019-04-30,43.91999816894531,44.0,43.630001068115234,43.72999954223633,36.41450119018555,6577700
2019-05-01,43.7400016784668,43.810001373291016,43.040000915527344,43.08000183105469,35.87324523925781,4557800
2019-05-02,43.04999923706055,43.060001373291016,42.560001373291016,42.630001068115234,35.49851989746094,5279300
2019-05-03,43.279998779296875,43.310001373291016,43.04999923706055,43.08000183105469,35.87324523925781,3903600
2019-05-06,42.61000061035156,43.0,42.560001373291016,42.93000030517578,35.74833679199219,5073700
2019-05-07,42.279998779296875,42.31999969482422,41.7599983215332,42.220001220703125,35.1571044921875,7572200
2019-05-08,41.97999954223633,42.38999938964844,41.91999816894531,42.279998779296875,35.20706558227539,6381300
2019-05-09,41.189998626708984,41.68000030517578,41.18000030517578,41.650001525878906,35.194393157958984,6369800
2019-05-10,41.380001068115234,41.619998931884766,41.189998626708984,41.5,35.0676383972168,4858800
2019-05-13,41.529998779296875,41.81999969482422,41.02000045776367,41.22999954223633,34.8394889831543,6333100
2019-05-14,41.65999984741211,41.779998779296875,41.52000045776367,41.54999923706055,35.109893798828125,5317200
2019-05-15,41.279998779296875,41.939998626708984,41.220001220703125,41.77000045776367,35.295799255371094,5001000
2019-05-16,41.939998626708984,42.38999938964844,41.93000030517578,42.279998779296875,35.72674560546875,5039700
2019-05-17,42.470001220703125,42.61000061035156,42.27000045776367,42.34000015258789,35.77744674682617,4132700
2019-05-20,42.58000183105469,42.72999954223633,42.34000015258789,42.58000183105469,35.980247497558594,3859600
2019-05-21,42.86000061035156,43.0,42.75,42.75,36.1239013671875,3397200
2019-05-22,42.779998779296875,42.79999923706055,42.290000915527344,42.34000015258789,35.77744674682617,4134300
2019-05-23,41.4900016784668,41.540000915527344,41.08000183105469,41.34000015258789,34.932437896728516,6141000
2019-05-24,41.65999984741211,41.83000183105469,41.31999969482422,41.7599983215332,35.2873420715332,3510600
2019-05-28,41.63999938964844,41.7599983215332,41.41999816894531,41.47999954223633,35.05073928833008,3664700
2019-05-29,41.029998779296875,41.31999969482422,40.84000015258789,41.27000045776367,34.873294830322266,4202700
2019-05-30,41.209999084472656,41.25,40.900001525878906,41.029998779296875,34.67049026489258,3679500
2019-05-31,40.61000061035156,41.0099983215332,40.599998474121094,40.720001220703125,34.40854263305664,4920100
2019-06-03,41.2400016784668,41.31999969482422,40.939998626708984,41.040000915527344,34.6789436340332,5412100
2019-06-04,41.310001373291016,41.459999084472656,41.0099983215332,41.36000061035156,34.94934844970703,3972500
2019-06-05,41.65999984741211,41.66999816894531,40.880001068115234,41.040000915527344,34.6789436340332,5800000
2019-06-06,41.310001373291016,41.68000030517578,41.29999923706055,41.61000061035156,35.16059494018555,3985600
2019-06-07,41.97999954223633,42.36000061035156,41.880001068115234,42.13999938964844,35.60844802856445,5974900
2019-06-10,42.150001525878906,42.34000015258789,41.9900016784668,42.08000183105469,35.55774688720703,3685700
2019-06-11,42.58000183105469,42.61000061035156,42.34000015258789,42.34000015258789,35.77744674682617,3288800
2019-06-12,41.40999984741211,41.52000045776367,40.900001525878906,41.060001373291016,34.69584655761719,9479900
2019-06-13,41.25,41.349998474121094,41.0099983215332,41.220001220703125,34.8310432434082,4931300
2019-06-14,40.869998931884766,40.970001220703125,40.7599983215332,40.90999984741211,34.569095611572266,4560300
2019-06-17,40.45000076293945,40.68000030517578,40.31999969482422,40.439998626708984,34.17194366455078,5918400
2019-06-18,40.93000030517578,41.279998779296875,40.869998931884766,41.08000183105469,34.712745666503906,4092000
2019-06-19,41.29999923706055,41.369998931884766,40.959999084472656,41.09000015258789,34.721195220947266,3776700
2019-06-20,41.86000061035156,42.15999984741211,41.70000076293945,41.810001373291016,35.32959747314453,9004600
2019-06-21,42.22999954223633,42.70000076293945,42.209999084472656,42.45000076293945,35.870391845703125,6928100
2019-06-24,42.16999816894531,42.33000183105469,42.0,42.18000030517578,35.642242431640625,3189600
2019-06-25,42.25,42.25,41.83000183105469,41.86000061035156,35.371849060058594,2949500
2019-06-26,42.189998626708984,42.400001525878906,42.08000183105469,42.08000183105469,35.55774688720703,4805800
2019-06-27,42.08000183105469,42.13999938964844,41.599998474121094,41.619998931884766,35.169044494628906,4042800
2019-06-28,41.869998931884766,41.91999816894531,41.61000061035156,41.70000076293945,35.23664855957031,4400400
2019-07-01,42.619998931884766,42.630001068115234,42.02000045776367,42.08000183105469,35.55774688720703,5346700
2019-07-02,42.58000183105469,42.59000015258789,41.810001373291016,41.86000061035156,35.371849060058594,6131600
2019-07-03,41.650001525878906,41.709999084472656,41.08000183105469,41.36000061035156,34.94934844970703,6411300
2019-07-05,40.81999969482422,41.04999923706055,40.709999084472656,41.029998779296875,34.67049026489258,5493100
2019-07-08,40.97999954223633,41.189998626708984,40.880001068115234,41.08000183105469,34.712745666503906,4240600
2019-07-09,40.880001068115234,41.029998779296875,40.77000045776367,40.95000076293945,34.6028938293457,3918300
2019-07-10,41.0099983215332,41.27000045776367,40.91999816894531,41.220001220703125,34.8310432434082,5180300
2019-07-11,41.43000030517578,41.470001220703125,41.09000015258789,41.279998779296875,34.881744384765625,3295200
2019-07-12,41.119998931884766,41.400001525878906,41.099998474121094,41.209999084472656,34.82258987426758,4345100
2019-07-15,41.04999923706055,41.08000183105469,40.619998931884766,40.689998626708984,34.38318634033203,5938300
2019-07-16,40.47999954223633,40.61000061035156,40.150001525878906,40.209999084472656,33.97758865356445,7117400
2019-07-17,39.7400016784668,39.880001068115234,39.209999084472656,39.279998779296875,33.19173812866211,13332500
2019-07-18,39.0,39.16999816894531,38.65999984741211,38.84000015258789,32.8199348449707,13233100
2019-07-19,39.040000915527344,39.2599983215332,38.939998626708984,39.22999954223633,33.14948654174805,8615200
2019-07-22,39.34000015258789,39.470001220703125,39.150001525878906,39.349998474121094,33.250885009765625,6907400
2019-07-23,39.790000915527344,39.810001373291016,39.439998626708984,39.470001220703125,33.352291107177734,6733500
2019-07-24,39.31999969482422,39.540000915527344,39.06999969482422,39.13999938964844,33.07343673706055,8817700
2019-07-25,39.290000915527344,39.29999923706055,38.959999084472656,38.9900016784668,32.946685791015625,6613000
2019-07-26,39.060001373291016,39.11000061035156,38.86000061035156,38.97999954223633,32.938232421875,9894800
2019-07-29,39.09000015258789,39.15999984741211,38.720001220703125,39.09000015258789,33.03118896484375,12644700
2019-07-30,39.72999954223633,40.220001220703125,39.630001068115234,39.9900016784668,33.79168701171875,8391900
2019-07-31,40.220001220703125,40.22999954223633,39.41999816894531,39.7400016784668,33.580440521240234,6701700
2019-08-01,39.04999923706055,39.459999084472656,38.77000045776367,39.0,32.955135345458984,10607500
2019-08-02,38.650001525878906,38.84000015258789,38.119998931884766,38.47999954223633,32.51573181152344,9597600
2019-08-05,37.47999954223633,37.779998779296875,37.349998474121094,37.65999984741211,31.822830200195312,11955100
2019-08-06,37.560001373291016,37.7400016784668,37.13999938964844,37.61000061035156,31.78057861328125,11451900
2019-08-07,37.060001373291016,37.619998931884766,36.880001068115234,37.54999923706055,31.72987937927246,9865100
2019-08-08,36.81999969482422,37.20000076293945,36.70000076293945,37.18000030517578,31.94034767150879,10513300
2019-08-09,36.93000030517578,37.11000061035156,36.75,36.810001373291016,31.622495651245117,7630600
2019-08-12,36.86000061035156,36.939998626708984,36.58000183105469,36.650001525878906,31.485042572021484,6256600
2019-08-13,36.599998474121094,37.34000015258789,36.52000045776367,37.20000076293945,31.957536697387695,9672400
2019-08-14,36.41999816894531,36.529998779296875,36.150001525878906,36.2599983215332,31.150005340576172,10802700
2019-08-15,35.91999816894531,36.09000015258789,35.72999954223633,36.04999923706055,30.9695987701416,8901300
2019-08-16,36.11000061035156,36.310001373291016,35.9900016784668,36.290000915527344,31.175779342651367,5367200
2019-08-19,36.72999954223633,36.95000076293945,36.619998931884766,36.849998474121094,31.6568603515625,6058700
2019-08-20,36.47999954223633,36.54999923706055,36.310001373291016,36.45000076293945,31.3132266998291,4826200
2019-08-21,36.81999969482422,36.91999816894531,36.560001373291016,36.75,31.57095718383789,5033800
2019-08-22,36.70000076293945,36.779998779296875,36.470001220703125,36.52000045776367,31.373369216918945,4551800
2019-08-23,36.369998931884766,36.65999984741211,36.130001068115234,36.209999084472656,31.1070499420166,7434900
2019-08-26,36.540000915527344,36.560001373291016,36.25,36.29999923706055,31.18436622619629,5171900
2019-08-27,36.650001525878906,36.68000030517578,36.220001220703125,36.599998474121094,31.442089080810547,6306700
2019-08-28,36.790000915527344,37.15999984741211,36.630001068115234,36.83000183105469,31.639673233032227,7612300
2019-08-29,37.150001525878906,37.16999816894531,36.880001068115234,36.95000076293945,31.742767333984375,7093500
2019-08-30,37.060001373291016,37.130001068115234,36.7599983215332,36.95000076293945,31.742767333984375,4757400
2019-09-03,36.689998626708984,37.0,36.56999969482422,36.95000076293945,31.742767333984375,3908100
2019-09-04,37.31999969482422,37.459999084472656,37.2599983215332,37.310001373291016,32.05203628540039,4314900
2019-09-05,37.630001068115234,37.72999954223633,37.31999969482422,37.369998931884766,32.10357666015625,5920600
2019-09-06,37.16999816894531,37.4900016784668,37.0099983215332,37.45000076293945,32.17230224609375,5984600
2019-09-09,37.560001373291016,37.66999816894531,37.41999816894531,37.5,32.21526336669922,5305600
2019-09-10,37.88999938964844,38.36000061035156,37.790000915527344,37.84000015258789,32.507347106933594,6787900
2019-09-11,38.2400016784668,38.400001525878906,37.68000030517578,37.79999923706055,32.47297286987305,12265000
2019-09-12,37.380001068115234,37.75,37.2599983215332,37.66999816894531,32.361297607421875,5299700
2019-09-13,37.81999969482422,37.959999084472656,37.720001220703125,37.869998931884766,32.533111572265625,4068700
2019-09-16,39.849998474121094,39.849998474121094,39.040000915527344,39.349998474121094,33.804542541503906,19987200
2019-09-17,39.56999969482422,39.56999969482422,38.369998931884766,38.540000915527344,33.10869216918945,14025000
2019-09-18,38.560001373291016,38.81999969482422,38.470001220703125,38.59000015258789,33.151649475097656,6728900
2019-09-19,39.13999938964844,39.13999938964844,38.68000030517578,38.689998626708984,33.237552642822266,5830800
2019-09-20,39.02000045776367,39.27000045776367,38.900001525878906,38.9900016784668,33.495277404785156,5386800
2019-09-23,38.68000030517578,38.95000076293945,38.68000030517578,38.7599983215332,33.29768753051758,3797600
2019-09-24,38.54999923706055,38.560001373291016,38.06999969482422,38.130001068115234,32.756473541259766,6289500
2019-09-25,37.7599983215332,38.209999084472656,37.70000076293945,38.16999816894531,32.790836334228516,12022800
2019-09-26,38.34000015258789,38.349998474121094,38.04999923706055,38.25,32.85955810546875,8064100
2019-09-27,38.099998474121094,38.4900016784668,38.060001373291016,38.2599983215332,32.8681526184082,3739900
2019-09-30,38.11000061035156,38.380001068115234,37.97999954223633,37.9900016784668,32.636207580566406,4095500
2019-10-01,38.06999969482422,38.099998474121094,37.5,37.70000076293945,32.3870735168457,5611100
2019-10-02,37.0,37.04999923706055,36.400001525878906,36.59000015258789,31.433504104614258,8522200
2019-10-03,36.189998626708984,36.41999816894531,35.880001068115234,36.369998931884766,31.2445068359375,7910000
2019-10-04,36.58000183105469,36.970001220703125,36.45000076293945,36.959999084472656,31.75135040283203,6780400
2019-10-07,37.11000061035156,37.400001525878906,36.939998626708984,36.95000076293945,31.742767333984375,5651400
2019-10-08,37.0099983215332,37.27000045776367,36.83000183105469,36.849998474121094,31.6568603515625,8345900
2019-10-09,37.279998779296875,37.380001068115234,37.119998931884766,37.16999816894531,31.9317626953125,4499600
2019-10-10,37.25,37.349998474121094,37.0,37.15999984741211,31.923175811767578,8344100
2019-10-11,37.5099983215332,37.59000015258789,37.36000061035156,37.459999084472656,32.1808967590332,6911600
2019-10-14,37.279998779296875,37.52000045776367,37.20000076293945,37.41999816894531,32.14653396606445,3237800
2019-10-15,37.470001220703125,37.65999984741211,37.27000045776367,37.36000061035156,32.0949821472168,5254500
2019-10-16,37.470001220703125,37.619998931884766,37.18000030517578,37.209999084472656,31.966123580932617,4789500
2019-10-17,37.709999084472656,37.880001068115234,37.5099983215332,37.7599983215332,32.4386100769043,5221300
2019-10-18,37.619998931884766,37.72999954223633,37.470001220703125,37.47999954223633,32.19807815551758,3973900
2019-10-21,38.08000183105469,38.400001525878906,38.040000915527344,38.27000045776367,32.87674331665039,7042900
2019-10-22,38.63999938964844,38.939998626708984,38.45000076293945,38.5099983215332,33.082916259765625,8594900
2019-10-23,38.880001068115234,39.11000061035156,38.810001373291016,39.060001373291016,33.5554084777832,8371700
2019-10-24,39.599998474121094,39.61000061035156,38.939998626708984,39.209999084472656,33.684268951416016,8855400
2019-10-25,39.04999923706055,39.439998626708984,39.029998779296875,39.349998474121094,33.804542541503906,5444400
2019-10-28,39.779998779296875,39.79999923706055,39.16999816894531,39.2400016784668,33.710044860839844,9081300
2019-10-29,38.31999969482422,38.400001525878906,37.65999984741211,37.93000030517578,32.58465576171875,15651100
2019-10-30,38.54999923706055,38.720001220703125,38.220001220703125,38.459999084472656,33.03997039794922,12320700
2019-10-31,38.2400016784668,38.25,37.77000045776367,37.90999984741211,32.567474365234375,8760900
2019-11-01,38.31999969482422,38.83000183105469,38.18000030517578,38.70000076293945,33.24614715576172,8906600
2019-11-04,39.470001220703125,39.689998626708984,39.34000015258789,39.36000061035156,33.813133239746094,10919900
2019-11-05,40.0099983215332,40.0099983215332,39.630001068115234,39.83000183105469,34.21690368652344,9427100
2019-11-06,39.77000045776367,39.849998474121094,39.31999969482422,39.400001525878906,33.84748840332031,8724400
2019-11-07,39.400001525878906,39.47999954223633,39.220001220703125,39.31999969482422,34.314388275146484,11570900
2019-11-08,39.150001525878906,39.2599983215332,38.84000015258789,39.189998626708984,34.2009391784668,6959200
2019-11-11,38.79999923706055,39.16999816894531,38.7599983215332,39.150001525878906,34.166038513183594,11535700
2019-11-12,39.36000061035156,39.52000045776367,39.029998779296875,39.130001068115234,34.14857864379883,6745900
2019-11-13,39.27000045776367,39.38999938964844,39.119998931884766,39.209999084472656,34.2183952331543,5035800
2019-11-14,39.2599983215332,39.29999923706055,38.88999938964844,38.97999954223633,34.017669677734375,4768400
2019-11-15,39.04999923706055,39.31999969482422,39.029998779296875,39.209999084472656,34.2183952331543,3671200
2019-11-18,39.130001068115234,39.16999816894531,38.959999084472656,39.060001373291016,34.087486267089844,4045200
2019-11-19,39.279998779296875,39.279998779296875,38.630001068115234,38.650001525878906,33.72968673706055,5536300
2019-11-20,38.459999084472656,38.65999984741211,38.15999984741211,38.5099983215332,33.607505798339844,6740700
2019-11-21,38.599998474121094,38.66999816894531,38.380001068115234,38.59000015258789,33.67732238769531,7429600
2019-11-22,38.7599983215332,38.84000015258789,38.400001525878906,38.54999923706055,33.64241409301758,6470100
2019-11-25,38.52000045776367,38.66999816894531,38.459999084472656,38.630001068115234,33.71223068237305,5754700
2019-11-26,38.290000915527344,38.29999923706055,37.970001220703125,38.119998931884766,33.26715087890625,7044000
2019-11-27,38.130001068115234,38.18000030517578,37.68000030517578,37.7599983215332,32.95298385620117,9770600
2019-11-29,37.31999969482422,37.43000030517578,37.220001220703125,37.41999816894531,32.65626525878906,6501400
2019-12-02,37.52000045776367,37.61000061035156,37.220001220703125,37.310001373291016,32.560272216796875,5480400
2019-12-03,36.86000061035156,36.95000076293945,36.560001373291016,36.81999969482422,32.132652282714844,9717400
2019-12-04,37.04999923706055,37.29999923706055,36.970001220703125,37.060001373291016,32.342098236083984,7029800
2019-12-05,36.9900016784668,37.09000015258789,36.58000183105469,36.650001525878906,31.98428726196289,7033900
2019-12-06,36.970001220703125,37.349998474121094,36.93000030517578,37.09000015258789,32.3682746887207,6254000
2019-12-09,37.040000915527344,37.209999084472656,37.0099983215332,37.099998474121094,32.37700271606445,4380100
2019-12-10,37.08000183105469,37.189998626708984,36.900001525878906,37.0099983215332,32.2984619140625,4903400
2019-12-11,36.720001220703125,36.95000076293945,36.5,36.560001373291016,31.905752182006836,9232500
2019-12-12,36.630001068115234,37.099998474121094,36.58000183105469,36.959999084472656,32.254825592041016,6482700
2019-12-13,37.279998779296875,37.439998626708984,36.869998931884766,36.939998626708984,32.23737335205078,7880900
2019-12-16,37.47999954223633,37.65999984741211,37.380001068115234,37.439998626708984,32.6737174987793,7882000
2019-12-17,37.52000045776367,37.83000183105469,37.470001220703125,37.59000015258789,32.804630279541016,9111200
2019-12-18,37.66999816894531,37.880001068115234,37.529998779296875,37.650001525878906,32.85697937011719,7442800
2019-12-19,37.7400016784668,37.81999969482422,37.56999969482422,37.650001525878906,32.85697937011719,7723000
2019-12-20,38.02000045776367,38.04999923706055,37.66999816894531,37.849998474121094,33.031524658203125,10546800
2019-12-23,37.709999084472656,38.119998931884766,37.709999084472656,38.11000061035156,33.25843048095703,6378500
2019-12-24,37.970001220703125,38.13999938964844,37.959999084472656,38.040000915527344,33.19734191894531,2348400
2019-12-26,38.060001373291016,38.20000076293945,37.939998626708984,37.97999954223633,33.14497375488281,4504200
2019-12-27,38.2400016784668,38.25,37.86000061035156,37.86000061035156,33.04024887084961,5436600
2019-12-30,37.79999923706055,37.970001220703125,37.56999969482422,37.599998474121094,32.81334686279297,6105900
2019-12-31,37.41999816894531,37.7400016784668,37.33000183105469,37.7400016784668,32.9355354309082,5313500
2020-01-02,38.040000915527344,38.150001525878906,37.869998931884766,38.13999938964844,33.28460693359375,6565100
2020-01-03,38.47999954223633,39.09000015258789,38.459999084472656,38.83000183105469,33.88676452636719,14000800
2020-01-06,39.68000030517578,40.08000183105469,39.65999984741211,39.849998474121094,34.776912689208984,15091700
2020-01-07,39.36000061035156,39.47999954223633,39.0,39.43000030517578,34.41038513183594,12494200
2020-01-08,39.2400016784668,39.29999923706055,38.59000015258789,38.83000183105469,33.88676452636719,9335500
2020-01-09,38.75,38.959999084472656,38.40999984741211,38.959999084472656,34.00021743774414,6646800
2020-01-10,38.97999954223633,39.029998779296875,38.7400016784668,38.7400016784668,33.8082275390625,5697800
2020-01-13,38.619998931884766,38.86000061035156,38.459999084472656,38.79999923706055,33.8605842590332,6129100
2020-01-14,38.68000030517578,38.86000061035156,38.58000183105469,38.81999969482422,33.87804412841797,5489600
2020-01-15,38.75,38.810001373291016,38.61000061035156,38.709999084472656,33.782047271728516,4835100
2020-01-16,38.97999954223633,39.06999969482422,38.810001373291016,38.84000015258789,33.8954963684082,5353800
2020-01-17,38.939998626708984,38.939998626708984,38.709999084472656,38.77000045776367,33.83440399169922,5811500
2020-01-21,38.5,38.5099983215332,38.29999923706055,38.31999969482422,33.44169235229492,6999800
2020-01-22,38.130001068115234,38.16999816894531,37.709999084472656,37.880001068115234,33.05771255493164,7873000
2020-01-23,37.779998779296875,38.209999084472656,37.70000076293945,38.20000076293945,33.33697509765625,8189200
2020-01-24,38.150001525878906,38.20000076293945,38.0,38.130001068115234,33.275882720947266,6441200
2020-01-27,37.52000045776367,37.689998626708984,37.31999969482422,37.439998626708984,32.6737174987793,7945800
2020-01-28,37.59000015258789,37.61000061035156,37.380001068115234,37.40999984741211,32.64754104614258,8183300
2020-01-29,37.40999984741211,37.5099983215332,37.130001068115234,37.16999816894531,32.43809509277344,5587600
2020-01-30,36.83000183105469,37.06999969482422,36.5099983215332,37.029998779296875,32.315914154052734,10591400
2020-01-31,36.2400016784668,36.279998779296875,35.869998931884766,36.130001068115234,31.530494689941406,12518800
2020-02-03,35.900001525878906,35.97999954223633,35.06999969482422,35.22999954223633,30.745065689086914,17224200
2020-02-04,36.90999984741211,36.95000076293945,36.220001220703125,36.5,31.853391647338867,20783100
2020-02-05,37.470001220703125,37.779998779296875,37.349998474121094,37.66999816894531,32.87443923950195,11978500
2020-02-06,37.25,37.279998779296875,36.77000045776367,36.880001068115234,32.185020446777344,9641600
2020-02-07,36.33000183105469,36.4900016784668,36.279998779296875,36.369998931884766,31.73994255065918,7769600
2020-02-10,36.18000030517578,36.279998779296875,36.02000045776367,36.189998626708984,31.58285140991211,7835500
2020-02-11,36.66999816894531,36.689998626708984,36.40999984741211,36.54999923706055,31.897022247314453,6969600
2020-02-12,37.04999923706055,37.220001220703125,36.880001068115234,37.16999816894531,32.43809509277344,9822000
2020-02-13,36.130001068115234,36.33000183105469,36.040000915527344,36.18000030517578,32.11850357055664,8125800
2020-02-14,36.130001068115234,36.15999984741211,35.63999938964844,36.0,31.958717346191406,8804500
2020-02-18,35.75,36.15999984741211,35.720001220703125,36.09000015258789,32.03861618041992,8514500
2020-02-19,35.9900016784668,36.400001525878906,35.91999816894531,36.25,32.18064880371094,9434700
2020-02-20,36.15999984741211,36.369998931884766,35.90999984741211,35.97999954223633,31.94095802307129,6518000
2020-02-21,35.630001068115234,35.63999938964844,35.209999084472656,35.36000061035156,31.39055633544922,10693300
2020-02-24,33.939998626708984,34.2400016784668,33.86000061035156,34.060001373291016,30.236495971679688,12423000
2020-02-25,34.04999923706055,34.08000183105469,32.779998779296875,32.93000030517578,29.233346939086914,13983300
2020-02-26,33.060001373291016,33.400001525878906,32.650001525878906,32.68000030517578,29.011409759521484,11302100
2020-02-27,31.93000030517578,32.52000045776367,31.450000762939453,31.530000686645508,27.990507125854492,17600700
2020-02-28,30.059999465942383,31.299999237060547,29.709999084472656,31.290000915527344,27.777450561523438,26025100
2020-03-02,31.549999237060547,32.27000045776367,31.1200008392334,32.22999954223633,28.61192512512207,20401900
2020-03-03,32.5,32.900001525878906,31.450000762939453,31.920000076293945,28.33672332763672,20721900
2020-03-04,32.599998474121094,33.18000030517578,32.369998931884766,33.13999938964844,29.41977310180664,16523100
2020-03-05,32.599998474121094,32.75,32.20000076293945,32.599998474121094,28.940387725830078,14383500
2020-03-06,31.420000076293945,31.780000686645508,30.829999923706055,31.25,27.741939544677734,16798600
2020-03-09,24.829999923706055,26.1200008392334,24.200000762939453,25.280000686645508,22.442119598388672,46759600
2020-03-10,27.1299991607666,27.229999542236328,25.139999389648438,26.790000915527344,23.782611846923828,25094000
2020-03-11,25.540000915527344,25.790000915527344,24.3700008392334,24.65999984741211,21.8917179107666,28811600
2020-03-12,22.260000228881836,22.280000686645508,21.049999237060547,21.56999969482422,19.14859390258789,25202800
2020-03-13,22.56999969482422,22.610000610351562,20.5,22.170000076293945,19.681241989135742,21556500
2020-03-16,19.049999237060547,19.81999969482422,18.600000381469727,18.84000015258789,16.725061416625977,19486200
2020-03-17,18.56999969482422,19.149999618530273,17.5,18.84000015258789,16.725061416625977,20337900
2020-03-18,17.530000686645508,17.84000015258789,15.510000228881836,16.110000610351562,14.30152416229248,21048500
2020-03-19,16.149999618530273,17.81999969482422,15.770000457763672,17.0,15.091614723205566,17597700
2020-03-20,18.239999771118164,18.280000686645508,16.90999984741211,17.389999389648438,15.437833786010742,26443500
2020-03-23,17.989999771118164,18.649999618530273,17.329999923706055,18.190000534057617,16.148027420043945,32360200
2020-03-24,20.6200008392334,22.600000381469727,20.31999969482422,22.1200008392334,19.63685417175293,32232000
2020-03-25,23.93000030517578,25.399999618530273,23.1200008392334,24.290000915527344,21.56325340270996,37556700
2020-03-26,24.219999313354492,25.350000381469727,23.709999084472656,24.420000076293945,21.678661346435547,47558400
2020-03-27,22.969999313354492,23.020000457763672,22.079999923706055,22.350000381469727,19.841035842895508,23224900
2020-03-30,23.260000228881836,24.209999084472656,22.559999465942383,23.920000076293945,21.234792709350586,22853900
2020-03-31,24.979999542236328,25.84000015258789,24.020000457763672,24.389999389648438,21.65202522277832,21194600
2020-04-01,25.229999542236328,25.559999465942383,24.110000610351562,24.3700008392334,21.634273529052734,23461100
2020-04-02,25.969999313354492,27.549999237060547,25.059999465942383,26.030000686645508,23.107925415039062,34967000
2020-04-03,25.459999084472656,25.649999618530273,24.110000610351562,24.719999313354492,21.94498062133789,18464300
2020-04-06,24.709999084472656,25.190000534057617,24.329999923706055,25.049999237060547,22.23793601989746,14911400
2020-04-07,25.260000228881836,25.940000534057617,24.59000015258789,24.799999237060547,22.016002655029297,18976100
2020-04-08,24.700000762939453,25.5,24.530000686645508,25.389999389648438,22.539770126342773,13992300
2020-04-09,25.329999923706055,25.479999542236328,24.31999969482422,24.899999618530273,22.104778289794922,25680500
2020-04-13,25.43000030517578,25.440000534057617,24.559999465942383,24.90999984741211,22.1136531829834,10434000
2020-04-14,24.440000534057617,24.809999465942383,24.15999984741211,24.440000534057617,21.6964168548584,12335200
2020-04-15,23.31999969482422,23.3700008392334,22.56999969482422,22.84000015258789,20.276029586791992,23633000
2020-04-16,22.200000762939453,22.309999465942383,21.719999313354492,21.850000381469727,19.39716339111328,19866500
2020-04-17,22.549999237060547,23.450000762939453,22.469999313354492,23.43000030517578,20.7997989654541,14878100
2020-04-20,22.260000228881836,22.989999771118164,22.170000076293945,22.350000381469727,19.841035842895508,18106000
2020-04-21,21.540000915527344,22.18000030517578,21.280000686645508,21.639999389648438,19.210739135742188,23740700
2020-04-22,22.979999542236328,23.440000534057617,22.719999313354492,23.329999923706055,20.711021423339844,14883100
2020-04-23,23.43000030517578,23.889999389648438,23.260000228881836,23.3799991607666,20.755409240722656,14592300
2020-04-24,23.59000015258789,23.81999969482422,23.040000915527344,23.389999389648438,20.764286041259766,13161700
2020-04-27,23.139999389648438,24.399999618530273,22.829999923706055,24.309999465942383,21.581008911132812,16002100
2020-04-28,23.969999313354492,24.5,23.770000457763672,24.15999984741211,21.44784927368164,11909000
2020-04-29,25.100000381469727,25.469999313354492,25.020000457763672,25.43000030517578,22.575279235839844,12443500
2020-04-30,24.239999771118164,24.299999237060547,23.600000381469727,23.799999237060547,21.128263473510742,18558100
2020-05-01,22.920000076293945,23.209999084472656,22.6299991607666,22.829999923706055,20.26715087890625,13474900
2020-05-04,22.68000030517578,23.360000610351562,22.530000686645508,23.25,20.64000129699707,14212700
2020-05-05,24.420000076293945,24.729999542236328,23.799999237060547,23.8700008392334,21.190404891967773,13556300
2020-05-06,24.149999618530273,24.209999084472656,23.520000457763672,23.579999923706055,20.932958602905273,11111900
2020-05-07,24.350000381469727,24.59000015258789,23.950000762939453,24.059999465942383,21.359073638916016,10125600
2020-05-08,24.030000686645508,24.059999465942383,23.709999084472656,24.030000686645508,21.906044006347656,8177100
2020-05-11,23.56999969482422,23.719999313354492,23.389999389648438,23.5,21.422887802124023,6961700
2020-05-12,23.729999542236328,23.829999923706055,23.059999465942383,23.059999465942383,21.021778106689453,10151300
2020-05-13,23.09000015258789,23.15999984741211,22.1200008392334,22.229999542236328,20.265140533447266,10590400
2020-05-14,21.75,22.290000915527344,21.200000762939453,22.139999389648438,20.183094024658203,10762400
2020-05-15,21.790000915527344,22.260000228881836,21.6200008392334,21.81999969482422,19.891380310058594,11161100
2020-05-18,23.309999465942383,23.8799991607666,23.290000915527344,23.510000228881836,21.432003021240234,16729400
2020-05-19,23.700000762939453,23.700000762939453,22.90999984741211,22.90999984741211,20.88503646850586,14223600
2020-05-20,23.549999237060547,23.709999084472656,23.34000015258789,23.6200008392334,21.53228187561035,10497600
2020-05-21,23.729999542236328,23.920000076293945,23.110000610351562,23.3799991607666,21.313495635986328,10641700
2020-05-22,22.979999542236328,23.030000686645508,22.559999465942383,22.979999542236328,20.948848724365234,7943300
2020-05-26,23.350000381469727,23.440000534057617,23.149999618530273,23.260000228881836,21.2041015625,10086800
2020-05-27,24.100000381469727,24.18000030517578,23.479999542236328,23.93000030517578,21.81488037109375,9544500
2020-05-28,23.799999237060547,23.81999969482422,23.209999084472656,23.260000228881836,21.2041015625,8673900
2020-05-29,22.860000610351562,23.239999771118164,22.719999313354492,23.139999389648438,21.094707489013672,10202400
2020-06-01,23.149999618530273,23.90999984741211,23.010000228881836,23.84000015258789,21.732833862304688,10749700
2020-06-02,24.719999313354492,24.989999771118164,24.610000610351562,24.950000762939453,22.74472427368164,13095800
2020-06-03,25.670000076293945,26.0,25.549999237060547,25.899999618530273,23.610755920410156,12323500
2020-06-04,25.6299991607666,25.84000015258789,25.25,25.690000534057617,23.419315338134766,8651800
2020-06-05,27.25,27.940000534057617,27.25,27.709999084472656,25.260772705078125,18396600
2020-06-08,28.450000762939453,28.56999969482422,27.860000610351562,28.3799991607666,25.87155532836914,13501700
2020-06-09,27.540000915527344,27.600000381469727,27.040000915527344,27.34000015258789,24.923479080200195,11900500
2020-06-10,26.889999389648438,26.989999771118164,26.280000686645508,26.3799991607666,24.048330307006836,9728700
2020-06-11,25.079999923706055,25.389999389648438,24.030000686645508,24.06999969482422,21.9425048828125,14777900
2020-06-12,25.0,25.25,24.209999084472656,24.75,22.562402725219727,11725100
2020-06-15,23.469999313354492,24.59000015258789,23.229999542236328,24.360000610351562,22.206872940063477,12731300
2020-06-16,24.959999084472656,25.209999084472656,24.209999084472656,24.549999237060547,22.38007926940918,14347700
2020-06-17,24.399999618530273,24.469999313354492,23.700000762939453,23.700000762939453,21.605209350585938,12144200
2020-06-18,23.440000534057617,23.829999923706055,23.270000457763672,23.690000534057617,21.59609603881836,8845500
2020-06-19,24.209999084472656,24.260000228881836,23.559999465942383,23.670000076293945,21.577861785888672,10187300
2020-06-22,23.700000762939453,24.0,23.579999923706055,23.8700008392334,21.760183334350586,8944100
2020-06-23,24.43000030517578,24.469999313354492,24.110000610351562,24.170000076293945,22.03366470336914,9041700
2020-06-24,23.760000228881836,23.760000228881836,23.010000228881836,23.139999389648438,21.094707489013672,9409500
2020-06-25,22.979999542236328,23.5,22.8700008392334,23.5,21.422887802124023,7767700
2020-06-26,23.3799991607666,23.420000076293945,22.65999984741211,22.760000228881836,20.748294830322266,9168300
2020-06-29,23.31999969482422,23.649999618530273,23.139999389648438,23.479999542236328,21.40465545654297,10671100
2020-06-30,22.969999313354492,23.40999984741211,22.719999313354492,23.31999969482422,21.2587947845459,10279700
2020-07-01,23.329999923706055,23.639999389648438,23.18000030517578,23.209999084472656,21.158517837524414,7641100
2020-07-02,23.639999389648438,23.860000610351562,23.280000686645508,23.40999984741211,21.34084129333496,6507000
2020-07-06,23.670000076293945,23.93000030517578,23.440000534057617,23.639999389648438,21.55051040649414,7313000
2020-07-07,23.440000534057617,23.489999771118164,23.010000228881836,23.020000457763672,20.985315322875977,6379300
2020-07-08,23.020000457763672,23.3700008392334,22.899999618530273,23.15999984741211,21.112939834594727,6934100
2020-07-09,22.899999618530273,22.959999084472656,22.030000686645508,22.049999237060547,20.10104751586914,12854200
2020-07-10,22.059999465942383,22.479999542236328,22.030000686645508,22.459999084472656,20.474811553955078,12842100
2020-07-13,22.649999618530273,22.8799991607666,22.399999618530273,22.459999084472656,20.474811553955078,10344500
2020-07-14,22.510000228881836,23.309999465942383,22.420000076293945,23.280000686645508,21.222333908081055,9389700
2020-07-15,23.690000534057617,23.860000610351562,23.520000457763672,23.809999465942383,21.705488204956055,10738200
2020-07-16,23.739999771118164,24.0,23.600000381469727,23.719999313354492,21.623441696166992,8327200
2020-07-17,23.68000030517578,23.700000762939453,23.209999084472656,23.25,21.19498634338379,9034300
2020-07-20,23.229999542236328,23.420000076293945,22.93000030517578,22.940000534057617,20.912384033203125,7636200
2020-07-21,23.40999984741211,24.479999542236328,23.350000381469727,24.09000015258789,21.960737228393555,13611500
2020-07-22,23.6200008392334,23.649999618530273,23.25,23.450000762939453,21.377309799194336,8184500
2020-07-23,23.110000610351562,23.31999969482422,23.020000457763672,23.219999313354492,21.16763687133789,9070500
2020-07-24,22.979999542236328,23.270000457763672,22.90999984741211,22.93000030517578,20.903270721435547,10917900
2020-07-27,22.989999771118164,23.139999389648438,22.829999923706055,23.139999389648438,21.094707489013672,7307800
2020-07-28,22.950000762939453,23.190000534057617,22.809999465942383,22.81999969482422,20.802993774414062,10691300
2020-07-29,22.959999084472656,23.229999542236328,22.850000381469727,23.219999313354492,21.16763687133789,6652500
2020-07-30,22.799999237060547,22.899999618530273,22.229999542236328,22.440000534057617,20.45657730102539,10342400
2020-07-31,22.190000534057617,22.280000686645508,21.75,22.040000915527344,20.091934204101562,11132200
2020-08-03,21.969999313354492,22.18000030517578,21.84000015258789,22.09000015258789,20.137514114379883,11781300
2020-08-04,23.3700008392334,24.0,23.18000030517578,23.739999771118164,21.641674041748047,28004500
2020-08-05,24.510000228881836,24.530000686645508,23.790000915527344,23.950000762939453,21.833114624023438,15080000
2020-08-06,23.3799991607666,23.65999984741211,23.209999084472656,23.260000228881836,21.2041015625,12136100
2020-08-07,22.6200008392334,22.989999771118164,22.530000686645508,22.979999542236328,20.948848724365234,10627000
2020-08-10,23.329999923706055,23.5,23.25,23.5,21.422887802124023,12578500
2020-08-11,24.229999542236328,24.34000015258789,23.709999084472656,23.809999465942383,21.705488204956055,11536400
2020-08-12,24.469999313354492,24.610000610351562,24.190000534057617,24.260000228881836,22.115713119506836,10272700
2020-08-13,24.010000228881836,24.040000915527344,23.389999389648438,23.450000762939453,21.65852928161621,10192400
2020-08-14,23.059999465942383,23.239999771118164,22.84000015258789,22.989999771118164,21.233671188354492,10304000
2020-08-17,23.020000457763672,23.079999923706055,22.540000915527344,22.75,21.012006759643555,12287400
2020-08-18,22.540000915527344,22.860000610351562,22.31999969482422,22.360000610351562,20.65180015563965,12027600
2020-08-19,22.31999969482422,22.579999923706055,22.170000076293945,22.239999771118164,20.540966033935547,7528600
2020-08-20,22.0,22.09000015258789,21.850000381469727,21.959999084472656,20.282358169555664,9597300
2020-08-21,21.68000030517578,21.709999084472656,21.360000610351562,21.459999084472656,19.820554733276367,12047400
2020-08-24,21.920000076293945,22.18000030517578,21.780000686645508,21.90999984741211,20.236177444458008,13287900
2020-08-25,22.190000534057617,22.219999313354492,21.510000228881836,21.6200008392334,19.968334197998047,10788200
2020-08-26,21.5,21.59000015258789,21.31999969482422,21.3799991607666,19.74666404724121,7356600
2020-08-27,21.520000457763672,21.540000915527344,21.040000915527344,21.139999389648438,19.525001525878906,10231000
2020-08-28,21.34000015258789,21.469999313354492,21.149999618530273,21.3799991607666,19.74666404724121,7871900
2020-08-31,21.389999389648438,21.420000076293945,20.90999984741211,20.93000030517578,19.331045150756836,7775700
2020-09-01,20.90999984741211,21.149999618530273,20.690000534057617,20.770000457763672,19.18326759338379,11397700
2020-09-02,20.690000534057617,20.799999237060547,20.510000228881836,20.56999969482422,18.998544692993164,12777000
2020-09-03,20.600000381469727,21.09000015258789,20.5,20.610000610351562,19.035491943359375,13144900
2020-09-04,20.979999542236328,21.0,20.309999465942383,20.540000915527344,18.970840454101562,11604600
2020-09-08,20.3700008392334,20.469999313354492,19.959999084472656,20.149999618530273,18.610633850097656,13793400
2020-09-09,20.670000076293945,20.709999084472656,20.270000457763672,20.31999969482422,18.76764678955078,11437500
2020-09-10,20.559999465942383,20.600000381469727,19.889999389648438,19.90999984741211,18.388967514038086,13894700
2020-09-11,20.049999237060547,20.239999771118164,19.84000015258789,20.059999465942383,18.527509689331055,10331700
2020-09-14,20.1200008392334,20.1200008392334,19.799999237060547,19.84000015258789,18.324317932128906,9731200
2020-09-15,19.940000534057617,20.15999984741211,19.6299991607666,19.65999984741211,18.15806770324707,12800900
2020-09-16,19.75,20.25,19.549999237060547,19.959999084472656,18.435148239135742,14637100
2020-09-17,19.670000076293945,19.799999237060547,19.43000030517578,19.559999465942383,18.065706253051758,15839000
2020-09-18,19.229999542236328,19.309999465942383,18.8700008392334,18.8799991607666,17.437652587890625,19415800
2020-09-21,18.309999465942383,18.40999984741211,18.110000610351562,18.31999969482422,16.92043685913086,17000200
2020-09-22,18.84000015258789,18.979999542236328,18.34000015258789,18.479999542236328,17.068214416503906,10344100
2020-09-23,18.65999984741211,18.700000762939453,17.940000534057617,17.969999313354492,16.5971736907959,12163900
2020-09-24,18.15999984741211,18.15999984741211,17.709999084472656,17.93000030517578,16.560230255126953,16710500
2020-09-25,17.850000381469727,17.920000076293945,17.639999389648438,17.860000610351562,16.495580673217773,14525300
2020-09-28,18.229999542236328,18.350000381469727,18.110000610351562,18.18000030517578,16.791133880615234,14455400
2020-09-29,17.950000762939453,17.959999084472656,17.56999969482422,17.670000076293945,16.320093154907227,14968900
2020-09-30,17.719999313354492,17.799999237060547,17.350000381469727,17.459999084472656,16.126134872436523,16196100
2020-10-01,17.040000915527344,17.149999618530273,16.760000228881836,16.829999923706055,15.544264793395996,18172600
2020-10-02,16.40999984741211,16.920000076293945,16.3799991607666,16.850000381469727,15.562736511230469,20237100
2020-10-05,16.969999313354492,17.229999542236328,16.860000610351562,17.190000534057617,15.876764297485352,12696000
2020-10-06,17.40999984741211,17.559999465942383,16.8700008392334,16.93000030517578,15.636625289916992,16098800
2020-10-07,16.899999618530273,17.09000015258789,16.739999771118164,17.030000686645508,15.728986740112305,13702200
2020-10-08,17.15999984741211,17.510000228881836,17.15999984741211,17.489999771118164,16.153844833374023,14478200
2020-10-09,17.68000030517578,17.739999771118164,17.309999465942383,17.360000610351562,16.033775329589844,11540400
2020-10-12,17.200000762939453,17.280000686645508,17.059999465942383,17.239999771118164,15.922942161560059,13252600
2020-10-13,16.969999313354492,17.0,16.600000381469727,16.68000030517578,15.40572452545166,17753600
2020-10-14,16.520000457763672,16.829999923706055,16.510000228881836,16.59000015258789,15.322601318359375,13017100
2020-10-15,15.979999542236328,16.450000762939453,15.869999885559082,16.440000534057617,15.184062004089355,18613900
2020-10-16,16.18000030517578,16.43000030517578,16.030000686645508,16.25,15.008575439453125,17779500
2020-10-19,16.209999084472656,16.450000762939453,16.010000228881836,16.030000686645508,14.80538272857666,14844000
2020-10-20,16.1200008392334,16.270000457763672,16.020000457763672,16.149999618530273,14.916213989257812,14079500
2020-10-21,16.020000457763672,16.059999465942383,15.829999923706055,15.829999923706055,14.620660781860352,13462000
2020-10-22,15.619999885559082,16.1299991607666,15.59000015258789,16.100000381469727,14.870033264160156,18373500
2020-10-23,16.270000457763672,16.329999923706055,15.880000114440918,16.049999237060547,14.823853492736816,15353000
2020-10-26,16.020000457763672,16.040000915527344,15.630000114440918,15.800000190734863,14.5929536819458,19148600
2020-10-27,15.640000343322754,15.649999618530273,15.350000381469727,15.380000114440918,14.205039024353027,22195500
2020-10-28,15.0,15.300000190734863,14.850000381469727,14.899999618530273,13.76170825958252,27748600
2020-10-29,14.979999542236328,15.300000190734863,14.739999771118164,15.260000228881836,14.094206809997559,28288100
2020-10-30,15.350000381469727,15.5,15.239999771118164,15.479999542236328,14.297399520874023,22618400
2020-11-02,15.819999694824219,16.219999313354492,15.520000457763672,16.100000381469727,14.870033264160156,18342400
2020-11-03,16.549999237060547,16.579999923706055,16.100000381469727,16.18000030517578,14.943922996520996,21144500
2020-11-04,16.1299991607666,16.360000610351562,15.84000015258789,16.1299991607666,14.897741317749023,15746600
2020-11-05,15.880000114440918,16.030000686645508,15.770000457763672,15.829999923706055,14.911870956420898,14209300
2020-11-06,15.829999923706055,16.040000915527344,15.600000381469727,15.640000343322754,14.732892990112305,17539800
2020-11-09,18.479999542236328,18.75,17.979999542236328,18.079999923706055,17.031373977661133,50503300
2020-11-10,19.31999969482422,19.329999923706055,18.93000030517578,19.100000381469727,17.992216110229492,36959100
2020-11-11,19.6200008392334,19.6299991607666,18.770000457763672,18.8799991607666,17.78497314453125,23230200
2020-11-12,18.520000457763672,18.90999984741211,18.190000534057617,18.280000686645508,17.21977424621582,18017600
2020-11-13,18.440000534057617,18.860000610351562,18.40999984741211,18.799999237060547,17.709613800048828,11526100
2020-11-16,19.969999313354492,19.989999771118164,19.520000457763672,19.760000228881836,18.613935470581055,18338200
2020-11-17,19.559999465942383,20.1200008392334,19.34000015258789,20.049999237060547,18.887115478515625,17444900
2020-11-18,20.15999984741211,20.270000457763672,19.549999237060547,19.559999465942383,18.425535202026367,14930900
2020-11-19,19.260000228881836,19.600000381469727,19.149999618530273,19.530000686645508,18.397275924682617,14370100
2020-11-20,19.479999542236328,19.600000381469727,19.3700008392334,19.489999771118164,18.359594345092773,8781700
2020-11-23,20.190000534057617,20.420000076293945,20.079999923706055,20.40999984741211,19.22623634338379,13965300
2020-11-24,21.68000030517578,22.100000381469727,21.479999542236328,21.860000610351562,20.59213638305664,23651600
2020-11-25,21.489999771118164,21.600000381469727,21.15999984741211,21.40999984741211,20.168235778808594,14150600
2020-11-27,20.959999084472656,21.219999313354492,20.920000076293945,21.100000381469727,19.8762149810791,9843100
2020-11-30,20.600000381469727,20.639999389648438,19.559999465942383,19.559999465942383,18.425535202026367,19573100
2020-12-01,20.469999313354492,20.6200008392334,20.190000534057617,20.239999771118164,19.06609535217285,19097500
2020-12-02,20.739999771118164,21.440000534057617,20.670000076293945,21.06999969482422,19.84795379638672,18098900
2020-12-03,21.280000686645508,21.899999618530273,21.049999237060547,21.360000610351562,20.121135711669922,20335900
2020-12-04,22.09000015258789,22.440000534057617,22.040000915527344,22.270000457763672,20.978357315063477,18195700
2020-12-07,21.799999237060547,21.979999542236328,21.549999237060547,21.68000030517578,20.422576904296875,14184400
2020-12-08,21.690000534057617,21.989999771118164,21.639999389648438,21.790000915527344,20.52619743347168,15181200
2020-12-09,22.110000610351562,22.360000610351562,21.68000030517578,21.899999618530273,20.629817962646484,15677500
2020-12-10,22.020000457763672,22.829999923706055,21.979999542236328,22.40999984741211,21.11023712158203,17912300
2020-12-11,22.1299991607666,22.170000076293945,21.670000076293945,22.030000686645508,20.752277374267578,13760100
2020-12-14,22.139999389648438,22.329999923706055,21.329999923706055,21.360000610351562,20.121135711669922,13009800
2020-12-15,21.579999923706055,21.989999771118164,21.510000228881836,21.940000534057617,20.667495727539062,11890300
2020-12-16,21.8799991607666,22.049999237060547,21.65999984741211,21.829999923706055,20.563875198364258,12281900
2020-12-17,22.020000457763672,22.049999237060547,21.75,21.899999618530273,20.629817962646484,14900600
2020-12-18,22.0,22.020000457763672,21.6200008392334,21.739999771118164,20.479095458984375,10984900
2020-12-21,20.309999465942383,20.8700008392334,20.190000534057617,20.68000030517578,19.48057746887207,19097500
2020-12-22,20.700000762939453,20.760000228881836,20.43000030517578,20.479999542236328,19.292173385620117,10396200
2020-12-23,21.139999389648438,21.540000915527344,21.100000381469727,21.209999084472656,19.979833602905273,13739900
2020-12-24,21.290000915527344,21.329999923706055,20.84000015258789,21.059999465942383,19.838537216186523,5024000
2020-12-28,21.290000915527344,21.5,20.889999389648438,20.989999771118164,19.772594451904297,10215000
2020-12-29,21.389999389648438,21.399999618530273,20.989999771118164,21.06999969482422,19.84795379638672,13062300
2020-12-30,21.190000534057617,21.290000915527344,20.93000030517578,21.030000686645508,19.81027603149414,11662600
2020-12-31,20.760000228881836,20.93000030517578,20.5,20.520000457763672,19.32985496520996,12011100
2021-01-04,21.09000015258789,21.1299991607666,20.549999237060547,20.829999923706055,19.62187385559082,14485100
2021-01-05,21.43000030517578,22.780000686645508,21.3700008392334,22.3799991607666,21.08197593688965,25447500
2021-01-06,23.3700008392334,23.860000610351562,22.940000534057617,23.40999984741211,22.052236557006836,25221400
2021-01-07,23.719999313354492,24.149999618530273,23.5,23.90999984741211,22.523237228393555,16470700
2021-01-08,24.170000076293945,24.489999771118164,23.989999771118164,24.399999618530273,22.98481559753418,20189600
2021-01-11,23.760000228881836,24.5,23.68000030517578,24.3799991607666,22.96597671508789,12509400
2021-01-12,24.940000534057617,25.190000534057617,24.719999313354492,25.010000228881836,23.55944061279297,16990200
2021-01-13,25.110000610351562,25.1200008392334,24.6200008392334,24.780000686645508,23.3427791595459,14152800
2021-01-14,25.020000457763672,25.549999237060547,24.969999313354492,25.469999313354492,23.99275779724121,14279000
2021-01-15,24.799999237060547,24.889999389648438,24.139999389648438,24.260000228881836,22.85293960571289,24063900
2021-01-19,24.6200008392334,24.799999237060547,24.40999984741211,24.649999618530273,23.22031593322754,15885200
2021-01-20,24.770000457763672,24.899999618530273,24.479999542236328,24.809999465942383,23.37103843688965,13765900
2021-01-21,24.65999984741211,24.68000030517578,23.790000915527344,24.020000457763672,22.626861572265625,11675500
2021-01-22,23.450000762939453,23.93000030517578,23.34000015258789,23.8700008392334,22.485559463500977,15195000
2021-01-25,23.15999984741211,23.229999542236328,22.760000228881836,23.06999969482422,21.731956481933594,17207700
2021-01-26,23.280000686645508,23.459999084472656,23.0,23.030000686645508,21.694276809692383,12207100
2021-01-27,22.770000457763672,23.309999465942383,22.40999984741211,22.729999542236328,21.411678314208984,14209300
2021-01-28,22.850000381469727,23.18000030517578,22.65999984741211,22.860000610351562,21.534137725830078,11086800
2021-01-29,22.540000915527344,22.690000534057617,22.049999237060547,22.219999313354492,20.931255340576172,12194600
2021-02-01,22.290000915527344,22.3700008392334,21.829999923706055,22.209999084472656,20.921836853027344,19573400
2021-02-02,21.479999542236328,21.5,20.43000030517578,20.75,19.5465145111084,44853000
2021-02-03,20.68000030517578,21.309999465942383,20.670000076293945,21.270000457763672,20.03635597229004,25418100
2021-02-04,21.15999984741211,21.239999771118164,20.770000457763672,20.989999771118164,19.772594451904297,26715800
2021-02-05,21.0,21.15999984741211,20.700000762939453,20.809999465942383,19.603036880493164,29872200
2021-02-08,21.200000762939453,22.219999313354492,21.170000076293945,22.030000686645508,20.752277374267578,35302600
2021-02-09,21.670000076293945,21.889999389648438,21.290000915527344,21.729999542236328,20.469675064086914,19116900
2021-02-10,21.31999969482422,21.700000762939453,21.15999984741211,21.579999923706055,20.3283748626709,17641200
2021-02-11,21.34000015258789,21.469999313354492,21.209999084472656,21.3700008392334,20.130558013916016,10939200
2021-02-12,21.239999771118164,21.950000762939453,21.170000076293945,21.90999984741211,20.639236450195312,12072900
2021-02-16,23.09000015258789,23.299999237060547,22.889999389648438,23.18000030517578,21.83557891845703,18144000
2021-02-17,23.290000915527344,23.59000015258789,22.90999984741211,23.579999923706055,22.212377548217773,17490100
2021-02-18,22.860000610351562,23.010000228881836,22.440000534057617,22.459999084472656,21.443798065185547,13338600
2021-02-19,22.559999465942383,22.979999542236328,22.530000686645508,22.8700008392334,21.835248947143555,12257700
2021-02-22,22.899999618530273,23.90999984741211,22.860000610351562,23.6299991607666,22.560861587524414,16249700
2021-02-23,24.079999923706055,24.31999969482422,23.329999923706055,24.229999542236328,23.133716583251953,21295500
2021-02-24,24.639999389648438,25.440000534057617,24.520000457763672,25.299999237060547,24.155303955078125,21440900
2021-02-25,25.920000076293945,26.1299991607666,25.270000457763672,25.59000015258789,24.43218421936035,28613600
2021-02-26,24.760000228881836,24.850000381469727,24.18000030517578,24.40999984741211,23.305572509765625,22962500
2021-03-01,24.81999969482422,25.09000015258789,24.479999542236328,24.579999923706055,23.467880249023438,12169100
2021-03-02,24.6200008392334,25.079999923706055,24.59000015258789,24.770000457763672,23.64928436279297,10630400
2021-03-03,24.959999084472656,25.979999542236328,24.959999084472656,25.579999923706055,24.422636032104492,20420600
2021-03-04,25.799999237060547,26.479999542236328,25.540000915527344,26.030000686645508,24.852277755737305,21228900
2021-03-05,26.829999923706055,27.100000381469727,26.329999923706055,26.770000457763672,25.558795928955078,21166300
2021-03-08,26.329999923706055,26.709999084472656,25.959999084472656,26.540000915527344,25.339200973510742,14731100
2021-03-09,26.31999969482422,26.440000534057617,25.979999542236328,26.110000610351562,24.92865753173828,12226600
2021-03-10,26.170000076293945,26.65999984741211,26.06999969482422,26.649999618530273,25.44422149658203,12277400
2021-03-11,26.729999542236328,26.989999771118164,26.5,26.649999618530273,25.44422149658203,9835600
2021-03-12,26.75,27.030000686645508,26.719999313354492,26.959999084472656,25.740198135375977,8777400
2021-03-15,26.700000762939453,26.84000015258789,26.209999084472656,26.489999771118164,25.291461944580078,13034900
2021-03-16,26.1200008392334,26.170000076293945,25.690000534057617,26.079999923706055,24.900014877319336,10586100
2021-03-17,25.950000762939453,26.540000915527344,25.950000762939453,26.469999313354492,25.27236557006836,9737200
2021-03-18,26.290000915527344,26.450000762939453,25.34000015258789,25.40999984741211,24.26032829284668,12076800
2021-03-19,25.3799991607666,25.81999969482422,25.06999969482422,25.440000534057617,24.288970947265625,10844700
2021-03-22,25.459999084472656,25.6299991607666,25.299999237060547,25.350000381469727,24.20304298400879,11557800
2021-03-23,24.520000457763672,24.809999465942383,24.040000915527344,24.059999465942383,22.971406936645508,16836400
2021-03-24,24.420000076293945,25.049999237060547,24.420000076293945,24.75,23.63018798828125,19087200
2021-03-25,24.209999084472656,24.600000381469727,23.889999389648438,24.56999969482422,23.458332061767578,13726800
2021-03-26,25.149999618530273,25.239999771118164,24.940000534057617,25.229999542236328,24.088472366333008,13100100
2021-03-29,24.93000030517578,25.280000686645508,24.81999969482422,25.18000030517578,24.040735244750977,11019200
2021-03-30,24.84000015258789,25.020000457763672,24.700000762939453,24.8799991607666,23.754308700561523,7130200
2021-03-31,24.610000610351562,24.68000030517578,24.309999465942383,24.350000381469727,23.248287200927734,10283200
2021-04-01,24.469999313354492,24.610000610351562,24.100000381469727,24.579999923706055,23.467880249023438,14540500
2021-04-05,24.579999923706055,24.709999084472656,24.100000381469727,24.260000228881836,23.1623592376709,19634400
2021-04-06,24.889999389648438,25.530000686645508,24.809999465942383,25.100000381469727,23.964353561401367,24553400
2021-04-07,25.200000762939453,25.56999969482422,25.149999618530273,25.3700008392334,24.222137451171875,15516900
2021-04-08,24.940000534057617,24.940000534057617,24.479999542236328,24.719999313354492,23.601547241210938,19213800
2021-04-09,24.579999923706055,24.770000457763672,24.31999969482422,24.389999389648438,23.286476135253906,14609800
2021-04-12,24.670000076293945,24.93000030517578,24.479999542236328,24.6200008392334,23.506072998046875,20539600
2021-04-13,24.700000762939453,24.799999237060547,24.540000915527344,24.6200008392334,23.506072998046875,15819900
2021-04-14,24.940000534057617,25.770000457763672,24.899999618530273,25.540000915527344,24.38444709777832,22882400
2021-04-15,25.350000381469727,25.440000534057617,25.100000381469727,25.200000762939453,24.059829711914062,12977200
2021-04-16,25.3799991607666,25.459999084472656,25.040000915527344,25.18000030517578,24.040735244750977,10707500
2021-04-19,25.459999084472656,25.6299991607666,25.190000534057617,25.309999465942383,24.164852142333984,10967200
2021-04-20,25.149999618530273,25.149999618530273,24.399999618530273,24.780000686645508,23.658832550048828,19407600
2021-04-21,24.56999969482422,25.010000228881836,24.489999771118164,24.959999084472656,23.8306884765625,14763100
2021-04-22,24.729999542236328,24.780000686645508,24.309999465942383,24.34000015258789,23.238739013671875,14872800
2021-04-23,24.350000381469727,24.549999237060547,24.229999542236328,24.520000457763672,23.410594940185547,12323700
2021-04-26,24.670000076293945,24.959999084472656,24.649999618530273,24.920000076293945,23.792497634887695,14850900
2021-04-27,25.139999389648438,25.309999465942383,24.729999542236328,24.940000534057617,23.81159210205078,16564200
2021-04-28,25.299999237060547,25.729999542236328,25.290000915527344,25.639999389648438,24.479921340942383,18853100
2021-04-29,25.829999923706055,25.950000762939453,25.299999237060547,25.5,24.346256256103516,11644600
2021-04-30,25.450000762939453,25.6200008392334,25.15999984741211,25.15999984741211,24.02164077758789,8501900
2021-05-03,25.469999313354492,25.729999542236328,25.31999969482422,25.690000534057617,24.527660369873047,8035900
2021-05-04,26.0,26.139999389648438,25.65999984741211,25.920000076293945,24.747255325317383,13943400
2021-05-05,26.229999542236328,26.780000686645508,26.110000610351562,26.780000686645508,25.568342208862305,19475900
2021-05-06,26.290000915527344,26.530000686645508,25.920000076293945,26.5,25.602157592773438,11450100
2021-05-07,26.030000686645508,26.75,25.93000030517578,26.729999542236328,25.824363708496094,11713500
2021-05-10,26.989999771118164,27.200000762939453,26.600000381469727,26.6200008392334,25.718090057373047,11723900
2021-05-11,26.079999923706055,26.450000762939453,25.940000534057617,25.969999313354492,25.090110778808594,14524700
2021-05-12,26.350000381469727,26.860000610351562,26.100000381469727,26.190000534057617,25.30265998840332,13957900
2021-05-13,25.889999389648438,26.270000457763672,25.559999465942383,25.889999389648438,25.012821197509766,13309600
2021-05-14,26.309999465942383,26.729999542236328,26.299999237060547,26.649999618530273,25.747074127197266,15699600
2021-05-17,26.479999542236328,27.079999923706055,26.479999542236328,27.079999923706055,26.162504196166992,11436500
2021-05-18,27.350000381469727,27.469999313354492,26.729999542236328,26.860000610351562,25.949960708618164,17890500
2021-05-19,26.3799991607666,26.489999771118164,26.0,26.18000030517578,25.292997360229492,16020700
2021-05-20,26.350000381469727,26.56999969482422,26.18000030517578,26.520000457763672,25.62148094177246,12517700
2021-05-21,26.639999389648438,26.809999465942383,26.469999313354492,26.520000457763672,25.62148094177246,9388900
2021-05-24,26.690000534057617,27.079999923706055,26.5,27.020000457763672,26.104537963867188,11078400
2021-05-25,26.860000610351562,26.899999618530273,26.239999771118164,26.280000686645508,25.389610290527344,12534900
2021-05-26,26.31999969482422,26.459999084472656,26.200000762939453,26.309999465942383,25.41859245300293,9430300
2021-05-27,26.040000915527344,26.290000915527344,26.020000457763672,26.280000686645508,25.389610290527344,18662900
2021-05-28,26.1299991607666,26.34000015258789,26.06999969482422,26.229999542236328,25.3413028717041,15650700
2021-06-01,26.770000457763672,27.079999923706055,26.75,27.020000457763672,26.104537963867188,19036800
2021-06-02,27.149999618530273,27.709999084472656,26.940000534057617,27.6299991607666,26.693870544433594,19368500
2021-06-03,27.3799991607666,27.8799991607666,27.309999465942383,27.760000228881836,26.81946563720703,13473600
2021-06-04,27.6200008392334,27.729999542236328,27.190000534057617,27.440000534057617,26.51030921936035,13349100
2021-06-07,27.43000030517578,27.549999237060547,27.229999542236328,27.260000228881836,26.33640480041504,9083900
2021-06-08,27.06999969482422,27.889999389648438,26.940000534057617,27.729999542236328,26.790481567382812,16476300
2021-06-09,27.780000686645508,27.93000030517578,27.56999969482422,27.59000015258789,26.655223846435547,11880500
2021-06-10,27.899999618530273,28.06999969482422,27.3799991607666,27.510000228881836,26.57793617248535,8183700
2021-06-11,27.729999542236328,27.93000030517578,27.479999542236328,27.540000915527344,26.60692024230957,9107700
2021-06-14,27.8799991607666,28.489999771118164,27.860000610351562,28.040000915527344,27.089981079101562,12362200
2021-06-15,27.950000762939453,28.469999313354492,27.950000762939453,28.3799991607666,27.418458938598633,10116200
2021-06-16,28.290000915527344,28.31999969482422,27.780000686645508,27.93000030517578,26.983707427978516,9203900
2021-06-17,27.809999465942383,27.93000030517578,26.829999923706055,27.18000030517578,26.259117126464844,13052100
2021-06-18,26.309999465942383,26.639999389648438,26.079999923706055,26.100000381469727,25.215707778930664,15720200
2021-06-21,26.360000610351562,26.969999313354492,26.360000610351562,26.940000534057617,26.027250289916992,10679800
2021-06-22,27.110000610351562,27.280000686645508,26.850000381469727,27.149999618530273,26.230133056640625,6998200
2021-06-23,27.690000534057617,27.84000015258789,27.18000030517578,27.229999542236328,26.307422637939453,9445500
2021-06-24,27.31999969482422,27.399999618530273,27.149999618530273,27.31999969482422,26.394372940063477,9270600
2021-06-25,27.479999542236328,27.56999969482422,27.270000457763672,27.31999969482422,26.394372940063477,7337500
2021-06-28,26.959999084472656,26.979999542236328,26.3700008392334,26.459999084472656,25.563508987426758,13491100
2021-06-29,26.549999237060547,26.700000762939453,26.270000457763672,26.270000457763672,25.37994956970215,7186500
2021-06-30,26.299999237060547,26.59000015258789,26.280000686645508,26.420000076293945,25.52486801147461,6730300
2021-07-01,27.1200008392334,27.229999542236328,26.8799991607666,27.079999923706055,26.162504196166992,9532900
2021-07-02,26.959999084472656,27.049999237060547,26.709999084472656,26.979999542236328,26.065893173217773,5748800
2021-07-06,26.899999618530273,26.920000076293945,25.729999542236328,25.969999313354492,25.090110778808594,17917900
2021-07-07,25.780000686645508,26.1200008392334,25.469999313354492,25.729999542236328,24.858245849609375,13309100
2021-07-08,25.229999542236328,25.790000915527344,25.200000762939453,25.579999923706055,24.713327407836914,10075500
2021-07-09,25.84000015258789,26.100000381469727,25.690000534057617,26.010000228881836,25.128759384155273,7059700
2021-07-12,25.770000457763672,26.149999618530273,25.579999923706055,25.8799991607666,25.003162384033203,6634400
2021-07-13,25.829999923706055,25.920000076293945,25.540000915527344,25.579999923706055,24.713327407836914,7422500
2021-07-14,25.860000610351562,26.040000915527344,25.18000030517578,25.229999542236328,24.375185012817383,11657500
2021-07-15,24.729999542236328,25.0,24.600000381469727,24.649999618530273,23.814836502075195,9777300
2021-07-16,24.829999923706055,24.8799991607666,23.780000686645508,23.8700008392334,23.061264038085938,18520800
2021-07-19,23.299999237060547,23.469999313354492,22.81999969482422,23.09000015258789,22.30769157409668,27087200
2021-07-20,22.829999923706055,23.229999542236328,22.639999389648438,23.110000610351562,22.32701301574707,24185500
2021-07-21,23.68000030517578,24.1200008392334,23.649999618530273,23.90999984741211,23.09990692138672,12075300
2021-07-22,23.90999984741211,23.90999984741211,23.469999313354492,23.6299991607666,22.82939338684082,8891300
2021-07-23,23.790000915527344,23.8700008392334,23.399999618530273,23.540000915527344,22.74244499206543,8833300
2021-07-26,23.8799991607666,24.420000076293945,23.850000381469727,24.329999923706055,23.50567626953125,10081000
2021-07-27,24.170000076293945,24.399999618530273,24.020000457763672,24.25,23.428388595581055,8707500
2021-07-28,24.25,24.520000457763672,24.18000030517578,24.399999618530273,23.573305130004883,7767200
2021-07-29,25.100000381469727,25.18000030517578,24.6200008392334,24.6299991607666,23.795513153076172,10361500
2021-07-30,24.350000381469727,24.43000030517578,24.059999465942383,24.18000030517578,23.360759735107422,11427600
2021-08-02,24.299999237060547,24.739999771118164,24.040000915527344,24.079999923706055,23.26414680480957,14522700
2021-08-03,25.260000228881836,25.780000686645508,24.829999923706055,25.690000534057617,24.819599151611328,23114200
2021-08-04,25.3799991607666,25.549999237060547,24.989999771118164,25.059999465942383,24.21094512939453,12701900
2021-08-05,25.440000534057617,25.6299991607666,25.25,25.34000015258789,24.481456756591797,9580700
2021-08-06,25.600000381469727,25.690000534057617,25.3700008392334,25.559999465942383,24.69400405883789,9165500
2021-08-09,25.3700008392334,25.510000228881836,25.239999771118164,25.280000686645508,24.423490524291992,9423500
2021-08-10,25.3799991607666,25.899999618530273,25.3700008392334,25.8799991607666,25.003162384033203,8632100
2021-08-11,25.829999923706055,26.100000381469727,25.670000076293945,26.06999969482422,25.186725616455078,8525800
2021-08-12,25.68000030517578,25.75,25.399999618530273,25.670000076293945,25.115886688232422,8873600
2021-08-13,25.420000076293945,25.540000915527344,25.209999084472656,25.219999313354492,24.675600051879883,6447700
2021-08-16,24.84000015258789,24.860000610351562,24.540000915527344,24.729999542236328,24.196176528930664,8491300
2021-08-17,24.700000762939453,25.18000030517578,24.56999969482422,24.770000457763672,24.235313415527344,7944700
2021-08-18,25.010000228881836,25.09000015258789,24.34000015258789,24.350000381469727,23.824382781982422,15179400
2021-08-19,23.850000381469727,23.93000030517578,23.389999389648438,23.559999465942383,23.051433563232422,18868700
2021-08-20,23.489999771118164,23.65999984741211,23.389999389648438,23.639999389648438,23.12970542907715,14979700
2021-08-23,24.200000762939453,24.510000228881836,24.18000030517578,24.389999389648438,23.863515853881836,11174300
2021-08-24,24.479999542236328,24.760000228881836,24.450000762939453,24.649999618530273,24.117904663085938,7890700
2021-08-25,24.549999237060547,24.709999084472656,24.440000534057617,24.6299991607666,24.09833526611328,6661300
2021-08-26,24.59000015258789,24.700000762939453,24.290000915527344,24.299999237060547,23.77545928955078,6231100
2021-08-27,24.59000015258789,25.079999923706055,24.56999969482422,24.940000534057617,24.40164566040039,9064400
2021-08-30,24.950000762939453,25.0,24.600000381469727,24.700000762939453,24.166826248168945,7539100
2021-08-31,24.6200008392334,24.780000686645508,24.440000534057617,24.459999084472656,23.9320068359375,8727900
2021-09-01,24.579999923706055,24.68000030517578,24.260000228881836,24.309999465942383,23.78524398803711,8882800
2021-09-02,24.6200008392334,25.030000686645508,24.579999923706055,24.84000015258789,24.303802490234375,8054000
2021-09-03,24.780000686645508,24.93000030517578,24.6200008392334,24.780000686645508,24.245100021362305,6735400
2021-09-07,24.639999389648438,24.959999084472656,24.540000915527344,24.59000015258789,24.059200286865234,6993200
2021-09-08,24.899999618530273,25.0,24.399999618530273,24.420000076293945,23.89286994934082,8838400
2021-09-09,24.260000228881836,24.549999237060547,24.170000076293945,24.309999465942383,23.78524398803711,9199200
2021-09-10,24.700000762939453,24.770000457763672,24.469999313354492,24.5,23.97114372253418,7679100
2021-09-13,24.790000915527344,25.18000030517578,24.790000915527344,25.040000915527344,24.499486923217773,10036400
2021-09-14,25.399999618530273,25.399999618530273,24.579999923706055,24.649999618530273,24.117904663085938,9315500
2021-09-15,25.3799991607666,25.860000610351562,25.360000610351562,25.770000457763672,25.213729858398438,15378600
2021-09-16,25.729999542236328,25.75,25.229999542236328,25.34000015258789,24.793010711669922,10188100
2021-09-17,25.420000076293945,25.469999313354492,24.959999084472656,25.239999771118164,24.69516944885254,13286500
2021-09-20,24.940000534057617,25.079999923706055,24.530000686645508,24.829999923706055,24.29401969909668,12748300
2021-09-21,25.469999313354492,25.530000686645508,25.079999923706055,25.229999542236328,24.68538475036621,12694800
2021-09-22,25.920000076293945,26.100000381469727,25.649999618530273,25.649999618530273,25.0963191986084,12788000
2021-09-23,25.780000686645508,26.25,25.649999618530273,26.15999984741211,25.595308303833008,10291200
2021-09-24,25.959999084472656,26.31999969482422,25.899999618530273,26.239999771118164,25.673582077026367,8346600
2021-09-27,26.90999984741211,27.239999771118164,26.899999618530273,27.079999923706055,26.495450973510742,15171200
2021-09-28,27.860000610351562,27.889999389648438,27.18000030517578,27.239999771118164,26.65199851989746,19706400
2021-09-29,27.030000686645508,27.280000686645508,26.719999313354492,27.110000610351562,26.524803161621094,10912500
2021-09-30,27.329999923706055,27.549999237060547,27.040000915527344,27.329999923706055,26.740053176879883,14574000
2021-10-01,27.40999984741211,27.739999771118164,27.309999465942383,27.600000381469727,27.004226684570312,10620200
2021-10-04,27.969999313354492,28.43000030517578,27.889999389648438,28.010000228881836,27.405376434326172,15151700
2021-10-05,28.399999618530273,28.780000686645508,28.18000030517578,28.420000076293945,27.80652618408203,14724200
2021-10-06,27.979999542236328,28.149999618530273,27.65999984741211,28.110000610351562,27.503217697143555,20228000
2021-10-07,27.969999313354492,28.329999923706055,27.84000015258789,28.229999542236328,27.62062644958496,11055400
2021-10-08,28.700000762939453,29.0,28.670000076293945,28.8700008392334,28.24681282043457,12630400
2021-10-11,29.399999618530273,29.549999237060547,29.049999237060547,29.100000381469727,28.471847534179688,11035000
2021-10-12,29.020000457763672,29.290000915527344,28.790000915527344,29.100000381469727,28.471847534179688,13346800
2021-10-13,28.739999771118164,29.31999969482422,28.579999923706055,29.190000534057617,28.559906005859375,9066600
2021-10-14,29.600000381469727,29.670000076293945,29.360000610351562,29.450000762939453,28.814292907714844,9777500
2021-10-15,29.969999313354492,30.110000610351562,29.860000610351562,29.93000030517578,29.283931732177734,11813100
2021-10-18,29.950000762939453,29.969999313354492,29.600000381469727,29.709999084472656,29.068679809570312,9172500
2021-10-19,29.920000076293945,30.020000457763672,29.780000686645508,29.860000610351562,29.215442657470703,6069400
2021-10-20,29.780000686645508,30.290000915527344,29.65999984741211,30.1299991607666,29.4796142578125,6858900
2021-10-21,29.889999389648438,29.989999771118164,29.280000686645508,29.440000534057617,28.804508209228516,9281900
2021-10-22,29.440000534057617,29.59000015258789,29.170000076293945,29.510000228881836,28.872997283935547,8098900
2021-10-25,29.850000381469727,29.940000534057617,29.56999969482422,29.709999084472656,29.068679809570312,6590800
2021-10-26,29.799999237060547,29.81999969482422,29.43000030517578,29.639999389648438,29.00019073486328,7329400
2021-10-27,29.260000228881836,29.739999771118164,29.18000030517578,29.25,28.618608474731445,10507000
2021-10-28,29.1200008392334,29.270000457763672,28.8799991607666,29.219999313354492,28.589256286621094,8716700
2021-10-29,28.979999542236328,29.1200008392334,28.6299991607666,28.790000915527344,28.16853904724121,11075700
2021-11-01,29.190000534057617,29.3799991607666,29.059999465942383,29.280000686645508,28.64796257019043,10519900
2021-11-02,28.3700008392334,28.420000076293945,27.920000076293945,27.940000534057617,27.33688735961914,18798700
2021-11-03,27.469999313354492,27.549999237060547,27.219999313354492,27.260000228881836,26.671566009521484,16392200
2021-11-04,27.649999618530273,27.84000015258789,27.170000076293945,27.309999465942383,26.72048568725586,12463800
2021-11-05,27.93000030517578,27.950000762939453,27.56999969482422,27.850000381469727,27.248828887939453,8295300
2021-11-08,28.059999465942383,28.299999237060547,27.84000015258789,28.020000457763672,27.4151611328125,8086700
2021-11-09,28.139999389648438,28.219999313354492,27.719999313354492,28.200000762939453,27.59127426147461,7522700
2021-11-10,28.0,28.09000015258789,27.280000686645508,27.420000076293945,27.143436431884766,8165000
2021-11-11,27.59000015258789,27.860000610351562,27.3799991607666,27.40999984741211,27.13353729248047,6749100
2021-11-12,27.34000015258789,27.540000915527344,27.270000457763672,27.3799991607666,27.103839874267578,6929500
2021-11-15,27.440000534057617,27.649999618530273,27.079999923706055,27.549999237060547,27.272125244140625,7681100
2021-11-16,27.959999084472656,28.010000228881836,27.6299991607666,27.670000076293945,27.390914916992188,7109500
2021-11-17,27.56999969482422,27.8700008392334,27.3799991607666,27.43000030517578,27.153335571289062,5335100
2021-11-18,27.040000915527344,27.329999923706055,26.90999984741211,27.290000915527344,27.01474952697754,9157300
2021-11-19,26.3700008392334,26.510000228881836,26.100000381469727,26.229999542236328,25.965438842773438,12258700
2021-11-22,26.25,26.940000534057617,26.219999313354492,26.65999984741211,26.391101837158203,10026500
2021-11-23,27.059999465942383,27.510000228881836,27.059999465942383,27.459999084472656,27.183032989501953,9979100
2021-11-24,27.260000228881836,27.700000762939453,27.25,27.649999618530273,27.371116638183594,7204900
2021-11-26,25.770000457763672,25.989999771118164,25.459999084472656,25.959999084472656,25.698162078857422,16770400
2021-11-29,26.489999771118164,26.690000534057617,26.149999618530273,26.18000030517578,25.915945053100586,10096600
2021-11-30,26.06999969482422,26.270000457763672,25.709999084472656,25.959999084472656,25.698162078857422,13760200
2021-12-01,26.6200008392334,26.760000228881836,25.719999313354492,25.739999771118164,25.48038101196289,9829500
2021-12-02,26.450000762939453,27.18000030517578,26.280000686645508,27.059999465942383,26.787067413330078,15192600
2021-12-03,27.440000534057617,27.459999084472656,26.760000228881836,26.90999984741211,26.638580322265625,10792200
2021-12-06,27.649999618530273,27.700000762939453,27.299999237060547,27.329999923706055,27.054344177246094,10104700
2021-12-07,27.65999984741211,27.90999984741211,27.459999084472656,27.540000915527344,27.26222801208496,9051800
2021-12-08,27.649999618530273,27.799999237060547,27.459999084472656,27.5,27.22262954711914,7878100
2021-12-09,27.149999618530273,27.25,26.90999984741211,27.15999984741211,26.886058807373047,9527400
2021-12-10,27.420000076293945,27.450000762939453,27.1200008392334,27.40999984741211,27.13353729248047,8256600
2021-12-13,26.8799991607666,26.969999313354492,26.549999237060547,26.59000015258789,26.321807861328125,8849000
2021-12-14,26.489999771118164,26.920000076293945,26.469999313354492,26.549999237060547,26.282211303710938,8619800
2021-12-15,26.510000228881836,26.700000762939453,26.059999465942383,26.6200008392334,26.35150718688965,9290800
2021-12-16,26.8799991607666,27.139999389648438,26.700000762939453,26.729999542236328,26.46039581298828,10366100
2021-12-17,26.739999771118164,26.739999771118164,26.299999237060547,26.299999237060547,26.034732818603516,11410000
2021-12-20,25.84000015258789,25.860000610351562,25.329999923706055,25.649999618530273,25.39128875732422,28787900
2021-12-21,26.040000915527344,26.530000686645508,26.030000686645508,26.43000030517578,26.163423538208008,14712800
2021-12-22,26.600000381469727,26.84000015258789,26.350000381469727,26.770000457763672,26.4999942779541,10692100
2021-12-23,27.170000076293945,27.450000762939453,26.940000534057617,26.969999313354492,26.697975158691406,10719400
2021-12-27,26.790000915527344,27.15999984741211,26.479999542236328,27.139999389648438,26.866260528564453,8460600
2021-12-28,27.15999984741211,27.309999465942383,26.899999618530273,27.06999969482422,26.796966552734375,8450300
2021-12-29,27.110000610351562,27.270000457763672,26.950000762939453,26.989999771118164,26.7177734375,10909100
2021-12-30,27.079999923706055,27.200000762939453,26.68000030517578,26.690000534057617,26.420801162719727,9713800
2021-12-31,26.549999237060547,26.739999771118164,26.510000228881836,26.6299991607666,26.361404418945312,6484100
2022-01-03,26.690000534057617,27.479999542236328,26.649999618530273,27.3700008392334,27.093942642211914,9785600
2022-01-04,28.1299991607666,28.700000762939453,28.110000610351562,28.549999237060547,28.262039184570312,15444300
2022-01-05,28.93000030517578,29.06999969482422,28.360000610351562,28.3700008392334,28.0838565826416,13507900
2022-01-06,29.020000457763672,29.1200008392334,28.59000015258789,28.809999465942383,28.51941680908203,13366900
2022-01-07,29.270000457763672,29.700000762939453,29.079999923706055,29.670000076293945,29.370742797851562,16171800
2022-01-10,29.860000610351562,29.959999084472656,29.3799991607666,29.559999465942383,29.261852264404297,10207300
2022-01-11,29.799999237060547,30.59000015258789,29.670000076293945,30.540000915527344,30.231969833374023,14559100
2022-01-12,31.1299991607666,31.399999618530273,31.049999237060547,31.190000534057617,30.875411987304688,19244700
2022-01-13,31.399999618530273,31.600000381469727,31.15999984741211,31.219999313354492,30.905109405517578,14885600
2022-01-14,31.6299991607666,32.06999969482422,31.59000015258789,32.040000915527344,31.716838836669922,19625900
2022-01-18,32.400001525878906,32.560001373291016,31.899999618530273,32.380001068115234,32.053409576416016,16067600
2022-01-19,32.5099983215332,32.63999938964844,31.739999771118164,32.099998474121094,31.77623176574707,14456700
2022-01-20,31.530000686645508,31.969999313354492,31.329999923706055,31.360000610351562,31.043697357177734,12563100
2022-01-21,30.850000381469727,31.079999923706055,30.549999237060547,30.709999084472656,30.400253295898438,17472600
2022-01-24,29.399999618530273,29.989999771118164,28.889999389648438,29.979999542236328,29.677616119384766,20993700
2022-01-25,30.25,31.479999542236328,29.850000381469727,31.399999618530273,31.083293914794922,17655000
2022-01-26,32.0099983215332,32.130001068115234,31.239999771118164,31.5,31.18228530883789,16620000
2022-01-27,32.02000045776367,32.150001525878906,31.139999389648438,31.530000686645508,31.21198272705078,14698700
2022-01-28,31.049999237060547,31.350000381469727,30.649999618530273,31.06999969482422,30.756622314453125,14609200
2022-01-31,31.1200008392334,31.139999389648438,30.75,30.920000076293945,30.608135223388672,10179000
2022-02-01,31.200000762939453,31.889999389648438,31.06999969482422,31.760000228881836,31.43966293334961,15409100
2022-02-02,31.799999237060547,32.029998779296875,31.6200008392334,31.959999084472656,31.637645721435547,11775200
2022-02-03,32.06999969482422,32.34000015258789,31.68000030517578,32.150001525878906,31.82573127746582,13173100
2022-02-04,32.720001220703125,33.189998626708984,32.689998626708984,32.880001068115234,32.54836654663086,16951100
2022-02-07,32.689998626708984,33.59000015258789,32.560001373291016,33.34000015258789,33.003726959228516,15654900
2022-02-08,33.459999084472656,33.560001373291016,32.279998779296875,32.810001373291016,32.47907257080078,19711100
2022-02-09,33.279998779296875,33.70000076293945,32.91999816894531,32.9900016784668,32.657257080078125,17658600
2022-02-10,33.0,33.619998931884766,32.93000030517578,33.060001373291016,32.7265510559082,13024300
2022-02-11,33.56999969482422,34.15999984741211,33.150001525878906,33.22999954223633,32.89483642578125,29645900
2022-02-14,33.130001068115234,33.15999984741211,32.15999984741211,32.45000076293945,32.122703552246094,20608500
2022-02-15,31.989999771118164,32.29999923706055,31.459999084472656,32.15999984741211,31.835628509521484,19787000
2022-02-16,32.470001220703125,33.0,32.41999816894531,32.47999954223633,32.152400970458984,15300500
2022-02-17,32.47999954223633,32.59000015258789,32.0,32.290000915527344,32.290000915527344,12509600
2022-02-18,32.09000015258789,32.15999984741211,31.6200008392334,31.770000457763672,31.770000457763672,11377300
2022-02-22,31.770000457763672,31.8799991607666,30.809999465942383,31.059999465942383,31.059999465942383,16344100
2022-02-23,31.209999084472656,31.399999618530273,31.010000228881836,31.1299991607666,31.1299991607666,11924500
2022-02-24,29.770000457763672,30.010000228881836,28.510000228881836,29.170000076293945,29.170000076293945,39965300
2022-02-25,30.059999465942383,30.75,29.950000762939453,30.729999542236328,30.729999542236328,22371600
2022-02-28,28.530000686645508,29.350000381469727,28.31999969482422,29.209999084472656,29.209999084472656,37847800
2022-03-01,28.780000686645508,29.329999923706055,28.18000030517578,28.489999771118164,28.489999771118164,24860000
2022-03-02,29.81999969482422,30.329999923706055,29.670000076293945,30.110000610351562,30.110000610351562,28593500
2022-03-03,29.18000030517578,29.479999542236328,28.6299991607666,28.739999771118164,28.739999771118164,18735700
2022-03-04,28.020000457763672,28.190000534057617,27.559999465942383,28.010000228881836,28.010000228881836,22937200
2022-03-07,28.3700008392334,28.729999542236328,27.969999313354492,28.5,28.5,26330200
2022-03-08,29.440000534057617,30.270000457763672,29.079999923706055,29.75,29.75,33894400
2022-03-09,29.100000381469727,29.540000915527344,28.719999313354492,29.030000686645508,29.030000686645508,24512200
2022-03-10,28.8799991607666,29.1299991607666,28.549999237060547,29.030000686645508,29.030000686645508,20436700
2022-03-11,28.3799991607666,28.760000228881836,28.200000762939453,28.270000457763672,28.270000457763672,19553800
2022-03-14,27.8799991607666,28.09000015258789,27.440000534057617,27.860000610351562,27.860000610351562,19434700
2022-03-15,27.610000610351562,28.329999923706055,27.309999465942383,28.049999237060547,28.049999237060547,15614600
2022-03-16,28.389999389648438,28.6200008392334,28.139999389648438,28.610000610351562,28.610000610351562,17662100
2022-03-17,28.969999313354492,29.229999542236328,28.809999465942383,29.040000915527344,29.040000915527344,18703900
2022-03-18,28.65999984741211,28.850000381469727,28.3700008392334,28.739999771118164,28.739999771118164,16269400
2022-03-21,29.40999984741211,29.8700008392334,29.399999618530273,29.799999237060547,29.799999237060547,13650800
2022-03-22,29.90999984741211,29.90999984741211,29.34000015258789,29.670000076293945,29.670000076293945,10811700
2022-03-23,30.5,30.959999084472656,30.389999389648438,30.760000228881836,30.760000228881836,21290000
2022-03-24,31.0,31.06999969482422,30.610000610351562,30.739999771118164,30.739999771118164,10445400
2022-03-25,30.59000015258789,31.239999771118164,30.579999923706055,31.049999237060547,31.049999237060547,16918100
2022-03-28,30.209999084472656,30.229999542236328,29.809999465942383,29.93000030517578,29.93000030517578,14869200
2022-03-29,29.25,29.670000076293945,28.979999542236328,29.610000610351562,29.610000610351562,15603500
2022-03-30,29.940000534057617,30.34000015258789,29.889999389648438,30.06999969482422,30.06999969482422,14757400
2022-03-31,29.729999542236328,29.90999984741211,29.3799991607666,29.399999618530273,29.399999618530273,13423500
2022-04-01,29.549999237060547,29.8700008392334,29.450000762939453,29.84000015258789,29.84000015258789,10204600
2022-04-04,30.0,30.040000915527344,29.6200008392334,29.790000915527344,29.790000915527344,13298000
2022-04-05,30.09000015258789,30.309999465942383,29.559999465942383,29.700000762939453,29.700000762939453,19572600
2022-04-06,30.0,30.110000610351562,29.440000534057617,29.59000015258789,29.59000015258789,12974700
2022-04-07,29.889999389648438,30.020000457763672,29.329999923706055,29.860000610351562,29.860000610351562,14060200
2022-04-08,29.920000076293945,30.56999969482422,29.920000076293945,30.469999313354492,30.469999313354492,15492700
2022-04-11,30.459999084472656,30.489999771118164,29.889999389648438,29.969999313354492,29.969999313354492,10320500
2022-04-12,30.670000076293945,31.059999465942383,30.520000457763672,30.540000915527344,30.540000915527344,10874500
2022-04-13,31.079999923706055,31.25,30.940000534057617,31.209999084472656,31.209999084472656,9507300
2022-04-14,31.229999542236328,31.420000076293945,31.079999923706055,31.290000915527344,31.290000915527344,8472500
2022-04-18,31.34000015258789,31.459999084472656,31.049999237060547,31.25,31.25,7479100
2022-04-19,31.34000015258789,31.75,31.219999313354492,31.40999984741211,31.40999984741211,9101400
2022-04-20,31.31999969482422,31.489999771118164,31.139999389648438,31.399999618530273,31.399999618530273,8730000
2022-04-21,31.6299991607666,31.739999771118164,30.709999084472656,30.809999465942383,30.809999465942383,9336700
2022-04-22,30.510000228881836,30.780000686645508,29.770000457763672,29.8799991607666,29.8799991607666,12247200
2022-04-25,28.809999465942383,28.889999389648438,27.93000030517578,28.729999542236328,28.729999542236328,18157200
2022-04-26,28.290000915527344,28.90999984741211,28.270000457763672,28.350000381469727,28.350000381469727,13884400
2022-04-27,28.459999084472656,28.770000457763672,28.229999542236328,28.600000381469727,28.600000381469727,13325300
2022-04-28,28.8700008392334,29.420000076293945,28.440000534057617,29.350000381469727,29.350000381469727,13893300
2022-04-29,29.299999237060547,29.520000457763672,28.690000534057617,28.719999313354492,28.719999313354492,15366900
2022-05-02,28.549999237060547,28.8700008392334,28.15999984741211,28.860000610351562,28.860000610351562,12851400
2022-05-03,30.299999237060547,31.299999237060547,30.239999771118164,31.18000030517578,31.18000030517578,19291500
2022-05-04,31.549999237060547,31.93000030517578,31.1200008392334,31.850000381469727,31.850000381469727,15372200
2022-05-05,31.649999618530273,31.739999771118164,30.790000915527344,31.219999313354492,31.219999313354492,16744900
2022-05-06,31.719999313354492,31.899999618530273,31.350000381469727,31.860000610351562,31.860000610351562,17155400
2022-05-09,30.860000610351562,30.8700008392334,29.600000381469727,29.68000030517578,29.68000030517578,18948100
2022-05-10,30.219999313354492,30.440000534057617,29.25,29.889999389648438,29.889999389648438,15934800
2022-05-11,30.770000457763672,31.149999618530273,30.170000076293945,30.219999313354492,30.219999313354492,15016900
2022-05-12,29.649999618530273,29.700000762939453,28.93000030517578,29.610000610351562,29.610000610351562,17077000
2022-05-13,29.989999771118164,30.6200008392334,29.979999542236328,30.489999771118164,30.489999771118164,14035100
2022-05-16,30.6200008392334,31.290000915527344,30.600000381469727,31.020000457763672,31.020000457763672,16776700
2022-05-17,31.559999465942383,31.690000534057617,31.270000457763672,31.479999542236328,31.479999542236328,10712200
2022-05-18,31.8799991607666,32.060001373291016,30.940000534057617,31.110000610351562,31.110000610351562,11209700
2022-05-19,30.549999237060547,31.389999389648438,30.549999237060547,31.030000686645508,31.030000686645508,12418400
2022-05-20,31.3700008392334,31.799999237060547,30.75,31.280000686645508,31.280000686645508,12702100
2022-05-23,32.0,32.34000015258789,31.860000610351562,32.11000061035156,32.11000061035156,12621600
2022-05-24,31.780000686645508,32.18000030517578,31.549999237060547,32.08000183105469,32.08000183105469,10519300
2022-05-25,32.13999938964844,32.439998626708984,31.959999084472656,32.369998931884766,32.369998931884766,9442200
2022-05-26,32.56999969482422,32.91999816894531,32.540000915527344,32.66999816894531,32.66999816894531,10621700
2022-05-27,32.40999984741211,32.65999984741211,32.2400016784668,32.560001373291016,32.560001373291016,8402000
2022-05-31,33.040000915527344,33.209999084472656,32.34000015258789,32.369998931884766,32.369998931884766,13369100
2022-06-01,32.720001220703125,32.849998474121094,32.18000030517578,32.689998626708984,32.689998626708984,9856100
2022-06-02,32.369998931884766,32.9900016784668,32.279998779296875,32.81999969482422,32.81999969482422,7617100
2022-06-03,32.779998779296875,33.040000915527344,32.7400016784668,32.97999954223633,32.97999954223633,8163200
2022-06-06,33.20000076293945,33.369998931884766,32.9900016784668,33.099998474121094,33.099998474121094,6750800
2022-06-07,33.310001373291016,34.20000076293945,33.279998779296875,34.189998626708984,34.189998626708984,13863200
2022-06-08,33.91999816894531,34.29999923706055,33.7599983215332,34.119998931884766,34.119998931884766,9720600
2022-06-09,33.939998626708984,34.029998779296875,33.5099983215332,33.52000045776367,33.52000045776367,7967700
2022-06-10,32.5,32.65999984741211,32.15999984741211,32.459999084472656,32.459999084472656,12174600
2022-06-13,31.450000762939453,31.690000534057617,30.559999465942383,31.219999313354492,31.219999313354492,16638300
2022-06-14,31.540000915527344,31.899999618530273,30.489999771118164,30.860000610351562,30.860000610351562,11609600
2022-06-15,31.25,31.389999389648438,30.290000915527344,31.020000457763672,31.020000457763672,10857400
2022-06-16,29.760000228881836,30.010000228881836,29.450000762939453,29.579999923706055,29.579999923706055,15950300
2022-06-17,29.110000610351562,29.309999465942383,27.690000534057617,27.760000228881836,27.760000228881836,23876100
2022-06-21,29.18000030517578,29.270000457763672,28.81999969482422,29.1200008392334,29.1200008392334,13941900
2022-06-22,28.049999237060547,28.440000534057617,27.850000381469727,28.09000015258789,28.09000015258789,12525500
2022-06-23,28.260000228881836,28.260000228881836,27.059999465942383,27.360000610351562,27.360000610351562,13695400
2022-06-24,28.18000030517578,28.530000686645508,27.8799991607666,28.229999542236328,28.229999542236328,12357900
2022-06-27,28.649999618530273,29.059999465942383,28.5,28.700000762939453,28.700000762939453,10856600
2022-06-28,29.329999923706055,29.530000686645508,28.790000915527344,29.06999969482422,29.06999969482422,13488600
2022-06-29,29.600000381469727,29.719999313354492,28.709999084472656,28.770000457763672,28.770000457763672,15388700
2022-06-30,28.479999542236328,28.530000686645508,27.93000030517578,28.350000381469727,28.350000381469727,12473700
2022-07-01,27.950000762939453,28.329999923706055,27.299999237060547,28.280000686645508,28.280000686645508,11915100
2022-07-05,27.40999984741211,27.459999084472656,26.530000686645508,27.149999618530273,27.149999618530273,17328600
2022-07-06,26.8700008392334,27.18000030517578,26.030000686645508,26.719999313354492,26.719999313354492,13916900
2022-07-07,27.940000534057617,28.09000015258789,27.610000610351562,27.780000686645508,27.780000686645508,16520500
2022-07-08,28.350000381469727,28.459999084472656,27.639999389648438,27.84000015258789,27.84000015258789,11372000
2022-07-11,27.450000762939453,27.59000015258789,27.09000015258789,27.459999084472656,27.459999084472656,10139700
2022-07-12,26.709999084472656,27.020000457763672,26.559999465942383,26.8799991607666,26.8799991607666,12383500
2022-07-13,26.670000076293945,27.280000686645508,26.6299991607666,27.010000228881836,27.010000228881836,9221000
2022-07-14,25.649999618530273,26.040000915527344,25.3700008392334,26.020000457763672,26.020000457763672,14617400
2022-07-15,26.700000762939453,26.790000915527344,26.34000015258789,26.65999984741211,26.65999984741211,9124600
2022-07-18,27.799999237060547,27.950000762939453,27.219999313354492,27.329999923706055,27.329999923706055,10364700
2022-07-19,27.520000457763672,28.1200008392334,27.510000228881836,28.059999465942383,28.059999465942383,10550500
2022-07-20,28.079999923706055,28.229999542236328,27.799999237060547,28.139999389648438,28.139999389648438,9983600
2022-07-21,27.219999313354492,27.81999969482422,27.100000381469727,27.780000686645508,27.780000686645508,9413900
2022-07-22,27.610000610351562,27.8799991607666,27.31999969482422,27.549999237060547,27.549999237060547,10903500
2022-07-25,27.760000228881836,28.1200008392334,27.559999465942383,28.1200008392334,28.1200008392334,8862500
2022-07-26,28.350000381469727,28.43000030517578,27.899999618530273,28.06999969482422,28.06999969482422,8057700
2022-07-27,28.350000381469727,28.860000610351562,28.079999923706055,28.760000228881836,28.760000228881836,9767400
2022-07-28,28.489999771118164,28.579999923706055,28.020000457763672,28.469999313354492,28.469999313354492,13455800
2022-07-29,28.799999237060547,29.43000030517578,28.799999237060547,29.3799991607666,29.3799991607666,14193000
2022-08-01,29.0,29.110000610351562,28.739999771118164,29.049999237060547,29.049999237060547,13983600
2022-08-02,30.0,30.110000610351562,29.350000381469727,29.360000610351562,29.360000610351562,17030700
2022-08-03,30.209999084472656,30.260000228881836,29.600000381469727,29.690000534057617,29.690000534057617,13523800
2022-08-04,29.940000534057617,29.959999084472656,29.31999969482422,29.350000381469727,29.350000381469727,14429000
2022-08-05,29.06999969482422,29.940000534057617,29.06999969482422,29.65999984741211,29.65999984741211,12266100
2022-08-08,30.34000015258789,30.450000762939453,30.040000915527344,30.15999984741211,30.15999984741211,9676100
2022-08-09,30.700000762939453,30.8799991607666,30.469999313354492,30.56999969482422,30.56999969482422,9564900
2022-08-10,31.0,31.010000228881836,30.540000915527344,30.799999237060547,30.799999237060547,11735500
2022-08-11,31.34000015258789,31.56999969482422,31.15999984741211,31.420000076293945,31.420000076293945,11116000
2022-08-12,31.309999465942383,31.709999084472656,31.139999389648438,31.670000076293945,31.670000076293945,7814000
2022-08-15,30.440000534057617,31.0,30.280000686645508,30.959999084472656,30.959999084472656,8130900
2022-08-16,31.049999237060547,31.219999313354492,30.850000381469727,30.93000030517578,30.93000030517578,8540700
2022-08-17,31.030000686645508,31.43000030517578,30.780000686645508,31.290000915527344,31.290000915527344,9541200
2022-08-18,31.65999984741211,31.950000762939453,31.579999923706055,31.920000076293945,31.920000076293945,9264800
2022-08-19,31.829999923706055,31.93000030517578,31.469999313354492,31.510000228881836,31.510000228881836,16594600
2022-08-22,31.530000686645508,31.790000915527344,31.280000686645508,31.709999084472656,31.709999084472656,10577100
2022-08-23,32.189998626708984,32.709999084472656,32.15999984741211,32.54999923706055,32.54999923706055,10199500
2022-08-24,32.040000915527344,32.38999938964844,31.90999984741211,32.290000915527344,32.290000915527344,8896300
2022-08-25,32.650001525878906,32.810001373291016,32.5,32.66999816894531,32.66999816894531,6996800
2022-08-26,32.70000076293945,32.88999938964844,32.2400016784668,32.33000183105469,32.33000183105469,9500300
2022-08-29,31.93000030517578,32.790000915527344,31.90999984741211,32.470001220703125,32.470001220703125,7155000
2022-08-30,31.670000076293945,31.709999084472656,31.209999084472656,31.420000076293945,31.420000076293945,11848100
2022-08-31,30.209999084472656,31.18000030517578,30.1200008392334,30.84000015258789,30.84000015258789,14191900
2022-09-01,30.520000457763672,30.709999084472656,30.200000762939453,30.59000015258789,30.59000015258789,8779900
2022-09-02,31.6299991607666,31.719999313354492,31.020000457763672,31.1299991607666,31.1299991607666,12041100
2022-09-06,31.520000457763672,31.600000381469727,31.030000686645508,31.1299991607666,31.1299991607666,9529400
2022-09-07,30.489999771118164,30.700000762939453,30.200000762939453,30.670000076293945,30.670000076293945,10867700
2022-09-08,30.440000534057617,30.799999237060547,30.350000381469727,30.700000762939453,30.700000762939453,9721700
2022-09-09,31.450000762939453,31.729999542236328,31.329999923706055,31.690000534057617,31.690000534057617,8657100
2022-09-12,32.130001068115234,32.41999816894531,31.969999313354492,32.130001068115234,32.130001068115234,7723000
2022-09-13,31.729999542236328,32.15999984741211,31.6200008392334,31.770000457763672,31.770000457763672,10144600
2022-09-14,31.979999542236328,32.369998931884766,31.84000015258789,32.08000183105469,32.08000183105469,7688200
2022-09-15,31.450000762939453,31.670000076293945,31.350000381469727,31.5,31.5,9639400
2022-09-16,31.280000686645508,31.309999465942383,30.700000762939453,31.010000228881836,31.010000228881836,7943400
2022-09-19,30.350000381469727,30.93000030517578,30.290000915527344,30.899999618530273,30.899999618530273,5023100
2022-09-20,31.170000076293945,31.190000534057617,30.84000015258789,31.0,31.0,7236500
2022-09-21,31.270000457763672,31.360000610351562,30.520000457763672,30.520000457763672,30.520000457763672,7877300
2022-09-22,31.25,31.40999984741211,30.790000915527344,30.790000915527344,30.790000915527344,8809700
2022-09-23,29.059999465942383,29.110000610351562,27.950000762939453,28.079999923706055,28.079999923706055,17738100
2022-09-26,27.81999969482422,28.18000030517578,27.209999084472656,27.260000228881836,27.260000228881836,17517500
2022-09-27,27.829999923706055,28.049999237060547,27.399999618530273,27.549999237060547,27.549999237060547,13906800
2022-09-28,27.6299991607666,28.639999389648438,27.530000686645508,28.559999465942383,28.559999465942383,12249500
2022-09-29,28.360000610351562,28.809999465942383,28.020000457763672,28.75,28.75,10891100
2022-09-30,28.540000915527344,29.06999969482422,28.450000762939453,28.549999237060547,28.549999237060547,7811100
2022-10-03,29.829999923706055,30.229999542236328,29.75,30.100000381469727,30.100000381469727,9804800
2022-10-04,30.5,31.31999969482422,30.440000534057617,31.280000686645508,31.280000686645508,11348800
2022-10-05,30.979999542236328,31.5,30.760000228881836,31.3799991607666,31.3799991607666,12498200
2022-10-06,30.420000076293945,31.209999084472656,30.399999618530273,31.139999389648438,31.139999389648438,16464300
2022-10-07,31.260000228881836,31.530000686645508,30.90999984741211,31.079999923706055,31.079999923706055,11040900
2022-10-10,30.84000015258789,31.010000228881836,30.329999923706055,30.350000381469727,30.350000381469727,8890700
2022-10-11,30.040000915527344,30.440000534057617,29.739999771118164,29.809999465942383,29.809999465942383,8816900
2022-10-12,29.760000228881836,30.079999923706055,29.540000915527344,29.950000762939453,29.950000762939453,9185700
2022-10-13,30.020000457763672,31.309999465942383,30.020000457763672,31.149999618530273,31.149999618530273,12228600
2022-10-14,31.1200008392334,31.15999984741211,30.299999237060547,30.329999923706055,30.329999923706055,10543700
2022-10-17,30.530000686645508,30.93000030517578,30.479999542236328,30.479999542236328,30.479999542236328,8482800
2022-10-18,30.719999313354492,30.799999237060547,29.989999771118164,30.479999542236328,30.479999542236328,11167600
2022-10-19,30.469999313354492,30.979999542236328,30.43000030517578,30.899999618530273,30.899999618530273,9749300
2022-10-20,31.139999389648438,31.440000534057617,30.81999969482422,30.959999084472656,30.959999084472656,8263300
2022-10-21,30.780000686645508,31.420000076293945,30.700000762939453,31.360000610351562,31.360000610351562,11288800
2022-10-24,31.610000610351562,32.16999816894531,31.5,31.799999237060547,31.799999237060547,11514100
2022-10-25,32.029998779296875,32.16999816894531,31.8700008392334,32.08000183105469,32.08000183105469,7872800
2022-10-26,31.959999084472656,32.4900016784668,31.920000076293945,32.310001373291016,32.310001373291016,10742900
2022-10-27,33.439998626708984,33.65999984741211,33.150001525878906,33.22999954223633,33.22999954223633,12764300
2022-10-28,33.060001373291016,33.16999816894531,32.66999816894531,33.150001525878906,33.150001525878906,11293200
2022-10-31,32.66999816894531,33.380001068115234,32.630001068115234,33.279998779296875,33.279998779296875,10393700
2022-11-01,33.540000915527344,33.59000015258789,33.08000183105469,33.20000076293945,33.20000076293945,11157600
2022-11-02,33.25,33.54999923706055,32.720001220703125,32.7599983215332,32.7599983215332,11130500
2022-11-03,32.54999923706055,33.18000030517578,32.470001220703125,33.040000915527344,33.040000915527344,8239500
2022-11-04,33.90999984741211,34.099998474121094,33.59000015258789,33.91999816894531,33.91999816894531,10965600
2022-11-07,34.38999938964844,34.540000915527344,34.20000076293945,34.33000183105469,34.33000183105469,8989300
2022-11-08,33.880001068115234,34.0099983215332,33.459999084472656,33.72999954223633,33.72999954223633,8902800
2022-11-09,32.939998626708984,33.099998474121094,32.279998779296875,32.33000183105469,32.33000183105469,11371600
2022-11-10,33.2400016784668,33.2599983215332,32.650001525878906,32.95000076293945,32.95000076293945,10854300
2022-11-11,33.90999984741211,34.029998779296875,33.619998931884766,33.84000015258789,33.84000015258789,10413400
2022-11-14,33.58000183105469,33.939998626708984,33.529998779296875,33.54999923706055,33.54999923706055,6713500
2022-11-15,34.0,34.189998626708984,33.779998779296875,33.90999984741211,33.90999984741211,10269600
2022-11-16,34.36000061035156,34.45000076293945,33.869998931884766,33.970001220703125,33.970001220703125,8778600
2022-11-17,33.91999816894531,34.349998474121094,33.709999084472656,34.349998474121094,34.349998474121094,9614000
2022-11-18,33.7599983215332,34.130001068115234,33.43000030517578,34.040000915527344,34.040000915527344,6718500
2022-11-21,33.09000015258789,33.18000030517578,32.29999923706055,33.130001068115234,33.130001068115234,10601600
2022-11-22,34.369998931884766,34.95000076293945,34.20000076293945,34.88999938964844,34.88999938964844,15271400
2022-11-23,34.880001068115234,35.04999923706055,34.689998626708984,34.97999954223633,34.97999954223633,9561300
2022-11-25,35.20000076293945,35.5,35.119998931884766,35.27000045776367,35.27000045776367,3506800
2022-11-28,34.630001068115234,35.099998474121094,34.43000030517578,34.72999954223633,34.72999954223633,7479900
2022-11-29,35.20000076293945,35.72999954223633,35.16999816894531,35.310001373291016,35.310001373291016,8203900
2022-11-30,36.0099983215332,36.11000061035156,35.41999816894531,35.900001525878906,35.900001525878906,13261300
2022-12-01,35.9900016784668,36.099998474121094,35.63999938964844,35.720001220703125,35.720001220703125,7051300
2022-12-02,35.130001068115234,35.47999954223633,35.099998474121094,35.36000061035156,35.36000061035156,7595000
2022-12-05,35.790000915527344,35.95000076293945,34.79999923706055,35.0,35.0,7165100
2022-12-06,34.68000030517578,35.130001068115234,34.2400016784668,34.369998931884766,34.369998931884766,12890200
2022-12-07,34.18000030517578,34.4900016784668,33.779998779296875,33.90999984741211,33.90999984741211,10018300
2022-12-08,34.58000183105469,34.65999984741211,33.79999923706055,33.93000030517578,33.93000030517578,8826900
2022-12-09,33.869998931884766,34.16999816894531,33.66999816894531,33.709999084472656,33.709999084472656,6311800
2022-12-12,33.810001373291016,34.25,33.7400016784668,34.099998474121094,34.099998474121094,5890900
2022-12-13,34.90999984741211,35.15999984741211,34.790000915527344,35.0099983215332,35.0099983215332,9256400
2022-12-14,35.029998779296875,35.16999816894531,34.63999938964844,34.79999923706055,34.79999923706055,7252800
2022-12-15,34.529998779296875,34.63999938964844,34.0,34.279998779296875,34.279998779296875,7088500
2022-12-16,33.380001068115234,33.7400016784668,33.13999938964844,33.68000030517578,33.68000030517578,10431900
2022-12-19,34.220001220703125,34.279998779296875,33.79999923706055,33.95000076293945,33.95000076293945,7513300
2022-12-20,34.0099983215332,34.310001373291016,33.86000061035156,34.08000183105469,34.08000183105469,5286300
2022-12-21,34.72999954223633,35.15999984741211,34.4900016784668,35.029998779296875,35.029998779296875,8138400
2022-12-22,34.689998626708984,34.790000915527344,33.970001220703125,34.40999984741211,34.40999984741211,6249900
2022-12-23,34.630001068115234,35.04999923706055,34.529998779296875,35.0099983215332,35.0099983215332,5191800
2022-12-27,35.0,35.15999984741211,34.880001068115234,35.040000915527344,35.040000915527344,4325800
2022-12-28,35.41999816894531,35.41999816894531,34.4900016784668,34.58000183105469,34.58000183105469,5232400
2022-12-29,34.540000915527344,34.849998474121094,34.4900016784668,34.70000076293945,34.70000076293945,4881500
2022-12-30,34.52000045776367,34.959999084472656,34.470001220703125,34.93000030517578,34.93000030517578,4823000
2023-01-03,35.0,35.189998626708984,34.09000015258789,34.31999969482422,34.31999969482422,7967400
2023-01-04,33.79999923706055,34.060001373291016,33.529998779296875,33.779998779296875,33.779998779296875,7492400
2023-01-05,33.58000183105469,33.9900016784668,33.560001373291016,33.900001525878906,33.900001525878906,6440200
2023-01-06,34.189998626708984,34.599998474121094,34.02000045776367,34.459999084472656,34.459999084472656,6855400
2023-01-09,35.13999938964844,35.25,34.599998474121094,34.77000045776367,34.77000045776367,7831300
2023-01-10,34.810001373291016,34.93000030517578,34.5099983215332,34.849998474121094,34.849998474121094,6508600
2023-01-11,34.90999984741211,35.04999923706055,34.65999984741211,35.040000915527344,35.040000915527344,7073300
2023-01-12,35.130001068115234,35.630001068115234,34.88999938964844,35.310001373291016,35.310001373291016,8934700
2023-01-13,35.400001525878906,35.56999969482422,35.25,35.560001373291016,35.560001373291016,7235200
2023-01-17,35.560001373291016,35.880001068115234,35.52000045776367,35.689998626708984,35.689998626708984,6708100
2023-01-18,36.18000030517578,36.22999954223633,35.33000183105469,35.34000015258789,35.34000015258789,8686700
2023-01-19,35.15999984741211,35.720001220703125,35.11000061035156,35.540000915527344,35.540000915527344,8334000
2023-01-20,35.31999969482422,35.5,35.209999084472656,35.5,35.5,11760700
2023-01-23,35.5,35.79999923706055,35.380001068115234,35.58000183105469,35.58000183105469,6143600
2023-01-24,35.119998931884766,35.33000183105469,34.810001373291016,35.290000915527344,35.290000915527344,6575900
2023-01-25,35.0,35.279998779296875,34.7599983215332,35.2400016784668,35.2400016784668,8041800
2023-01-26,35.709999084472656,36.349998474121094,35.58000183105469,36.25,36.25,12180700
2023-01-27,36.41999816894531,36.599998474121094,36.13999938964844,36.31999969482422,36.31999969482422,8445500
2023-01-30,36.540000915527344,36.59000015258789,36.150001525878906,36.16999816894531,36.16999816894531,6724300
2023-01-31,35.849998474121094,36.2400016784668,35.630001068115234,36.22999954223633,36.22999954223633,8023000
2023-02-01,36.5099983215332,36.689998626708984,35.88999938964844,36.439998626708984,36.439998626708984,10643700
2023-02-02,36.310001373291016,36.34000015258789,34.849998474121094,35.20000076293945,35.20000076293945,16777900
2023-02-03,35.290000915527344,35.77000045776367,34.970001220703125,35.150001525878906,35.150001525878906,10281900
2023-02-06,34.95000076293945,35.060001373291016,34.279998779296875,34.84000015258789,34.84000015258789,14223000
2023-02-07,36.27000045776367,37.93000030517578,36.189998626708984,37.75,37.75,25213500
2023-02-08,38.130001068115234,38.9900016784668,38.0,38.650001525878906,38.650001525878906,18957400
2023-02-09,39.36000061035156,40.060001373291016,39.20000076293945,39.54999923706055,39.54999923706055,20258200
2023-02-10,40.540000915527344,40.849998474121094,40.31999969482422,40.650001525878906,40.650001525878906,19905000
2023-02-13,40.400001525878906,40.68000030517578,40.209999084472656,40.61000061035156,40.61000061035156,8658900
2023-02-14,40.540000915527344,41.380001068115234,40.470001220703125,41.02000045776367,41.02000045776367,8974900
2023-02-15,40.560001373291016,40.88999938964844,40.279998779296875,40.880001068115234,40.880001068115234,13698900
2023-02-16,40.369998931884766,41.25,40.34000015258789,40.95000076293945,40.95000076293945,15847600
2023-02-17,40.279998779296875,40.40999984741211,39.959999084472656,40.02000045776367,40.02000045776367,15846200
2023-02-21,39.939998626708984,40.209999084472656,39.75,39.77000045776367,39.77000045776367,8579500
2023-02-22,39.540000915527344,39.540000915527344,38.72999954223633,38.93000030517578,38.93000030517578,10401400
2023-02-23,39.709999084472656,39.810001373291016,39.290000915527344,39.68000030517578,39.68000030517578,9015300
2023-02-24,39.459999084472656,39.709999084472656,39.20000076293945,39.70000076293945,39.70000076293945,6980900
2023-02-27,40.08000183105469,40.45000076293945,39.880001068115234,40.220001220703125,40.220001220703125,8712100
2023-02-28,40.47999954223633,40.529998779296875,39.58000183105469,39.599998474121094,39.599998474121094,8506000
2023-03-01,39.7599983215332,40.04999923706055,39.63999938964844,39.93000030517578,39.93000030517578,6031100
2023-03-02,39.900001525878906,40.38999938964844,39.810001373291016,40.2599983215332,40.2599983215332,5961400
2023-03-03,39.279998779296875,40.29999923706055,39.27000045776367,40.220001220703125,40.220001220703125,6833100
2023-03-06,40.22999954223633,40.54999923706055,40.099998474121094,40.41999816894531,40.41999816894531,7710000
2023-03-07,40.11000061035156,40.18000030517578,39.58000183105469,39.79999923706055,39.79999923706055,6987600
2023-03-08,39.7400016784668,40.11000061035156,39.34000015258789,39.65999984741211,39.65999984741211,6250300
2023-03-09,39.7400016784668,40.04999923706055,39.2400016784668,39.34000015258789,39.34000015258789,5999900
2023-03-10,39.5,39.86000061035156,38.90999984741211,39.0099983215332,39.0099983215332,7628400
2023-03-13,37.4900016784668,38.61000061035156,37.369998931884766,38.0099983215332,38.0099983215332,13377100
2023-03-14,38.04999923706055,38.900001525878906,37.84000015258789,38.25,38.25,8748900
2023-03-15,36.06999969482422,36.439998626708984,34.9900016784668,35.849998474121094,35.849998474121094,18693800
2023-03-16,34.400001525878906,35.66999816894531,34.13999938964844,35.619998931884766,35.619998931884766,16101900
2023-03-17,35.52000045776367,35.689998626708984,34.779998779296875,35.16999816894531,35.16999816894531,11139300
2023-03-20,35.720001220703125,36.15999984741211,35.52000045776367,35.79999923706055,35.79999923706055,10671900
2023-03-21,37.099998474121094,37.27000045776367,36.59000015258789,37.02000045776367,37.02000045776367,9470100
2023-03-22,36.869998931884766,37.45000076293945,36.79999923706055,36.81999969482422,36.81999969482422,8746700
2023-03-23,36.9900016784668,37.2599983215332,36.20000076293945,36.47999954223633,36.47999954223633,9883700
2023-03-24,35.630001068115234,36.02000045776367,35.16999816894531,35.880001068115234,35.880001068115234,11142200
2023-03-27,36.52000045776367,37.11000061035156,36.2400016784668,36.880001068115234,36.880001068115234,9415300
2023-03-28,37.2400016784668,37.720001220703125,37.130001068115234,37.43000030517578,37.43000030517578,8476900
2023-03-29,37.79999923706055,37.810001373291016,37.529998779296875,37.689998626708984,37.689998626708984,7810900
2023-03-30,38.18000030517578,38.220001220703125,37.880001068115234,37.97999954223633,37.97999954223633,6624500
2023-03-31,37.97999954223633,38.099998474121094,37.7400016784668,37.939998626708984,37.939998626708984,6858100
2023-04-03,39.869998931884766,40.11000061035156,39.52000045776367,39.7400016784668,39.7400016784668,11855400
2023-04-04,39.91999816894531,39.93000030517578,39.13999938964844,39.33000183105469,39.33000183105469,8587200
2023-04-05,39.959999084472656,40.040000915527344,39.439998626708984,39.88999938964844,39.88999938964844,12102200
2023-04-06,39.810001373291016,39.869998931884766,39.45000076293945,39.5099983215332,39.5099983215332,8896800
2023-04-10,39.47999954223633,39.849998474121094,39.38999938964844,39.70000076293945,39.70000076293945,4363300
2023-04-11,40.0099983215332,40.11000061035156,39.810001373291016,39.86000061035156,39.86000061035156,5451300
2023-04-12,40.33000183105469,40.5,40.130001068115234,40.20000076293945,40.20000076293945,6818800
2023-04-13,40.369998931884766,40.52000045776367,40.25,40.459999084472656,40.459999084472656,4368500
2023-04-14,40.45000076293945,40.619998931884766,40.220001220703125,40.58000183105469,40.58000183105469,5918600
2023-04-17,40.65999984741211,40.66999816894531,40.279998779296875,40.43000030517578,40.43000030517578,6162200
2023-04-18,40.349998474121094,40.70000076293945,40.2599983215332,40.650001525878906,40.650001525878906,5220400
2023-04-19,39.79999923706055,40.06999969482422,39.63999938964844,40.060001373291016,40.060001373291016,7029200
2023-04-20,39.439998626708984,39.869998931884766,39.43000030517578,39.86000061035156,39.86000061035156,5517100
2023-04-21,39.380001068115234,39.650001525878906,39.31999969482422,39.63999938964844,39.63999938964844,7416300
2023-04-24,39.43000030517578,40.22999954223633,39.40999984741211,40.099998474121094,40.099998474121094,6726300
2023-04-25,39.84000015258789,39.86000061035156,39.13999938964844,39.56999969482422,39.56999969482422,9306800
2023-04-26,39.939998626708984,40.0,39.27000045776367,39.41999816894531,39.41999816894531,7172100
2023-04-27,39.09000015258789,39.47999954223633,39.0099983215332,39.34000015258789,39.34000015258789,5701200
2023-04-28,39.38999938964844,40.459999084472656,39.22999954223633,40.279998779296875,40.279998779296875,8185200
2023-05-01,39.97999954223633,40.41999816894531,39.84000015258789,40.0099983215332,40.0099983215332,6697300
2023-05-02,37.36000061035156,37.380001068115234,36.27000045776367,36.779998779296875,36.779998779296875,21471300
2023-05-03,36.41999816894531,36.86000061035156,36.34000015258789,36.459999084472656,36.459999084472656,13226900
2023-05-04,36.13999938964844,36.40999984741211,35.70000076293945,36.11000061035156,36.11000061035156,14519500
2023-05-05,37.06999969482422,37.40999984741211,37.060001373291016,37.130001068115234,37.130001068115234,9646400
2023-05-08,37.43000030517578,37.47999954223633,36.959999084472656,37.029998779296875,37.029998779296875,7541200
2023-05-09,36.65999984741211,37.25,36.58000183105469,36.9900016784668,36.9900016784668,8576500
2023-05-10,37.130001068115234,37.16999816894531,36.47999954223633,36.75,36.75,7624700
2023-05-11,35.70000076293945,35.9900016784668,35.5,35.970001220703125,35.970001220703125,7755700
2023-05-12,36.34000015258789,36.459999084472656,35.689998626708984,35.810001373291016,35.810001373291016,8230400
2023-05-15,36.189998626708984,36.369998931884766,35.91999816894531,36.189998626708984,36.189998626708984,8605700
2023-05-16,35.869998931884766,36.06999969482422,35.45000076293945,35.540000915527344,35.540000915527344,7748500
2023-05-17,35.9900016784668,36.209999084472656,35.65999984741211,36.0,36.0,8234200
2023-05-18,36.220001220703125,36.220001220703125,35.56999969482422,35.959999084472656,35.959999084472656,10478500
2023-05-19,36.25,36.400001525878906,35.869998931884766,36.029998779296875,36.029998779296875,8653800
2023-05-22,35.709999084472656,36.09000015258789,35.68000030517578,35.88999938964844,35.88999938964844,6357700
2023-05-23,36.189998626708984,36.4900016784668,36.04999923706055,36.18000030517578,36.18000030517578,7124000
2023-05-24,36.02000045776367,36.220001220703125,35.689998626708984,36.040000915527344,36.040000915527344,8476200
2023-05-25,35.27000045776367,35.40999984741211,34.9900016784668,35.36000061035156,35.36000061035156,10845700
2023-05-26,35.439998626708984,35.630001068115234,35.209999084472656,35.54999923706055,35.54999923706055,6290000
2023-05-30,34.81999969482422,35.060001373291016,34.619998931884766,34.9900016784668,34.9900016784668,8122100
2023-05-31,33.650001525878906,33.970001220703125,33.619998931884766,33.709999084472656,33.709999084472656,13729200
2023-06-01,34.15999984741211,34.91999816894531,34.060001373291016,34.720001220703125,34.720001220703125,8329800
2023-06-02,35.47999954223633,35.810001373291016,35.47999954223633,35.650001525878906,35.650001525878906,9014000
2023-06-05,35.849998474121094,35.91999816894531,35.220001220703125,35.34000015258789,35.34000015258789,6971800
2023-06-06,34.70000076293945,35.31999969482422,34.65999984741211,35.29999923706055,35.29999923706055,6038800
2023-06-07,35.2599983215332,35.7400016784668,35.22999954223633,35.709999084472656,35.709999084472656,7988900
2023-06-08,35.84000015258789,35.880001068115234,35.25,35.810001373291016,35.810001373291016,7189500
2023-06-09,35.470001220703125,35.7400016784668,35.31999969482422,35.470001220703125,35.470001220703125,5431500
2023-06-12,34.91999816894531,35.16999816894531,34.650001525878906,34.77000045776367,34.77000045776367,7998300
2023-06-13,35.2599983215332,35.66999816894531,35.029998779296875,35.08000183105469,35.08000183105469,7196800
2023-06-14,35.5,35.720001220703125,34.81999969482422,35.04999923706055,35.04999923706055,9444700
2023-06-15,34.93000030517578,35.599998474121094,34.93000030517578,35.380001068115234,35.380001068115234,13610500
2023-06-16,35.459999084472656,35.529998779296875,35.25,35.349998474121094,35.349998474121094,6858300
2023-06-20,35.27000045776367,35.31999969482422,34.75,35.06999969482422,35.06999969482422,5370800
2023-06-21,35.11000061035156,35.630001068115234,35.060001373291016,35.43000030517578,35.43000030517578,4606800
2023-06-22,35.08000183105469,35.33000183105469,34.9900016784668,35.2400016784668,35.2400016784668,8551900
2023-06-23,34.86000061035156,34.91999816894531,34.65999984741211,34.810001373291016,34.810001373291016,5489100
2023-06-26,34.810001373291016,35.31999969482422,34.779998779296875,35.2400016784668,35.2400016784668,6721700
2023-06-27,34.95000076293945,34.97999954223633,34.56999969482422,34.849998474121094,34.849998474121094,7850100
2023-06-28,34.599998474121094,34.95000076293945,34.34000015258789,34.88999938964844,34.88999938964844,6952200
2023-06-29,34.83000183105469,35.060001373291016,34.650001525878906,34.970001220703125,34.970001220703125,5458600
2023-06-30,35.4900016784668,35.5,35.20000076293945,35.290000915527344,35.290000915527344,6768500
2023-07-03,36.040000915527344,36.119998931884766,35.75,35.93000030517578,35.93000030517578,4804600
2023-07-05,35.75,35.810001373291016,35.150001525878906,35.29999923706055,35.29999923706055,5926700
2023-07-06,34.90999984741211,35.060001373291016,34.400001525878906,34.790000915527344,34.790000915527344,6807300
2023-07-07,34.560001373291016,35.400001525878906,34.529998779296875,35.25,35.25,7188600
2023-07-10,35.290000915527344,35.459999084472656,35.099998474121094,35.209999084472656,35.209999084472656,4787500
2023-07-11,35.47999954223633,35.91999816894531,35.439998626708984,35.90999984741211,35.90999984741211,5646200
2023-07-12,36.91999816894531,36.939998626708984,36.189998626708984,36.310001373291016,36.310001373291016,13552000
2023-07-13,36.79999923706055,36.939998626708984,36.33000183105469,36.529998779296875,36.529998779296875,10494500
2023-07-14,36.369998931884766,36.369998931884766,35.4900016784668,35.52000045776367,35.52000045776367,10106400
2023-07-17,35.689998626708984,35.709999084472656,35.29999923706055,35.31999969482422,35.31999969482422,10187000
2023-07-18,35.47999954223633,36.02000045776367,35.41999816894531,35.790000915527344,35.790000915527344,8266300
2023-07-19,36.060001373291016,36.4900016784668,36.0099983215332,36.150001525878906,36.150001525878906,8662500
2023-07-20,36.47999954223633,36.81999969482422,36.310001373291016,36.540000915527344,36.540000915527344,7044500
2023-07-21,36.65999984741211,36.77000045776367,36.439998626708984,36.70000076293945,36.70000076293945,5169800
2023-07-24,36.939998626708984,37.369998931884766,36.900001525878906,37.18000030517578,37.18000030517578,7404900
2023-07-25,36.970001220703125,37.279998779296875,36.84000015258789,37.22999954223633,37.22999954223633,4626000
2023-07-26,36.849998474121094,37.220001220703125,36.810001373291016,37.099998474121094,37.099998474121094,4615500
2023-07-27,37.02000045776367,37.18000030517578,36.56999969482422,36.65999984741211,36.65999984741211,7273300
2023-07-28,36.68000030517578,36.849998474121094,36.369998931884766,36.709999084472656,36.709999084472656,4743300
2023-07-31,36.7599983215332,37.349998474121094,36.7599983215332,37.29999923706055,37.29999923706055,8361300
2023-08-01,37.560001373291016,37.75,36.66999816894531,36.959999084472656,36.959999084472656,9389800
2023-08-02,36.61000061035156,36.709999084472656,35.900001525878906,36.029998779296875,36.029998779296875,7722400
2023-08-03,36.0,36.58000183105469,35.779998779296875,36.459999084472656,36.459999084472656,7857900
2023-08-04,36.790000915527344,37.33000183105469,36.7599983215332,36.79999923706055,36.79999923706055,6918200
2023-08-07,37.02000045776367,37.08000183105469,36.790000915527344,37.040000915527344,37.040000915527344,5681100
2023-08-08,36.279998779296875,36.9900016784668,36.0099983215332,36.970001220703125,36.970001220703125,6322000
2023-08-09,37.4900016784668,37.779998779296875,37.279998779296875,37.41999816894531,37.41999816894531,7656200
2023-08-10,37.4900016784668,37.63999938964844,37.0099983215332,37.08000183105469,37.08000183105469,7751000
2023-08-11,36.70000076293945,37.18000030517578,36.70000076293945,37.099998474121094,37.099998474121094,5934600
2023-08-14,36.58000183105469,36.849998474121094,36.290000915527344,36.68000030517578,36.68000030517578,8277400
2023-08-15,36.40999984741211,36.4900016784668,36.02000045776367,36.06999969482422,36.06999969482422,7412100
2023-08-16,35.9900016784668,36.31999969482422,35.84000015258789,35.88999938964844,35.88999938964844,4891100
2023-08-17,36.279998779296875,36.45000076293945,36.04999923706055,36.09000015258789,36.09000015258789,5115100
2023-08-18,35.70000076293945,36.31999969482422,35.66999816894531,36.2400016784668,36.2400016784668,4613000
2023-08-21,36.709999084472656,36.88999938964844,36.45000076293945,36.58000183105469,36.58000183105469,5647500
2023-08-22,36.650001525878906,36.689998626708984,36.36000061035156,36.369998931884766,36.369998931884766,5290300
2023-08-23,35.810001373291016,36.09000015258789,35.529998779296875,36.0,36.0,5535000
2023-08-24,35.709999084472656,36.119998931884766,35.70000076293945,35.77000045776367,35.77000045776367,4432700
2023-08-25,36.189998626708984,36.279998779296875,35.83000183105469,36.150001525878906,36.150001525878906,5173400
2023-08-28,36.31999969482422,36.7599983215332,36.209999084472656,36.63999938964844,36.63999938964844,5890000
2023-08-29,36.880001068115234,37.119998931884766,36.560001373291016,37.099998474121094,37.099998474121094,6164700
2023-08-30,37.459999084472656,37.59000015258789,37.279998779296875,37.290000915527344,37.290000915527344,5825100
2023-08-31,37.36000061035156,37.36000061035156,36.959999084472656,37.18000030517578,37.18000030517578,5120400
2023-09-01,38.08000183105469,38.2400016784668,37.83000183105469,38.130001068115234,38.130001068115234,6244900
2023-09-05,38.650001525878906,38.7400016784668,38.33000183105469,38.400001525878906,38.400001525878906,6156600
2023-09-06,38.65999984741211,38.97999954223633,38.529998779296875,38.83000183105469,38.83000183105469,6261800
2023-09-07,38.619998931884766,38.83000183105469,38.43000030517578,38.5099983215332,38.5099983215332,4917900
2023-09-08,38.65999984741211,38.88999938964844,38.5,38.66999816894531,38.66999816894531,4845700
2023-09-11,39.0099983215332,39.209999084472656,38.56999969482422,38.61000061035156,38.61000061035156,7062800
2023-09-12,38.84000015258789,39.72999954223633,37.95000076293945,38.099998474121094,38.099998474121094,35223200
2023-09-13,38.720001220703125,38.77000045776367,37.939998626708984,38.2599983215332,38.2599983215332,17667500
2023-09-14,38.810001373291016,39.209999084472656,38.72999954223633,39.099998474121094,39.099998474121094,7691800
2023-09-15,38.93000030517578,39.11000061035156,38.7400016784668,38.75,38.75,6986300
2023-09-18,38.77000045776367,38.810001373291016,38.439998626708984,38.560001373291016,38.560001373291016,7068400
2023-09-19,39.0,39.16999816894531,38.75,38.81999969482422,38.81999969482422,8477100
2023-09-20,38.58000183105469,39.08000183105469,38.56999969482422,38.619998931884766,38.619998931884766,7432000
2023-09-21,38.810001373291016,38.970001220703125,38.099998474121094,38.11000061035156,38.11000061035156,6510700
2023-09-22,38.849998474121094,38.959999084472656,38.349998474121094,38.439998626708984,38.439998626708984,9066600
2023-09-25,38.439998626708984,38.869998931884766,38.189998626708984,38.75,38.75,7964700
2023-09-26,38.66999816894531,38.97999954223633,38.529998779296875,38.63999938964844,38.63999938964844,6931200
2023-09-27,39.0,39.4900016784668,38.90999984741211,39.47999954223633,39.47999954223633,11048900
2023-09-28,39.369998931884766,39.65999984741211,39.2599983215332,39.43000030517578,39.43000030517578,6237900
2023-09-29,39.380001068115234,39.470001220703125,38.689998626708984,38.720001220703125,38.720001220703125,8012900
2023-10-02,38.709999084472656,38.7400016784668,37.619998931884766,37.81999969482422,37.81999969482422,8101600
2023-10-03,37.4900016784668,37.70000076293945,37.22999954223633,37.599998474121094,37.599998474121094,7532200
2023-10-04,36.79999923706055,36.869998931884766,36.029998779296875,36.310001373291016,36.310001373291016,11062800
2023-10-05,35.880001068115234,36.58000183105469,35.84000015258789,36.40999984741211,36.40999984741211,7834900
2023-10-06,36.97999954223633,37.470001220703125,36.59000015258789,37.27000045776367,37.27000045776367,10420100
2023-10-09,38.189998626708984,38.43000030517578,37.970001220703125,38.380001068115234,38.380001068115234,9959100
2023-10-10,38.41999816894531,38.79999923706055,38.310001373291016,38.619998931884766,38.619998931884766,8930600
2023-10-11,38.79999923706055,38.90999984741211,38.29999923706055,38.650001525878906,38.650001525878906,7900500
2023-10-12,39.43000030517578,39.4900016784668,38.91999816894531,39.290000915527344,39.290000915527344,15540100
2023-10-13,40.0,40.16999816894531,39.70000076293945,40.0099983215332,40.0099983215332,13412100
2023-10-16,40.16999816894531,40.33000183105469,39.689998626708984,40.220001220703125,40.220001220703125,8508800
2023-10-17,40.31999969482422,40.81999969482422,40.310001373291016,40.810001373291016,40.810001373291016,8865100
2023-10-18,40.689998626708984,40.84000015258789,40.45000076293945,40.720001220703125,40.720001220703125,7136900
2023-10-19,40.16999816894531,40.560001373291016,39.93000030517578,40.33000183105469,40.33000183105469,7909500
2023-10-20,40.150001525878906,40.369998931884766,39.61000061035156,39.61000061035156,39.61000061035156,6281000
2023-10-23,39.130001068115234,39.20000076293945,38.56999969482422,38.900001525878906,38.900001525878906,10895100
2023-10-24,39.31999969482422,39.31999969482422,38.779998779296875,38.790000915527344,38.790000915527344,8776300
2023-10-25,39.040000915527344,39.209999084472656,38.83000183105469,39.060001373291016,39.060001373291016,6059100
2023-10-26,38.61000061035156,38.959999084472656,38.38999938964844,38.81999969482422,38.81999969482422,6167600
2023-10-27,39.13999938964844,39.220001220703125,38.369998931884766,38.63999938964844,38.63999938964844,9061400
2023-10-30,38.310001373291016,38.63999938964844,38.09000015258789,38.349998474121094,38.349998474121094,10120600
2023-10-31,36.459999084472656,36.939998626708984,35.9900016784668,36.58000183105469,36.58000183105469,20235900
2023-11-01,36.290000915527344,36.61000061035156,35.939998626708984,36.09000015258789,36.09000015258789,13198800
2023-11-02,36.16999816894531,36.939998626708984,36.099998474121094,36.86000061035156,36.86000061035156,11805300
2023-11-03,35.959999084472656,36.439998626708984,35.7599983215332,36.20000076293945,36.20000076293945,11278700
2023-11-06,36.65999984741211,36.65999984741211,36.279998779296875,36.29999923706055,36.29999923706055,8019900
2023-11-07,35.75,35.810001373291016,35.349998474121094,35.470001220703125,35.470001220703125,9173900
2023-11-08,35.34000015258789,35.459999084472656,34.83000183105469,34.900001525878906,34.900001525878906,15163200
2023-11-09,34.849998474121094,35.11000061035156,34.63999938964844,34.68000030517578,34.68000030517578,8490100
2023-11-10,35.11000061035156,35.16999816894531,34.689998626708984,35.08000183105469,35.08000183105469,7234000
2023-11-13,35.400001525878906,35.7599983215332,35.349998474121094,35.70000076293945,35.70000076293945,6733500
2023-11-14,35.7599983215332,36.09000015258789,35.720001220703125,35.849998474121094,35.849998474121094,7451300
2023-11-15,35.84000015258789,36.06999969482422,35.56999969482422,35.59000015258789,35.59000015258789,7116100
2023-11-16,35.04999923706055,35.119998931884766,34.70000076293945,35.02000045776367,35.02000045776367,7896000
2023-11-17,35.34000015258789,35.810001373291016,35.310001373291016,35.61000061035156,35.61000061035156,7348200
2023-11-20,35.880001068115234,36.119998931884766,35.81999969482422,35.880001068115234,35.880001068115234,6382200
2023-11-21,35.79999923706055,35.880001068115234,35.630001068115234,35.7400016784668,35.7400016784668,5190200
2023-11-22,34.650001525878906,35.310001373291016,34.459999084472656,35.27000045776367,35.27000045776367,10502100
2023-11-24,35.900001525878906,36.119998931884766,35.790000915527344,35.81999969482422,35.81999969482422,4233100
2023-11-27,36.040000915527344,36.099998474121094,35.810001373291016,35.939998626708984,35.939998626708984,8413100
2023-11-28,35.97999954223633,36.2400016784668,35.86000061035156,35.939998626708984,35.939998626708984,6016400
2023-11-29,36.040000915527344,36.22999954223633,35.81999969482422,36.06999969482422,36.06999969482422,9570700
2023-11-30,36.599998474121094,36.810001373291016,36.04999923706055,36.290000915527344,36.290000915527344,12310800
2023-12-01,36.08000183105469,36.47999954223633,35.95000076293945,35.97999954223633,35.97999954223633,10122300
2023-12-04,35.63999938964844,35.88999938964844,35.41999816894531,35.59000015258789,35.59000015258789,8805600
2023-12-05,35.779998779296875,35.86000061035156,35.27000045776367,35.290000915527344,35.290000915527344,6153600
2023-12-06,35.43000030517578,35.56999969482422,34.84000015258789,34.849998474121094,34.849998474121094,8903800
2023-12-07,34.90999984741211,35.0,34.47999954223633,34.689998626708984,34.689998626708984,7833000
2023-12-08,35.08000183105469,35.400001525878906,35.02000045776367,35.29999923706055,35.29999923706055,8230400
2023-12-11,35.150001525878906,35.380001068115234,35.0,35.130001068115234,35.130001068115234,6558700
2023-12-12,34.810001373291016,34.849998474121094,34.54999923706055,34.7599983215332,34.7599983215332,6366400
2023-12-13,34.54999923706055,35.130001068115234,34.25,35.029998779296875,35.029998779296875,9787500
2023-12-14,35.689998626708984,35.93000030517578,35.560001373291016,35.79999923706055,35.79999923706055,9348700
2023-12-15,35.689998626708984,35.310001373291016,35.02000045776367,35.040000915527344,35.040000915527344,1068992
