Date,Open,High,Low,Close,Adj Close,Volume
2021-01-04,1.7999999523162842,1.7999999523162842,1.6799999475479126,1.7300000190734863,1.7300000190734863,123000
2021-01-05,1.809999942779541,1.850000023841858,1.690000057220459,1.850000023841858,1.850000023841858,27500
2021-01-06,1.899999976158142,1.899999976158142,1.649999976158142,1.7000000476837158,1.7000000476837158,117700
2021-01-07,1.7999999523162842,2.2899999618530273,1.7300000190734863,1.9199999570846558,1.9199999570846558,110200
2021-01-08,2.0199999809265137,2.1700000762939453,1.899999976158142,2.0999999046325684,2.0999999046325684,73400
2021-01-11,2.2300000190734863,2.450000047683716,2.0199999809265137,2.3299999237060547,2.3299999237060547,92400
2021-01-12,2.4000000953674316,2.799999952316284,2.4000000953674316,2.5999999046325684,2.5999999046325684,145500
2021-01-13,2.75,2.950000047683716,2.609999895095825,2.609999895095825,2.609999895095825,135000
2021-01-14,3.0,3.75,2.6500000953674316,2.9000000953674316,2.9000000953674316,180000
2021-01-15,3.319999933242798,3.509999990463257,2.7360000610351562,2.740999937057495,2.740999937057495,82500
2021-01-19,2.5199999809265137,3.5399999618530273,2.509999990463257,3.3299999237060547,3.3299999237060547,444400
2021-01-20,3.3499999046325684,3.6110000610351562,3.0799999237060547,3.1700000762939453,3.1700000762939453,180000
2021-01-21,3.3499999046325684,3.440000057220459,3.0,3.0999999046325684,3.0999999046325684,123200
2021-01-22,4.099999904632568,8.270000457763672,4.099999904632568,7.0,7.0,3501200
2021-01-25,7.0,7.349999904632568,5.71999979019165,5.880000114440918,5.880000114440918,1182900
2021-01-26,6.320000171661377,7.0,6.25,6.300000190734863,6.300000190734863,1078100
2021-01-27,5.900000095367432,6.639999866485596,5.300000190734863,5.349999904632568,5.349999904632568,676900
2021-01-28,5.860000133514404,6.070000171661377,5.360000133514404,5.449999809265137,5.449999809265137,470400
2021-01-29,5.699999809265137,5.699999809265137,5.150000095367432,5.150000095367432,5.150000095367432,254200
2021-02-01,5.599999904632568,5.599999904632568,5.019999980926514,5.019999980926514,5.019999980926514,231000
2021-02-02,5.5,5.599999904632568,5.309999942779541,5.309999942779541,5.309999942779541,156900
2021-02-03,5.699999809265137,5.699999809265137,5.309999942779541,5.360000133514404,5.360000133514404,261500
2021-02-04,5.690000057220459,5.690000057220459,5.179999828338623,5.230000019073486,5.230000019073486,347900
2021-02-05,5.400000095367432,5.550000190734863,5.28000020980835,5.360000133514404,5.360000133514404,494700
2021-02-08,5.690000057220459,5.690000057220459,5.099999904632568,5.099999904632568,5.099999904632568,339700
2021-02-09,5.050000190734863,5.289999961853027,4.849999904632568,4.880000114440918,4.880000114440918,395800
2021-02-10,4.849999904632568,5.010000228881836,4.550000190734863,4.599999904632568,4.599999904632568,352200
2021-02-11,5.099999904632568,5.099999904632568,4.429999828338623,4.75,4.75,517800
2021-02-12,4.900000095367432,4.96999979019165,4.699999809265137,4.789999961853027,4.789999961853027,481700
2021-02-16,4.96999979019165,4.96999979019165,4.570000171661377,4.619999885559082,4.619999885559082,346300
2021-02-17,4.599999904632568,4.800000190734863,4.510000228881836,4.739999771118164,4.739999771118164,579200
2021-02-18,4.650000095367432,4.670000076293945,4.295000076293945,4.300000190734863,4.300000190734863,376700
2021-02-19,4.650000095367432,4.699999809265137,4.420000076293945,4.65500020980835,4.65500020980835,396300
2021-02-22,4.5,4.639999866485596,4.320000171661377,4.320000171661377,4.320000171661377,196600
2021-02-23,4.25,4.25,3.4189999103546143,3.690000057220459,3.690000057220459,1267400
2021-02-24,3.799999952316284,4.130000114440918,3.5820000171661377,3.990000009536743,3.990000009536743,513000
2021-02-25,4.0,4.0,3.5,3.509999990463257,3.509999990463257,248000
2021-02-26,3.4200000762939453,3.6500000953674316,3.25,3.6500000953674316,3.6500000953674316,200300
2021-03-01,3.799999952316284,4.099999904632568,3.700000047683716,3.930000066757202,3.930000066757202,235800
2021-03-02,4.070000171661377,4.070000171661377,3.7200000286102295,3.8299999237060547,3.8299999237060547,158900
2021-03-03,3.802999973297119,3.802999973297119,3.109999895095825,3.1700000762939453,3.1700000762939453,198500
2021-03-04,3.0,3.059999942779541,2.059999942779541,2.4549999237060547,2.4549999237060547,456400
2021-03-05,2.2799999713897705,2.890000104904175,1.899999976158142,2.740000009536743,2.740000009536743,628300
2021-03-08,2.8499999046325684,3.2100000381469727,2.509999990463257,2.700000047683716,2.700000047683716,265800
2021-03-09,2.7100000381469727,3.1110000610351562,2.7100000381469727,3.069999933242798,3.069999933242798,145800
2021-03-10,3.299999952316284,3.299999952316284,2.9000000953674316,3.1559998989105225,3.1559998989105225,233200
2021-03-11,3.450000047683716,3.75,3.200000047683716,3.700000047683716,3.700000047683716,255800
2021-03-12,3.450000047683716,4.179999828338623,3.3399999141693115,4.019999980926514,4.019999980926514,211300
2021-03-15,4.139999866485596,4.239999771118164,3.880000114440918,4.199999809265137,4.199999809265137,260100
2021-03-16,4.199999809265137,4.369999885559082,3.9000000953674316,4.0,4.0,265100
2021-03-17,3.9000000953674316,3.9000000953674316,3.609999895095825,3.7300000190734863,3.7300000190734863,96700
2021-03-18,3.6500000953674316,3.7799999713897705,3.619999885559082,3.6700000762939453,3.6700000762939453,117100
2021-03-19,3.700000047683716,3.799999952316284,3.6500000953674316,3.6500000953674316,3.6500000953674316,58500
2021-03-22,3.75,3.990000009536743,3.6500000953674316,3.75,3.75,31700
2021-03-23,3.5899999141693115,3.7799999713897705,3.569999933242798,3.5799999237060547,3.5799999237060547,168700
2021-03-24,3.440000057220459,3.5,3.200000047683716,3.2200000286102295,3.2200000286102295,159000
2021-03-25,3.200000047683716,3.2100000381469727,2.859999895095825,2.9800000190734863,2.9800000190734863,242100
2021-03-26,2.9000000953674316,3.369999885559082,2.9000000953674316,3.069999933242798,3.069999933242798,66900
2021-03-29,2.9200000762939453,3.3499999046325684,2.9200000762939453,3.1500000953674316,3.1500000953674316,100200
2021-03-30,2.890000104904175,3.3499999046325684,2.890000104904175,3.109999895095825,3.109999895095825,63800
2021-03-31,2.799999952316284,3.799999952316284,2.799999952316284,3.259999990463257,3.259999990463257,434200
2021-04-01,4.039999961853027,4.110000133514404,3.2799999713897705,3.450000047683716,3.450000047683716,149700
2021-04-05,3.5399999618530273,3.799999952316284,3.3499999046325684,3.5,3.5,156100
2021-04-06,3.200000047683716,3.6600000858306885,3.200000047683716,3.5999999046325684,3.5999999046325684,54600
2021-04-07,3.5999999046325684,4.010000228881836,3.549999952316284,3.7799999713897705,3.7799999713897705,168900
2021-04-08,3.7899999618530273,3.940000057220459,3.5999999046325684,3.700000047683716,3.700000047683716,34300
2021-04-09,3.5,3.759999990463257,3.5,3.7100000381469727,3.7100000381469727,44400
2021-04-12,3.7200000286102295,3.7200000286102295,3.2899999618530273,3.369999885559082,3.369999885559082,74700
2021-04-13,3.180000066757202,3.359999895095825,2.8499999046325684,3.049999952316284,3.049999952316284,101700
2021-04-14,2.8499999046325684,3.0299999713897705,2.7899999618530273,2.799999952316284,2.799999952316284,126500
2021-04-15,2.7699999809265137,2.799999952316284,2.3499999046325684,2.4609999656677246,2.4609999656677246,176800
2021-04-16,2.5,2.555000066757202,2.121000051498413,2.240000009536743,2.240000009536743,198600
2021-04-19,2.4600000381469727,2.4600000381469727,2.0999999046325684,2.359999895095825,2.359999895095825,204500
2021-04-20,2.200000047683716,2.569999933242798,2.049999952316284,2.0799999237060547,2.0799999237060547,234200
2021-04-21,2.059999942779541,2.5399999618530273,2.059999942779541,2.380000114440918,2.380000114440918,155500
2021-04-22,2.6500000953674316,2.9000000953674316,2.5199999809265137,2.609999895095825,2.609999895095825,193300
2021-04-23,2.509999990463257,2.9100000858306885,2.509999990463257,2.9100000858306885,2.9100000858306885,165600
2021-04-26,3.0299999713897705,3.140000104904175,2.7699999809265137,3.015000104904175,3.015000104904175,81900
2021-04-27,2.809999942779541,3.1500000953674316,2.6600000858306885,2.799999952316284,2.799999952316284,78300
2021-04-28,2.5299999713897705,3.7799999713897705,2.5,3.25,3.25,194900
2021-04-29,3.0,3.2699999809265137,2.9200000762939453,3.049999952316284,3.049999952316284,33800
2021-04-30,3.0899999141693115,3.200000047683716,2.9000000953674316,3.1500000953674316,3.1500000953674316,27300
2021-05-03,3.0,3.1600000858306885,2.759999990463257,2.8299999237060547,2.8299999237060547,74900
2021-05-04,2.9800000190734863,2.9800000190734863,2.640000104904175,2.759999990463257,2.759999990463257,46100
2021-05-05,2.799999952316284,2.880000114440918,2.640000104904175,2.7100000381469727,2.7100000381469727,41500
2021-05-06,2.640000104904175,2.7899999618530273,2.5,2.5199999809265137,2.5199999809265137,37600
2021-05-07,2.4600000381469727,2.640000104904175,2.4600000381469727,2.5199999809265137,2.5199999809265137,19900
2021-05-10,2.450000047683716,2.509999990463257,2.299999952316284,2.3499999046325684,2.3499999046325684,91800
2021-05-11,2.1500000953674316,2.5,2.130000114440918,2.4000000953674316,2.4000000953674316,187900
2021-05-12,2.2100000381469727,2.3499999046325684,2.140000104904175,2.2699999809265137,2.2699999809265137,161000
2021-05-13,2.25,2.25,1.899999976158142,1.9700000286102295,1.9700000286102295,318800
2021-05-14,2.2200000286102295,2.299999952316284,2.0,2.0399999618530273,2.0399999618530273,78100
2021-05-17,1.9500000476837158,2.2799999713897705,1.9500000476837158,2.1489999294281006,2.1489999294281006,49500
2021-05-18,2.140000104904175,2.25,2.0989999771118164,2.0989999771118164,2.0989999771118164,42500
2021-05-19,2.119999885559082,2.1500000953674316,2.009999990463257,2.069999933242798,2.069999933242798,116800
2021-05-20,2.0999999046325684,2.240000009536743,2.0999999046325684,2.119999885559082,2.119999885559082,104600
2021-05-21,2.1500000953674316,2.2139999866485596,2.0899999141693115,2.130000114440918,2.130000114440918,32200
2021-05-24,2.1500000953674316,2.240000009536743,2.059999942779541,2.071000099182129,2.071000099182129,65600
2021-05-25,2.069999933242798,2.190999984741211,2.069999933242798,2.069999933242798,2.069999933242798,48400
2021-05-26,2.1700000762939453,2.25,2.0799999237060547,2.2200000286102295,2.2200000286102295,71600
2021-05-27,2.2200000286102295,2.3320000171661377,2.200000047683716,2.2799999713897705,2.2799999713897705,34500
2021-05-28,2.4700000286102295,2.4700000286102295,2.25,2.2890000343322754,2.2890000343322754,24900
2021-06-01,2.490000009536743,2.490000009536743,2.24399995803833,2.299999952316284,2.299999952316284,37100
2021-06-02,2.299999952316284,2.8399999141693115,2.2950000762939453,2.6500000953674316,2.6500000953674316,250500
2021-06-03,2.75,3.005000114440918,2.4100000858306885,2.9649999141693115,2.9649999141693115,248800
2021-06-04,3.2300000190734863,3.5199999809265137,3.109999895095825,3.4100000858306885,3.4100000858306885,162200
2021-06-07,3.5199999809265137,3.869999885559082,3.4000000953674316,3.700000047683716,3.700000047683716,105600
2021-06-08,4.0,4.5,3.3399999141693115,3.5799999237060547,3.5799999237060547,200000
2021-06-09,3.700000047683716,3.890000104904175,3.2300000190734863,3.25,3.25,159100
2021-06-10,3.3459999561309814,3.6500000953674316,2.9100000858306885,3.640000104904175,3.640000104904175,54800
2021-06-11,3.8499999046325684,3.869999885559082,3.5899999141693115,3.6500000953674316,3.6500000953674316,27100
2021-06-14,3.7100000381469727,3.7300000190734863,3.299999952316284,3.4000000953674316,3.4000000953674316,52700
2021-06-15,3.319999933242798,3.6089999675750732,3.25,3.549999952316284,3.549999952316284,47500
2021-06-16,3.3499999046325684,3.75,3.3499999046325684,3.75,3.75,67800
2021-06-17,3.75,3.75,3.6500000953674316,3.6600000858306885,3.6600000858306885,33400
2021-06-18,3.700000047683716,3.759999990463257,3.5999999046325684,3.7200000286102295,3.7200000286102295,44100
2021-06-21,3.619999885559082,3.799999952316284,3.5490000247955322,3.549999952316284,3.549999952316284,24900
2021-06-22,3.700000047683716,3.743000030517578,3.5,3.5999999046325684,3.5999999046325684,35400
2021-06-23,3.5999999046325684,4.079999923706055,3.5999999046325684,4.050000190734863,4.050000190734863,166600
2021-06-24,4.099999904632568,4.5,4.099999904632568,4.425000190734863,4.425000190734863,267500
2021-06-25,4.519999980926514,4.849999904632568,4.400000095367432,4.742000102996826,4.742000102996826,125600
2021-06-28,4.630000114440918,4.989999771118164,4.400000095367432,4.849999904632568,4.849999904632568,159400
2021-06-29,4.900000095367432,4.949999809265137,4.21999979019165,4.340000152587891,4.340000152587891,138800
2021-06-30,4.5,4.5,3.9000000953674316,4.079999923706055,4.079999923706055,110800
2021-07-01,4.150000095367432,4.150000095367432,3.6500000953674316,3.819999933242798,3.819999933242798,139700
2021-07-02,4.385000228881836,5.199999809265137,4.175000190734863,4.400000095367432,4.400000095367432,116600
2021-07-06,4.699999809265137,4.78000020980835,4.119999885559082,4.25,4.25,328200
2021-07-07,4.210000038146973,4.210000038146973,3.5199999809265137,3.700000047683716,3.700000047683716,217500
2021-07-08,3.3499999046325684,3.5799999237060547,3.3499999046325684,3.384999990463257,3.384999990463257,200200
2021-07-09,3.509999990463257,3.509999990463257,3.1500000953674316,3.1500000953674316,3.1500000953674316,184600
2021-07-12,3.3399999141693115,3.5,3.1500000953674316,3.1500000953674316,3.1500000953674316,127700
2021-07-13,3.309999942779541,3.309999942779541,2.509999990463257,2.950000047683716,2.950000047683716,367900
2021-07-14,3.0999999046325684,3.0999999046325684,2.549999952316284,2.6600000858306885,2.6600000858306885,137500
2021-07-15,2.700000047683716,3.359999895095825,2.5999999046325684,2.8499999046325684,2.8499999046325684,928000
2021-07-16,2.880000114440918,2.9749999046325684,2.5,2.5,2.5,276000
2021-07-19,2.490000009536743,2.5899999141693115,2.2300000190734863,2.440000057220459,2.440000057220459,188800
2021-07-20,2.5999999046325684,3.071000099182129,2.490000009536743,3.009999990463257,3.009999990463257,694200
2021-07-21,3.0,3.130000114440918,2.75,3.009999990463257,3.009999990463257,221400
2021-07-22,3.119999885559082,3.3499999046325684,2.8399999141693115,2.890000104904175,2.890000104904175,87200
2021-07-23,2.9800000190734863,2.9800000190734863,2.684999942779541,2.7100000381469727,2.7100000381469727,54500
2021-07-26,2.6500000953674316,2.990000009536743,2.5799999237060547,2.5920000076293945,2.5920000076293945,138800
2021-07-27,2.805000066757202,2.9000000953674316,2.4200000762939453,2.509999990463257,2.509999990463257,115200
2021-07-28,2.5199999809265137,2.9000000953674316,2.4100000858306885,2.809999942779541,2.809999942779541,64800
2021-07-29,2.809999942779541,2.880000114440918,2.630000114440918,2.805000066757202,2.805000066757202,64000
2021-07-30,2.759999990463257,2.9200000762939453,2.740000009536743,2.7899999618530273,2.7899999618530273,34600
2021-08-02,2.680000066757202,2.799999952316284,2.25,2.390000104904175,2.390000104904175,433800
2021-08-03,2.319999933242798,2.4200000762939453,2.109999895095825,2.2100000381469727,2.2100000381469727,193600
2021-08-04,2.2100000381469727,2.3499999046325684,2.049999952316284,2.130000114440918,2.130000114440918,130300
2021-08-05,2.200000047683716,2.5899999141693115,2.200000047683716,2.4800000190734863,2.4800000190734863,201600
2021-08-06,2.8299999237060547,2.8299999237060547,2.2799999713897705,2.4000000953674316,2.4000000953674316,43800
2021-08-09,2.799999952316284,2.8399999141693115,2.4000000953674316,2.619999885559082,2.619999885559082,113300
2021-08-10,2.609999895095825,2.950000047683716,2.5999999046325684,2.609999895095825,2.609999895095825,171900
2021-08-11,2.640000104904175,2.9600000381469727,2.5,2.6500000953674316,2.6500000953674316,69700
2021-08-12,2.6500000953674316,2.765000104904175,2.4100000858306885,2.6500000953674316,2.6500000953674316,65900
2021-08-13,2.6500000953674316,2.6500000953674316,2.4100000858306885,2.4100000858306885,2.4100000858306885,47200
2021-08-16,2.4100000858306885,2.5,2.2100000381469727,2.2100000381469727,2.2100000381469727,80800
2021-08-17,2.299999952316284,2.299999952316284,1.940000057220459,2.0199999809265137,2.0199999809265137,146700
2021-08-18,2.0999999046325684,2.0999999046325684,1.9600000381469727,1.9700000286102295,1.9700000286102295,50600
2021-08-19,1.9700000286102295,2.0899999141693115,1.809999942779541,1.899999976158142,1.899999976158142,57600
2021-08-20,1.75,1.8450000286102295,1.6399999856948853,1.809999942779541,1.809999942779541,170100
2021-08-23,1.7400000095367432,2.0,1.7400000095367432,1.940000057220459,1.940000057220459,36800
2021-08-24,2.049999952316284,2.140000104904175,1.9989999532699585,2.059999942779541,2.059999942779541,78000
2021-08-25,2.009999990463257,2.140000104904175,2.0,2.059999942779541,2.059999942779541,23500
2021-08-26,2.0999999046325684,2.1449999809265137,2.0199999809265137,2.0999999046325684,2.0999999046325684,45200
2021-08-27,2.1600000858306885,2.319999933242798,2.049999952316284,2.0999999046325684,2.0999999046325684,28200
2021-08-30,2.4100000858306885,2.4100000858306885,2.049999952316284,2.059999942779541,2.059999942779541,20100
2021-08-31,2.0,2.0999999046325684,2.0,2.059999942779541,2.059999942779541,34900
2021-09-01,2.059999942779541,2.069999933242798,1.909999966621399,1.909999966621399,1.909999966621399,106200
2021-09-02,2.059999942779541,2.1500000953674316,2.0,2.069999933242798,2.069999933242798,166800
2021-09-03,2.119999885559082,2.200000047683716,2.049999952316284,2.1700000762939453,2.1700000762939453,22100
2021-09-07,2.130000114440918,2.2799999713897705,1.9700000286102295,2.009999990463257,2.009999990463257,47200
2021-09-08,2.140000104904175,2.140000104904175,1.909999966621399,1.9800000190734863,1.9800000190734863,78200
2021-09-09,2.119999885559082,2.119999885559082,1.9299999475479126,2.049999952316284,2.049999952316284,18000
2021-09-10,2.0299999713897705,2.0299999713897705,1.840000033378601,1.840000033378601,1.840000033378601,77100
2021-09-13,2.0899999141693115,2.0899999141693115,1.7599999904632568,1.8600000143051147,1.8600000143051147,40900
2021-09-14,1.899999976158142,1.9800000190734863,1.6299999952316284,1.659999966621399,1.659999966621399,136900
2021-09-15,1.600000023841858,1.7000000476837158,1.600000023841858,1.6699999570846558,1.6699999570846558,91200
2021-09-16,1.6799999475479126,1.7400000095367432,1.5700000524520874,1.7400000095367432,1.7400000095367432,144600
2021-09-17,1.7000000476837158,1.7239999771118164,1.6100000143051147,1.6549999713897705,1.6549999713897705,94300
2021-09-20,1.5499999523162842,1.7200000286102295,1.4600000381469727,1.5549999475479126,1.5549999475479126,153000
2021-09-21,1.590000033378601,1.7799999713897705,1.590000033378601,1.659999966621399,1.659999966621399,246200
2021-09-22,1.7000000476837158,1.840000033378601,1.6100000143051147,1.7300000190734863,1.7300000190734863,152600
2021-09-23,1.940000057220459,1.940000057220459,1.7799999713897705,1.8799999952316284,1.8799999952316284,150300
2021-09-24,1.9800000190734863,2.0,1.840000033378601,1.909999966621399,1.909999966621399,85100
2021-09-27,2.0,2.059999942779541,1.8799999952316284,2.009999990463257,2.009999990463257,178700
2021-09-28,2.0999999046325684,2.0999999046325684,1.9299999475479126,1.9500000476837158,1.9500000476837158,53500
2021-09-29,1.9600000381469727,2.0510001182556152,1.8300000429153442,1.8600000143051147,1.8600000143051147,11800
2021-09-30,1.840000033378601,1.840000033378601,1.7000000476837158,1.75,1.75,38700
2021-10-01,1.7999999523162842,1.8799999952316284,1.7200000286102295,1.850000023841858,1.850000023841858,23500
2021-10-04,1.809999942779541,1.840000033378601,1.7200000286102295,1.809999942779541,1.809999942779541,19200
2021-10-05,1.8799999952316284,1.8799999952316284,1.7599999904632568,1.7799999713897705,1.7799999713897705,41800
2021-10-06,1.7799999713897705,1.7999999523162842,1.6699999570846558,1.75,1.75,20300
2021-10-07,1.7100000381469727,1.7999999523162842,1.7059999704360962,1.7350000143051147,1.7350000143051147,32400
2021-10-08,1.7300000190734863,1.7699999809265137,1.590000033378601,1.600000023841858,1.600000023841858,79500
2021-10-11,1.75,1.7599999904632568,1.600000023841858,1.6549999713897705,1.6549999713897705,63400
2021-10-12,1.6299999952316284,1.75,1.6299999952316284,1.6799999475479126,1.6799999475479126,25700
2021-10-13,1.7200000286102295,1.75,1.6299999952316284,1.75,1.75,35300
2021-10-14,1.75,1.75,1.649999976158142,1.7050000429153442,1.7050000429153442,21300
2021-10-15,1.7000000476837158,1.7100000381469727,1.6799999475479126,1.7100000381469727,1.7100000381469727,8100
2021-10-18,1.75,1.75,1.6799999475479126,1.6799999475479126,1.6799999475479126,33300
2021-10-19,1.7300000190734863,1.7899999618530273,1.649999976158142,1.7699999809265137,1.7699999809265137,66200
2021-10-20,1.7000000476837158,1.7899999618530273,1.7000000476837158,1.7350000143051147,1.7350000143051147,19100
2021-10-21,1.7000000476837158,1.899999976158142,1.7000000476837158,1.850000023841858,1.850000023841858,102100
2021-10-22,2.5,2.5299999713897705,2.049999952316284,2.069999933242798,2.069999933242798,810900
2021-10-25,2.1700000762939453,2.5299999713897705,2.109999895095825,2.359999895095825,2.359999895095825,438600
2021-10-26,2.549999952316284,2.549999952316284,2.2100000381469727,2.2300000190734863,2.2300000190734863,337000
2021-10-27,2.390000104904175,2.4200000762939453,2.200000047683716,2.259999990463257,2.259999990463257,345100
2021-10-28,2.5799999237060547,2.5799999237060547,2.25,2.3399999141693115,2.3399999141693115,192100
2021-10-29,2.3399999141693115,2.5299999713897705,2.259999990463257,2.2899999618530273,2.2899999618530273,238800
2021-11-01,2.5999999046325684,2.690000057220459,2.450000047683716,2.690000057220459,2.690000057220459,292300
2021-11-02,2.8499999046325684,2.8499999046325684,2.5,2.5399999618530273,2.5399999618530273,200100
2021-11-03,2.559999942779541,2.7100000381469727,2.5299999713897705,2.625,2.625,76800
2021-11-04,2.690000057220459,2.7200000286102295,2.3399999141693115,2.3499999046325684,2.3499999046325684,204800
2021-11-05,2.390000104904175,2.559999942779541,2.3499999046325684,2.4100000858306885,2.4100000858306885,148500
2021-11-08,3.549999952316284,4.869999885559082,3.059999942779541,4.349999904632568,4.349999904632568,3228000
2021-11-09,6.769999980926514,7.099999904632568,4.949999809265137,5.329999923706055,5.329999923706055,3742900
2021-11-10,4.869999885559082,6.840000152587891,4.789999961853027,5.7870001792907715,5.7870001792907715,1389100
2021-11-11,6.190000057220459,8.3100004196167,5.880000114440918,8.100000381469727,8.100000381469727,2311800
2021-11-12,7.739999771118164,8.326000213623047,6.880000114440918,7.940000057220459,7.940000057220459,997400
2021-11-15,6.800000190734863,7.199999809265137,5.820000171661377,6.28000020980835,6.28000020980835,729200
2021-11-16,5.579999923706055,5.980000019073486,5.099999904632568,5.53000020980835,5.53000020980835,370000
2021-11-17,5.550000190734863,6.289000034332275,5.340000152587891,5.639999866485596,5.639999866485596,307300
2021-11-18,5.5,5.570000171661377,4.5,4.860000133514404,4.860000133514404,434300
2021-11-19,4.360000133514404,5.199999809265137,4.360000133514404,5.159999847412109,5.159999847412109,210400
2021-11-22,5.139999866485596,5.269999980926514,4.460000038146973,4.559999942779541,4.559999942779541,132200
2021-11-23,4.71999979019165,5.050000190734863,4.309999942779541,4.690000057220459,4.690000057220459,144500
2021-11-24,4.739999771118164,4.739999771118164,4.440000057220459,4.670000076293945,4.670000076293945,149500
2021-11-26,4.309999942779541,4.75,4.28000020980835,4.679999828338623,4.679999828338623,66100
2021-11-29,4.929999828338623,4.929999828338623,4.0,4.369999885559082,4.369999885559082,213800
2021-11-30,4.070000171661377,4.300000190734863,3.799999952316284,4.010000228881836,4.010000228881836,141600
2021-12-01,4.099999904632568,4.329999923706055,3.569999933242798,3.609999895095825,3.609999895095825,143300
2021-12-02,3.609999895095825,3.759999990463257,3.4700000286102295,3.630000114440918,3.630000114440918,80400
2021-12-03,3.799999952316284,3.799999952316284,3.309999942779541,3.4800000190734863,3.4800000190734863,120300
2021-12-06,3.4800000190734863,3.5999999046325684,3.140000104904175,3.4800000190734863,3.4800000190734863,90500
2021-12-07,3.9800000190734863,4.130000114440918,3.5199999809265137,3.630000114440918,3.630000114440918,67100
2021-12-08,3.6600000858306885,3.869999885559082,3.4700000286102295,3.7899999618530273,3.7899999618530273,83900
2021-12-09,4.5,4.619999885559082,4.114999771118164,4.269999980926514,4.269999980926514,341300
2021-12-10,4.429999828338623,4.429999828338623,3.9000000953674316,4.010000228881836,4.010000228881836,94700
2021-12-13,3.9100000858306885,4.400000095367432,3.7899999618530273,3.940000057220459,3.940000057220459,87500
2021-12-14,3.7699999809265137,3.7699999809265137,3.2699999809265137,3.359999895095825,3.359999895095825,167300
2021-12-15,3.4000000953674316,3.430000066757202,3.049999952316284,3.309999942779541,3.309999942779541,74800
2021-12-16,3.3399999141693115,3.5199999809265137,2.75,2.75,2.75,133800
2021-12-17,2.799999952316284,3.0199999809265137,2.690000057220459,2.740000009536743,2.740000009536743,101100
2021-12-20,2.700000047683716,2.740000009536743,2.430000066757202,2.678999900817871,2.678999900817871,128200
2021-12-21,2.8499999046325684,2.9200000762939453,2.759999990463257,2.9000000953674316,2.9000000953674316,65000
2021-12-22,3.0,3.0,2.6500000953674316,2.8499999046325684,2.8499999046325684,140100
2021-12-23,2.859999895095825,3.0399999618530273,2.76200008392334,2.9649999141693115,2.9649999141693115,139600
2021-12-27,2.9000000953674316,3.0,2.7200000286102295,2.740000009536743,2.740000009536743,81900
2021-12-28,2.7200000286102295,2.75,2.549999952316284,2.6500000953674316,2.6500000953674316,120500
2021-12-29,2.559999942779541,2.609999895095825,2.25,2.450000047683716,2.450000047683716,158300
2021-12-30,2.4200000762939453,2.990000009536743,2.4200000762939453,2.799999952316284,2.799999952316284,62300
2021-12-31,2.9200000762939453,3.0799999237060547,2.6500000953674316,2.6500000953674316,2.6500000953674316,79200
2022-01-03,2.7699999809265137,3.049999952316284,2.7699999809265137,2.890000104904175,2.890000104904175,46800
2022-01-04,3.0,3.0299999713897705,2.6500000953674316,2.7799999713897705,2.7799999713897705,85600
2022-01-05,2.7100000381469727,2.8499999046325684,2.5299999713897705,2.569999933242798,2.569999933242798,101600
2022-01-06,2.5,2.630000114440918,2.2799999713897705,2.490000009536743,2.490000009536743,64800
2022-01-07,2.509999990463257,2.700000047683716,2.319999933242798,2.4200000762939453,2.4200000762939453,58900
2022-01-10,2.2899999618530273,2.3499999046325684,2.0999999046325684,2.3399999141693115,2.3399999141693115,111200
2022-01-11,2.359999895095825,2.4600000381469727,2.3499999046325684,2.430000066757202,2.430000066757202,58900
2022-01-12,2.5999999046325684,2.6500000953674316,2.259999990463257,2.309999942779541,2.309999942779541,53800
2022-01-13,2.390000104904175,2.390000104904175,2.109999895095825,2.130000114440918,2.130000114440918,52400
2022-01-14,2.0399999618530273,2.2100000381469727,1.9199999570846558,2.059999942779541,2.059999942779541,114700
2022-01-18,2.0,2.0199999809265137,1.850000023841858,1.940000057220459,1.940000057220459,99000
2022-01-19,1.9600000381469727,2.049999952316284,1.899999976158142,1.9299999475479126,1.9299999475479126,98100
2022-01-20,2.0399999618530273,2.140000104904175,1.909999966621399,1.9450000524520874,1.9450000524520874,79000
2022-01-21,1.899999976158142,1.940000057220459,1.7899999618530273,1.7899999618530273,1.7899999618530273,125600
2022-01-24,1.75,1.840000033378601,1.5,1.840000033378601,1.840000033378601,118300
2022-01-25,1.899999976158142,1.940000057220459,1.7000000476837158,1.850000023841858,1.850000023841858,54200
2022-01-26,1.9500000476837158,1.9500000476837158,1.75,1.7599999904632568,1.7599999904632568,60300
2022-01-27,1.840000033378601,1.840000033378601,1.649999976158142,1.659999966621399,1.659999966621399,47700
2022-01-28,1.6299999952316284,1.75,1.5800000429153442,1.6799999475479126,1.6799999475479126,68500
2022-01-31,1.659999966621399,1.8899999856948853,1.659999966621399,1.8700000047683716,1.8700000047683716,66500
2022-02-01,2.0,2.299999952316284,1.9049999713897705,2.190000057220459,2.190000057220459,104200
2022-02-02,2.259999990463257,2.259999990463257,2.009999990463257,2.0299999713897705,2.0299999713897705,45900
2022-02-03,1.9199999570846558,2.138000011444092,1.9199999570846558,1.9500000476837158,1.9500000476837158,20400
2022-02-04,1.9199999570846558,2.069999933242798,1.909999966621399,2.009999990463257,2.009999990463257,38300
2022-02-07,2.0,2.369999885559082,1.9199999570846558,2.0399999618530273,2.0399999618530273,49400
2022-02-08,2.180000066757202,2.25,2.059999942779541,2.190000057220459,2.190000057220459,56100
2022-02-09,2.3399999141693115,2.5,2.25,2.4600000381469727,2.4600000381469727,78400
2022-02-10,2.4200000762939453,3.009999990463257,2.369999885559082,2.5999999046325684,2.5999999046325684,198700
2022-02-11,2.9700000286102295,2.990000009536743,2.430000066757202,2.490000009536743,2.490000009536743,64900
2022-02-14,2.4000000953674316,2.6600000858306885,2.4000000953674316,2.571000099182129,2.571000099182129,64700
2022-02-15,2.619999885559082,2.740999937057495,2.5,2.5999999046325684,2.5999999046325684,80300
2022-02-16,2.6600000858306885,2.7699999809265137,2.5299999713897705,2.7100000381469727,2.7100000381469727,57500
2022-02-17,2.619999885559082,2.7699999809265137,2.549999952316284,2.700000047683716,2.700000047683716,95100
2022-02-18,2.700000047683716,2.75,2.5299999713897705,2.5999999046325684,2.5999999046325684,71600
2022-02-22,2.5999999046325684,2.5999999046325684,2.200000047683716,2.369999885559082,2.369999885559082,56500
2022-02-23,2.3499999046325684,2.4200000762939453,2.1500000953674316,2.200000047683716,2.200000047683716,21500
2022-02-24,2.0,2.4200000762939453,2.0,2.4200000762939453,2.4200000762939453,30100
2022-02-25,2.450000047683716,2.450000047683716,2.2799999713897705,2.2799999713897705,2.2799999713897705,13800
2022-02-28,2.240000009536743,2.6500000953674316,2.240000009536743,2.5,2.5,68500
2022-03-01,2.630000114440918,2.690000057220459,2.380000114440918,2.490000009536743,2.490000009536743,41200
2022-03-02,2.700000047683716,2.700000047683716,2.5,2.5999999046325684,2.5999999046325684,38900
2022-03-03,2.700000047683716,2.759999990463257,2.509999990463257,2.759999990463257,2.759999990463257,114000
2022-03-04,2.700000047683716,2.8499999046325684,2.640000104904175,2.7300000190734863,2.7300000190734863,64300
2022-03-07,2.799999952316284,3.0399999618530273,2.509999990463257,2.75,2.75,83800
2022-03-08,2.8399999141693115,3.319999933242798,2.759999990463257,3.25,3.25,233600
2022-03-09,3.380000114440918,3.6500000953674316,3.2899999618530273,3.3299999237060547,3.3299999237060547,178700
2022-03-10,3.450000047683716,3.4800000190734863,3.25,3.4700000286102295,3.4700000286102295,80900
2022-03-11,3.5,3.700000047683716,3.259999990463257,3.309999942779541,3.309999942779541,50600
2022-03-14,3.259999990463257,3.559999942779541,2.890000104904175,2.940000057220459,2.940000057220459,43800
2022-03-15,2.880000114440918,3.119999885559082,2.759999990463257,3.119999885559082,3.119999885559082,40000
2022-03-16,3.299999952316284,3.369999885559082,3.119999885559082,3.325000047683716,3.325000047683716,43600
2022-03-17,3.4600000381469727,3.700000047683716,3.4600000381469727,3.690000057220459,3.690000057220459,60100
2022-03-18,3.6700000762939453,3.9100000858306885,3.5299999713897705,3.640000104904175,3.640000104904175,118600
2022-03-21,3.75,3.75,3.240000009536743,3.240000009536743,3.240000009536743,43200
2022-03-22,3.2100000381469727,3.319999933242798,3.1600000858306885,3.2300000190734863,3.2300000190734863,89500
2022-03-23,3.25,3.450000047683716,3.0299999713897705,3.4200000762939453,3.4200000762939453,64600
2022-03-24,3.5,3.990000009536743,3.2899999618530273,3.859999895095825,3.859999895095825,661400
2022-03-25,3.859999895095825,3.859999895095825,3.390000104904175,3.4700000286102295,3.4700000286102295,56800
2022-03-28,3.5399999618530273,3.561000108718872,3.2100000381469727,3.4000000953674316,3.4000000953674316,77600
2022-03-29,3.4800000190734863,3.8499999046325684,3.380000114440918,3.805000066757202,3.805000066757202,157900
2022-03-30,3.759999990463257,3.8499999046325684,3.559999942779541,3.6500000953674316,3.6500000953674316,77100
2022-03-31,3.5999999046325684,3.940000057220459,3.5510001182556152,3.9100000858306885,3.9100000858306885,64200
2022-04-01,3.8499999046325684,4.090000152587891,3.7899999618530273,3.880000114440918,3.880000114440918,60900
2022-04-04,3.809999942779541,4.409999847412109,3.809999942779541,4.239999771118164,4.239999771118164,141100
2022-04-05,4.199999809265137,4.380000114440918,4.010000228881836,4.010000228881836,4.010000228881836,45800
2022-04-06,4.0,4.0,3.380000114440918,3.430000066757202,3.430000066757202,86100
2022-04-07,3.740000009536743,3.8499999046325684,3.569999933242798,3.75,3.75,44800
2022-04-08,3.609999895095825,3.799999952316284,3.549999952316284,3.549999952316284,3.549999952316284,49300
2022-04-11,3.299999952316284,4.0,3.299999952316284,3.5,3.5,112700
2022-04-12,3.6700000762939453,3.930000066757202,3.440000057220459,3.5,3.5,60700
2022-04-13,3.509999990463257,3.8399999141693115,3.509999990463257,3.8299999237060547,3.8299999237060547,58500
2022-04-14,3.7100000381469727,4.019999980926514,3.5,3.509999990463257,3.509999990463257,108300
2022-04-18,3.549999952316284,3.549999952316284,2.871000051498413,3.0,3.0,235500
2022-04-19,3.0,3.2899999618530273,3.0,3.009999990463257,3.009999990463257,114600
2022-04-20,3.009999990463257,3.009999990463257,2.7100000381469727,2.75,2.75,29100
2022-04-21,2.8499999046325684,2.9000000953674316,2.4149999618530273,2.5399999618530273,2.5399999618530273,70400
2022-04-22,2.5899999141693115,2.5999999046325684,2.4000000953674316,2.450000047683716,2.450000047683716,45200
2022-04-25,2.3399999141693115,2.740000009536743,2.3399999141693115,2.5899999141693115,2.5899999141693115,37600
2022-04-26,2.640000104904175,2.640000104904175,2.4800000190734863,2.5,2.5,13600
2022-04-27,2.5799999237060547,2.5899999141693115,2.299999952316284,2.3399999141693115,2.3399999141693115,14600
2022-04-28,2.390000104904175,2.450000047683716,2.1700000762939453,2.3570001125335693,2.3570001125335693,104300
2022-04-29,2.3399999141693115,2.3499999046325684,2.0799999237060547,2.1500000953674316,2.1500000953674316,87000
2022-05-02,2.0399999618530273,2.2899999618530273,1.9500000476837158,2.0999999046325684,2.0999999046325684,57800
2022-05-03,2.240000009536743,2.2899999618530273,2.0399999618530273,2.130000114440918,2.130000114440918,19700
2022-05-04,2.0199999809265137,2.25,2.0,2.25,2.25,38100
2022-05-05,2.319999933242798,2.319999933242798,2.049999952316284,2.180000066757202,2.180000066757202,30500
2022-05-06,2.049999952316284,2.2100000381469727,1.9800000190734863,2.1500000953674316,2.1500000953674316,34500
2022-05-09,2.119999885559082,2.119999885559082,1.809999942779541,1.8799999952316284,1.8799999952316284,66600
2022-05-10,1.8300000429153442,1.975000023841858,1.6200000047683716,1.6799999475479126,1.6799999475479126,145700
2022-05-11,1.7000000476837158,1.8300000429153442,1.409999966621399,1.5,1.5,116700
2022-05-12,1.4800000190734863,1.9700000286102295,1.4800000190734863,1.840000033378601,1.840000033378601,217500
2022-05-13,2.200000047683716,2.200000047683716,1.7699999809265137,1.9529999494552612,1.9529999494552612,99000
2022-05-16,2.0399999618530273,2.1040000915527344,1.809999942779541,1.9299999475479126,1.9299999475479126,38500
2022-05-17,2.0,2.1500000953674316,1.8899999856948853,2.1500000953674316,2.1500000953674316,40800
2022-05-18,2.119999885559082,2.119999885559082,1.9500000476837158,1.9900000095367432,1.9900000095367432,43200
2022-05-19,1.9900000095367432,2.240000009536743,1.9900000095367432,2.200000047683716,2.200000047683716,80600
2022-05-20,2.25,2.2899999618530273,1.9500000476837158,2.0899999141693115,2.0899999141693115,53300
2022-05-23,2.190000057220459,2.190000057220459,1.909999966621399,2.0399999618530273,2.0399999618530273,69900
2022-05-24,2.0199999809265137,2.0199999809265137,1.8700000047683716,1.899999976158142,1.899999976158142,67900
2022-05-25,2.009999990463257,2.0999999046325684,2.009999990463257,2.069999933242798,2.069999933242798,15100
2022-05-26,2.2100000381469727,2.2799999713897705,2.200000047683716,2.259999990463257,2.259999990463257,85400
2022-05-27,2.4000000953674316,2.4800000190734863,2.2699999809265137,2.3399999141693115,2.3399999141693115,94800
2022-05-31,2.450000047683716,2.450000047683716,2.1549999713897705,2.240000009536743,2.240000009536743,57000
2022-06-01,2.200000047683716,2.299999952316284,2.140000104904175,2.1600000858306885,2.1600000858306885,91500
2022-06-02,2.2100000381469727,2.369999885559082,2.2100000381469727,2.2799999713897705,2.2799999713897705,115700
2022-06-03,2.2899999618530273,2.319999933242798,2.1500000953674316,2.259999990463257,2.259999990463257,19900
2022-06-06,2.2699999809265137,2.390000104904175,2.2699999809265137,2.2699999809265137,2.2699999809265137,110300
2022-06-07,2.240000009536743,2.2699999809265137,2.0999999046325684,2.259999990463257,2.259999990463257,20700
2022-06-08,2.3499999046325684,2.3499999046325684,2.2699999809265137,2.2899999618530273,2.2899999618530273,37100
2022-06-09,2.259999990463257,2.3499999046325684,2.109999895095825,2.140000104904175,2.140000104904175,28100
2022-06-10,2.0850000381469727,2.0999999046325684,1.9600000381469727,1.9800000190734863,1.9800000190734863,74800
2022-06-13,1.899999976158142,1.899999976158142,1.7300000190734863,1.809999942779541,1.809999942779541,80500
2022-06-14,1.7999999523162842,1.9199999570846558,1.7899999618530273,1.8660000562667847,1.8660000562667847,40300
2022-06-15,1.8899999856948853,2.0299999713897705,1.8899999856948853,2.0299999713897705,2.0299999713897705,78700
2022-06-16,1.8700000047683716,2.0230000019073486,1.850000023841858,1.8550000190734863,1.8550000190734863,303800
2022-06-17,1.850000023841858,1.9900000095367432,1.850000023841858,1.8899999856948853,1.8899999856948853,23500
2022-06-21,1.899999976158142,2.069999933242798,1.850000023841858,1.899999976158142,1.899999976158142,38900
2022-06-22,1.8600000143051147,1.899999976158142,1.8079999685287476,1.8200000524520874,1.8200000524520874,53000
2022-06-23,1.7300000190734863,1.8799999952316284,1.7300000190734863,1.8799999952316284,1.8799999952316284,37000
2022-06-24,1.7899999618530273,1.8700000047683716,1.7649999856948853,1.7649999856948853,1.7649999856948853,21300
2022-06-27,1.7949999570846558,1.809999942779541,1.7100000381469727,1.725000023841858,1.725000023841858,19400
2022-06-28,1.7000000476837158,1.7799999713897705,1.6399999856948853,1.649999976158142,1.649999976158142,28600
2022-06-29,1.6200000047683716,1.6200000047683716,1.3799999952316284,1.440000057220459,1.440000057220459,182800
2022-06-30,1.350000023841858,1.399999976158142,1.1299999952316284,1.25,1.25,184500
2022-07-01,1.25,1.25,1.059999942779541,1.1299999952316284,1.1299999952316284,224400
2022-07-05,0.9509999752044678,1.25,0.949999988079071,1.100000023841858,1.100000023841858,81100
2022-07-06,1.3799999952316284,1.3799999952316284,1.090000033378601,1.159999966621399,1.159999966621399,151500
2022-07-07,1.149999976158142,1.350000023841858,1.149999976158142,1.3300000429153442,1.3300000429153442,84100
2022-07-08,1.309999942779541,1.399999976158142,1.25,1.399999976158142,1.399999976158142,22400
2022-07-11,1.399999976158142,1.399999976158142,1.2400000095367432,1.25,1.25,37300
2022-07-12,1.25,1.2799999713897705,1.2000000476837158,1.2599999904632568,1.2599999904632568,16500
2022-07-13,1.1799999475479126,1.2699999809265137,1.1799999475479126,1.2400000095367432,1.2400000095367432,21100
2022-07-14,1.2999999523162842,1.5,1.149999976158142,1.440000057220459,1.440000057220459,105100
2022-07-15,1.590000033378601,1.600000023841858,1.3799999952316284,1.5299999713897705,1.5299999713897705,45800
2022-07-18,1.6399999856948853,1.684999942779541,1.5499999523162842,1.659999966621399,1.659999966621399,74100
2022-07-19,1.690000057220459,1.9199999570846558,1.6799999475479126,1.840000033378601,1.840000033378601,87500
2022-07-20,1.8899999856948853,2.049999952316284,1.8899999856948853,1.9600000381469727,1.9600000381469727,94600
2022-07-21,1.9900000095367432,2.1500000953674316,1.9700000286102295,2.0799999237060547,2.0799999237060547,114200
2022-07-22,2.0799999237060547,2.0799999237060547,1.6200000047683716,1.7999999523162842,1.7999999523162842,75300
2022-07-25,1.7999999523162842,1.8300000429153442,1.5299999713897705,1.7200000286102295,1.7200000286102295,36100
2022-07-26,1.690000057220459,1.690000057220459,1.5499999523162842,1.5499999523162842,1.5499999523162842,50400
2022-07-27,1.649999976158142,1.7000000476837158,1.5800000429153442,1.6799999475479126,1.6799999475479126,64300
2022-07-28,1.7899999618530273,1.9700000286102295,1.7100000381469727,1.8700000047683716,1.8700000047683716,75200
2022-07-29,2.0,2.0,1.8259999752044678,1.9800000190734863,1.9800000190734863,193100
2022-08-01,2.0299999713897705,2.0299999713897705,1.7400000095367432,1.7400000095367432,1.7400000095367432,30600
2022-08-02,1.7899999618530273,1.840000033378601,1.6799999475479126,1.840000033378601,1.840000033378601,13300
2022-08-03,1.75,2.0,1.75,1.9199999570846558,1.9199999570846558,30800
2022-08-04,1.8899999856948853,2.109999895095825,1.8899999856948853,2.0999999046325684,2.0999999046325684,53500
2022-08-05,2.1500000953674316,2.2100000381469727,1.965000033378601,2.130000114440918,2.130000114440918,43800
2022-08-08,2.4000000953674316,2.559999942779541,2.0999999046325684,2.190000057220459,2.190000057220459,148400
2022-08-09,2.190000057220459,2.190000057220459,1.8600000143051147,2.119999885559082,2.119999885559082,45200
2022-08-10,2.0299999713897705,2.5,2.0299999713897705,2.5,2.5,172100
2022-08-11,2.490000009536743,2.6500000953674316,2.299999952316284,2.4100000858306885,2.4100000858306885,122000
2022-08-12,2.5299999713897705,2.990000009536743,2.5299999713897705,2.940000057220459,2.940000057220459,331900
2022-08-15,2.990000009536743,3.049999952316284,2.7699999809265137,2.9800000190734863,2.9800000190734863,174500
2022-08-16,2.9800000190734863,3.0799999237060547,2.799999952316284,2.9100000858306885,2.9100000858306885,211200
2022-08-17,2.9000000953674316,2.9000000953674316,2.5,2.549999952316284,2.549999952316284,121100
2022-08-18,2.5399999618530273,2.5999999046325684,2.2249999046325684,2.430000066757202,2.430000066757202,54300
2022-08-19,2.2699999809265137,2.3299999237060547,1.9900000095367432,2.0799999237060547,2.0799999237060547,113000
2022-08-22,2.049999952316284,2.049999952316284,1.784999966621399,1.9299999475479126,1.9299999475479126,76600
2022-08-23,2.0299999713897705,2.0999999046325684,1.965000033378601,2.009999990463257,2.009999990463257,37600
2022-08-24,2.0399999618530273,2.328000068664551,2.0399999618530273,2.2200000286102295,2.2200000286102295,72200
2022-08-25,2.25,2.319999933242798,2.1500000953674316,2.2950000762939453,2.2950000762939453,58000
2022-08-26,2.309999942779541,2.319999933242798,1.9700000286102295,2.0399999618530273,2.0399999618530273,54600
2022-08-29,2.0,2.180000066757202,1.9299999475479126,2.119999885559082,2.119999885559082,96700
2022-08-30,2.119999885559082,2.240000009536743,2.0399999618530273,2.130000114440918,2.130000114440918,62800
2022-08-31,2.1500000953674316,2.200000047683716,2.0799999237060547,2.1500000953674316,2.1500000953674316,53800
2022-09-01,2.009999990463257,2.0899999141693115,1.9500000476837158,2.0399999618530273,2.0399999618530273,40700
2022-09-02,2.049999952316284,2.069999933242798,1.8799999952316284,1.9600000381469727,1.9600000381469727,56500
2022-09-06,1.909999966621399,1.9900000095367432,1.8819999694824219,1.944000005722046,1.944000005722046,18200
2022-09-07,1.899999976158142,2.0799999237060547,1.899999976158142,2.049999952316284,2.049999952316284,71200
2022-09-08,2.009999990463257,2.140000104904175,2.0,2.049999952316284,2.049999952316284,9500
2022-09-09,2.0999999046325684,2.1500000953674316,2.059999942779541,2.140000104904175,2.140000104904175,43700
2022-09-12,2.1500000953674316,2.2100000381469727,2.0299999713897705,2.0899999141693115,2.0899999141693115,74300
2022-09-13,2.0,2.069999933242798,1.9199999570846558,2.0299999713897705,2.0299999713897705,21900
2022-09-14,2.049999952316284,2.0899999141693115,1.899999976158142,2.0799999237060547,2.0799999237060547,66300
2022-09-15,2.009999990463257,2.5,2.009999990463257,2.359999895095825,2.359999895095825,320800
2022-09-16,2.2699999809265137,2.2699999809265137,1.9700000286102295,2.0199999809265137,2.0199999809265137,58800
2022-09-19,2.0399999618530273,2.190000057220459,2.009999990463257,2.119999885559082,2.119999885559082,26100
2022-09-20,2.0399999618530273,2.0799999237060547,1.9500000476837158,1.9500000476837158,1.9500000476837158,45700
2022-09-21,1.9600000381469727,2.1700000762939453,1.9199999570846558,2.009999990463257,2.009999990463257,30100
2022-09-22,1.9600000381469727,1.9700000286102295,1.8799999952316284,1.9199999570846558,1.9199999570846558,49300
2022-09-23,1.899999976158142,1.909999966621399,1.7699999809265137,1.850000023841858,1.850000023841858,82800
2022-09-26,1.850000023841858,1.9199999570846558,1.7899999618530273,1.899999976158142,1.899999976158142,23500
2022-09-27,1.9199999570846558,1.9199999570846558,1.7999999523162842,1.8700000047683716,1.8700000047683716,22400
2022-09-28,1.840000033378601,2.0899999141693115,1.840000033378601,2.0799999237060547,2.0799999237060547,65700
2022-09-29,1.9299999475479126,2.0199999809265137,1.7799999713897705,1.7999999523162842,1.7999999523162842,52600
2022-09-30,1.7400000095367432,1.9199999570846558,1.7000000476837158,1.850000023841858,1.850000023841858,23700
2022-10-03,1.840000033378601,1.9199999570846558,1.815000057220459,1.902999997138977,1.902999997138977,5700
2022-10-04,1.8899999856948853,2.069999933242798,1.8899999856948853,2.0299999713897705,2.0299999713897705,69600
2022-10-05,1.9299999475479126,1.9900000095367432,1.8300000429153442,1.9500000476837158,1.9500000476837158,20800
2022-10-06,1.8799999952316284,2.0999999046325684,1.8799999952316284,1.8899999856948853,1.8899999856948853,24700
2022-10-07,1.7899999618530273,1.8600000143051147,1.75,1.7699999809265137,1.7699999809265137,37800
2022-10-10,1.75,1.8799999952316284,1.7100000381469727,1.725000023841858,1.725000023841858,18000
2022-10-11,2.069999933242798,2.069999933242798,1.5399999618530273,1.5499999523162842,1.5499999523162842,70600
2022-10-12,1.600000023841858,1.659999966621399,1.440000057220459,1.5299999713897705,1.5299999713897705,41300
2022-10-13,1.5,1.5800000429153442,1.3300000429153442,1.5499999523162842,1.5499999523162842,73700
2022-10-14,1.6399999856948853,1.6399999856948853,1.5499999523162842,1.5989999771118164,1.5989999771118164,49500
2022-10-17,1.7200000286102295,1.75,1.659999966621399,1.7300000190734863,1.7300000190734863,9100
2022-10-18,1.781000018119812,1.7899999618530273,1.7000000476837158,1.75,1.75,7400
2022-10-19,1.7799999713897705,1.7899999618530273,1.6699999570846558,1.7000000476837158,1.7000000476837158,5200
2022-10-20,1.7000000476837158,1.7599999904632568,1.6699999570846558,1.7300000190734863,1.7300000190734863,7400
2022-10-21,1.6699999570846558,1.7400000095367432,1.6699999570846558,1.7400000095367432,1.7400000095367432,36600
2022-10-24,1.7100000381469727,1.7200000286102295,1.6299999952316284,1.659999966621399,1.659999966621399,10400
2022-10-25,1.659999966621399,1.7799999713897705,1.649999976158142,1.75,1.75,18200
2022-10-26,1.7899999618530273,1.8289999961853027,1.7000000476837158,1.7599999904632568,1.7599999904632568,7100
2022-10-27,1.7000000476837158,1.7799999713897705,1.690000057220459,1.7400000095367432,1.7400000095367432,20200
2022-10-28,1.7000000476837158,1.7999999523162842,1.649999976158142,1.7999999523162842,1.7999999523162842,25000
2022-10-31,1.809999942779541,1.850000023841858,1.7400000095367432,1.7999999523162842,1.7999999523162842,14900
2022-11-01,1.940000057220459,1.940000057220459,1.75,1.7799999713897705,1.7799999713897705,37200
2022-11-02,1.7899999618530273,1.7999999523162842,1.6399999856948853,1.6399999856948853,1.6399999856948853,17900
2022-11-03,1.7100000381469727,1.7699999809265137,1.6100000143051147,1.7200000286102295,1.7200000286102295,16200
2022-11-04,1.850000023841858,1.850000023841858,1.590000033378601,1.5950000286102295,1.5950000286102295,19900
2022-11-07,1.659999966621399,1.6799999475479126,1.559999942779541,1.559999942779541,1.559999942779541,38600
2022-11-08,1.5499999523162842,1.690000057220459,1.5499999523162842,1.6169999837875366,1.6169999837875366,31800
2022-11-09,1.6799999475479126,1.7100000381469727,1.5499999523162842,1.6399999856948853,1.6399999856948853,35000
2022-11-10,1.8600000143051147,1.8600000143051147,1.6200000047683716,1.6699999570846558,1.6699999570846558,55000
2022-11-11,1.7699999809265137,1.7699999809265137,1.6699999570846558,1.7400000095367432,1.7400000095367432,37000
2022-11-14,1.690000057220459,1.7699999809265137,1.6699999570846558,1.6699999570846558,1.6699999570846558,10700
2022-11-15,1.850000023841858,1.850000023841858,1.6699999570846558,1.6699999570846558,1.6699999570846558,24200
2022-11-16,1.7200000286102295,1.7300000190734863,1.590000033378601,1.590000033378601,1.590000033378601,31600
2022-11-17,1.5499999523162842,1.6399999856948853,1.5299999713897705,1.5700000524520874,1.5700000524520874,72100
2022-11-18,1.5750000476837158,1.6200000047683716,1.5099999904632568,1.5119999647140503,1.5119999647140503,9000
2022-11-21,1.6200000047683716,1.6200000047683716,1.4199999570846558,1.4500000476837158,1.4500000476837158,29600
2022-11-22,1.4900000095367432,1.5299999713897705,1.350000023841858,1.4290000200271606,1.4290000200271606,71300
2022-11-23,1.3700000047683716,1.409999966621399,1.2799999713897705,1.2970000505447388,1.2970000505447388,31500
2022-11-25,1.2999999523162842,1.3600000143051147,1.2699999809265137,1.2799999713897705,1.2799999713897705,33100
2022-11-28,1.2999999523162842,1.2999999523162842,1.2050000429153442,1.2300000190734863,1.2300000190734863,23100
2022-11-29,1.2599999904632568,1.2899999618530273,1.2100000381469727,1.2200000286102295,1.2200000286102295,12200
2022-11-30,1.2300000190734863,1.340000033378601,1.2200000286102295,1.3300000429153442,1.3300000429153442,48400
2022-12-01,1.3200000524520874,1.3300000429153442,1.2000000476837158,1.2599999904632568,1.2599999904632568,32800
2022-12-02,1.2300000190734863,1.2999999523162842,1.2000000476837158,1.2999999523162842,1.2999999523162842,10300
2022-12-05,1.25,1.2599999904632568,1.1799999475479126,1.2000000476837158,1.2000000476837158,8000
2022-12-06,1.2899999618530273,1.2899999618530273,1.100000023841858,1.1699999570846558,1.1699999570846558,30200
2022-12-07,1.1799999475479126,1.340000033378601,1.149999976158142,1.159999966621399,1.159999966621399,10900
2022-12-08,1.149999976158142,1.2799999713897705,1.1200000047683716,1.2000000476837158,1.2000000476837158,16700
2022-12-09,1.149999976158142,1.149999976158142,1.090000033378601,1.090000033378601,1.090000033378601,23400
2022-12-12,1.100000023841858,1.1200000047683716,1.0199999809265137,1.0199999809265137,1.0199999809265137,55300
2022-12-13,1.0,1.0499999523162842,0.8799999952316284,0.9100000262260437,0.9100000262260437,97700
2022-12-14,0.949999988079071,1.0299999713897705,0.9100000262260437,1.0199999809265137,1.0199999809265137,19600
2022-12-15,1.0099999904632568,1.0299999713897705,0.949999988079071,1.0199999809265137,1.0199999809265137,141400
2022-12-16,0.9900000095367432,1.0449999570846558,0.9139999747276306,1.0,1.0,81000
2022-12-19,1.0499999523162842,1.0499999523162842,0.8799999952316284,0.8899999856948853,0.8899999856948853,35300
2022-12-20,1.0,1.0,0.6499999761581421,0.8399999737739563,0.8399999737739563,220800
2022-12-21,0.8399999737739563,0.8399999737739563,0.6660000085830688,0.7799999713897705,0.7799999713897705,32300
2022-12-22,0.8100000023841858,0.8100000023841858,0.699999988079071,0.699999988079071,0.699999988079071,30300
2022-12-23,0.7549999952316284,0.7549999952316284,0.6899999976158142,0.6899999976158142,0.6899999976158142,32300
2022-12-27,0.699999988079071,0.699999988079071,0.5299999713897705,0.5799999833106995,0.5799999833106995,54900
2022-12-28,0.6299999952316284,0.6299999952316284,0.5400000214576721,0.6200000047683716,0.6200000047683716,54900
2022-12-29,0.6399999856948853,0.6499999761581421,0.6119999885559082,0.6499999761581421,0.6499999761581421,49700
2022-12-30,0.6700000166893005,0.6800000071525574,0.6000000238418579,0.6800000071525574,0.6800000071525574,61800
2023-01-03,0.7099999785423279,0.7200000286102295,0.6200000047683716,0.6800000071525574,0.6800000071525574,9800
2023-01-04,0.656000018119812,0.6830000281333923,0.550000011920929,0.550000011920929,0.550000011920929,78900
2023-01-05,0.6000000238418579,0.6000000238418579,0.5,0.578000009059906,0.578000009059906,17800
2023-01-06,0.800000011920929,0.800000011920929,0.5540000200271606,0.6100000143051147,0.6100000143051147,3200
2023-01-09,0.6800000071525574,0.7099999785423279,0.6399999856948853,0.6800000071525574,0.6800000071525574,31700
2023-01-10,0.6800000071525574,0.75,0.6499999761581421,0.699999988079071,0.699999988079071,103700
2023-01-11,0.8600000143051147,0.8600000143051147,0.699999988079071,0.800000011920929,0.800000011920929,139300
2023-01-12,0.9049999713897705,0.9049999713897705,0.7549999952316284,0.8899999856948853,0.8899999856948853,55300
2023-01-13,0.9200000166893005,0.9900000095367432,0.8500000238418579,0.9100000262260437,0.9100000262260437,79900
2023-01-17,0.8999999761581421,0.9300000071525574,0.7609999775886536,0.8399999737739563,0.8399999737739563,202300
2023-01-18,0.8100000023841858,1.0,0.6499999761581421,0.75,0.75,367300
2023-01-19,0.75,0.800000011920929,0.6119999885559082,0.6200000047683716,0.6200000047683716,156700
2023-01-20,0.6800000071525574,0.699999988079071,0.6200000047683716,0.6650000214576721,0.6650000214576721,22100
2023-01-23,0.6340000033378601,0.800000011920929,0.6340000033378601,0.7599999904632568,0.7599999904632568,124900
2023-01-24,0.7699999809265137,0.800000011920929,0.699999988079071,0.800000011920929,0.800000011920929,39500
2023-01-25,0.7400000095367432,0.800000011920929,0.7400000095367432,0.7910000085830688,0.7910000085830688,42300
2023-01-26,0.7950000166893005,0.8399999737739563,0.7300000190734863,0.7870000004768372,0.7870000004768372,47300
2023-01-27,0.7369999885559082,0.9200000166893005,0.7200000286102295,0.8970000147819519,0.8970000147819519,48200
2023-01-30,0.9300000071525574,0.9300000071525574,0.7839999794960022,0.8399999737739563,0.8399999737739563,22800
2023-01-31,0.8799999952316284,0.9229999780654907,0.8500000238418579,0.9229999780654907,0.9229999780654907,17500
2023-02-01,0.9200000166893005,0.9200000166893005,0.800000011920929,0.8299999833106995,0.8299999833106995,234000
2023-02-02,0.8899999856948853,0.949999988079071,0.8379999995231628,0.9200000166893005,0.9200000166893005,81100
2023-02-03,0.9300000071525574,0.9599999785423279,0.8899999856948853,0.8999999761581421,0.8999999761581421,196900
2023-02-06,0.8500000238418579,0.9340000152587891,0.8100000023841858,0.8500000238418579,0.8500000238418579,40500
2023-02-07,0.8980000019073486,0.8999999761581421,0.8399999737739563,0.8999999761581421,0.8999999761581421,129800
2023-02-08,0.9819999933242798,0.9819999933242798,0.8600000143051147,0.9200000166893005,0.9200000166893005,7400
2023-02-09,0.9200000166893005,0.9200000166893005,0.8199999928474426,0.8600000143051147,0.8600000143051147,28100
2023-02-10,0.8299999833106995,0.8299999833106995,0.800000011920929,0.8100000023841858,0.8100000023841858,99700
2023-02-13,0.8389999866485596,0.8399999737739563,0.7599999904632568,0.7749999761581421,0.7749999761581421,90200
2023-02-14,0.7599999904632568,0.8100000023841858,0.75,0.7900000214576721,0.7900000214576721,181200
2023-02-15,0.7900000214576721,0.949999988079071,0.7900000214576721,0.9200000166893005,0.9200000166893005,116000
2023-02-16,0.9200000166893005,0.9399999976158142,0.8410000205039978,0.902999997138977,0.902999997138977,33700
2023-02-17,0.8500000238418579,0.9100000262260437,0.7799999713897705,0.8799999952316284,0.8799999952316284,21500
2023-02-21,0.8100000023841858,0.8500000238418579,0.7820000052452087,0.7900000214576721,0.7900000214576721,31800
2023-02-22,0.8100000023841858,0.8999999761581421,0.7799999713897705,0.8299999833106995,0.8299999833106995,38600
2023-02-23,0.8899999856948853,0.8899999856948853,0.6899999976158142,0.699999988079071,0.699999988079071,273200
2023-02-24,0.7200000286102295,0.7699999809265137,0.6899999976158142,0.7599999904632568,0.7599999904632568,70000
2023-02-27,0.699999988079071,0.7799999713897705,0.699999988079071,0.7799999713897705,0.7799999713897705,67100
2023-02-28,0.7799999713897705,0.8299999833106995,0.7509999871253967,0.800000011920929,0.800000011920929,53900
2023-03-01,0.7879999876022339,0.8259999752044678,0.75,0.796999990940094,0.796999990940094,5200
2023-03-02,0.7689999938011169,0.796999990940094,0.699999988079071,0.75,0.75,32800
2023-03-03,0.7599999904632568,0.8299999833106995,0.7599999904632568,0.8199999928474426,0.8199999928474426,55100
2023-03-06,0.800000011920929,0.8299999833106995,0.7200000286102295,0.7990000247955322,0.7990000247955322,62900
2023-03-07,0.8090000152587891,0.8100000023841858,0.7799999713897705,0.800000011920929,0.800000011920929,3900
2023-03-08,0.800000011920929,0.800000011920929,0.7200000286102295,0.7300000190734863,0.7300000190734863,14200
2023-03-09,0.7200000286102295,0.7900000214576721,0.6899999976158142,0.699999988079071,0.699999988079071,25900
2023-03-10,0.7799999713897705,0.7799999713897705,0.6600000262260437,0.699999988079071,0.699999988079071,16100
2023-03-13,0.5609999895095825,0.7400000095367432,0.5609999895095825,0.6850000023841858,0.6850000023841858,16200
2023-03-14,0.6610000133514404,0.7350000143051147,0.5609999895095825,0.6029999852180481,0.6029999852180481,45400
2023-03-15,0.6790000200271606,0.6790000200271606,0.5659999847412109,0.6179999709129333,0.6179999709129333,13200
2023-03-16,0.6100000143051147,0.7099999785423279,0.609000027179718,0.6700000166893005,0.6700000166893005,6400
2023-03-17,0.765999972820282,0.765999972820282,0.6299999952316284,0.6600000262260437,0.6600000262260437,6000
2023-03-20,0.6800000071525574,0.7200000286102295,0.6499999761581421,0.6600000262260437,0.6600000262260437,24000
2023-03-21,0.6499999761581421,0.7400000095367432,0.6499999761581421,0.6899999976158142,0.6899999976158142,5300
2023-03-22,0.7200000286102295,0.7210000157356262,0.699999988079071,0.699999988079071,0.699999988079071,49500
2023-03-23,0.6330000162124634,0.699999988079071,0.6330000162124634,0.6819999814033508,0.6819999814033508,34600
2023-03-24,0.6800000071525574,0.699999988079071,0.6399999856948853,0.699999988079071,0.699999988079071,6000
2023-03-27,0.6399999856948853,0.699999988079071,0.6399999856948853,0.6800000071525574,0.6800000071525574,6200
2023-03-28,0.6800000071525574,0.7049999833106995,0.6800000071525574,0.6899999976158142,0.6899999976158142,1400
2023-03-29,0.6100000143051147,0.699999988079071,0.6100000143051147,0.699999988079071,0.699999988079071,5700
2023-03-30,0.800000011920929,0.9599999785423279,0.75,0.8880000114440918,0.8880000114440918,164800
2023-03-31,0.9399999976158142,1.1200000047683716,0.8999999761581421,1.0299999713897705,1.0299999713897705,120300
2023-04-03,1.100000023841858,1.149999976158142,1.0,1.0299999713897705,1.0299999713897705,80000
2023-04-04,1.0549999475479126,1.149999976158142,1.0299999713897705,1.0420000553131104,1.0420000553131104,30200
2023-04-05,1.0399999618530273,1.090000033378601,0.8479999899864197,0.9300000071525574,0.9300000071525574,71800
2023-04-06,0.9350000023841858,0.9700000286102295,0.6000000238418579,0.7329999804496765,0.7329999804496765,65800
2023-04-10,0.75,0.8989999890327454,0.75,0.8100000023841858,0.8100000023841858,49500
2023-04-11,0.7900000214576721,0.8299999833106995,0.7540000081062317,0.8100000023841858,0.8100000023841858,15100
2023-04-12,0.7900000214576721,0.7979999780654907,0.7490000128746033,0.75,0.75,16800
2023-04-13,0.800000011920929,0.800000011920929,0.6850000023841858,0.699999988079071,0.699999988079071,38200
2023-04-14,0.6850000023841858,0.75,0.6850000023841858,0.7099999785423279,0.7099999785423279,16500
2023-04-17,0.7049999833106995,0.7549999952316284,0.7049999833106995,0.7300000190734863,0.7300000190734863,14100
2023-04-18,0.7070000171661377,0.734000027179718,0.6899999976158142,0.699999988079071,0.699999988079071,16600
2023-04-19,0.699999988079071,0.7979999780654907,0.6869999766349792,0.7300000190734863,0.7300000190734863,20700
2023-04-20,0.7429999709129333,0.75,0.7099999785423279,0.7300000190734863,0.7300000190734863,12300
2023-04-21,0.6290000081062317,0.6959999799728394,0.6230000257492065,0.6899999976158142,0.6899999976158142,71800
2023-04-24,0.6499999761581421,0.6700000166893005,0.6209999918937683,0.6299999952316284,0.6299999952316284,9400
2023-04-25,0.6100000143051147,0.628000020980835,0.6000000238418579,0.628000020980835,0.628000020980835,39000
2023-04-26,0.6299999952316284,0.6299999952316284,0.6000000238418579,0.6100000143051147,0.6100000143051147,19700
2023-04-27,0.6000000238418579,0.6299999952316284,0.6000000238418579,0.6299999952316284,0.6299999952316284,22000
2023-04-28,0.6060000061988831,0.6600000262260437,0.6000000238418579,0.6100000143051147,0.6100000143051147,32300
2023-05-01,0.6100000143051147,0.6299999952316284,0.5799999833106995,0.5799999833106995,0.5799999833106995,18100
2023-05-02,0.5609999895095825,0.578000009059906,0.5220000147819519,0.5479999780654907,0.5479999780654907,38500
2023-05-03,0.5220000147819519,0.6600000262260437,0.5220000147819519,0.6449999809265137,0.6449999809265137,31900
2023-05-04,0.6600000262260437,0.7070000171661377,0.6340000033378601,0.6700000166893005,0.6700000166893005,49800
2023-05-05,0.6800000071525574,0.7099999785423279,0.6800000071525574,0.7070000171661377,0.7070000171661377,18900
2023-05-08,0.7080000042915344,0.75,0.6850000023841858,0.75,0.75,17500
2023-05-09,0.7409999966621399,0.7409999966621399,0.5440000295639038,0.703000009059906,0.703000009059906,20700
2023-05-10,0.6930000185966492,0.7400000095367432,0.6700000166893005,0.699999988079071,0.699999988079071,14300
2023-05-11,0.7300000190734863,0.7300000190734863,0.6899999976158142,0.7049999833106995,0.7049999833106995,4700
2023-05-12,0.6769999861717224,0.7099999785423279,0.6399999856948853,0.6399999856948853,0.6399999856948853,15900
2023-05-15,0.6000000238418579,0.6800000071525574,0.6000000238418579,0.6639999747276306,0.6639999747276306,8000
2023-05-16,0.6700000166893005,0.6899999976158142,0.6100000143051147,0.6899999976158142,0.6899999976158142,5100
2023-05-17,0.6549999713897705,0.6899999976158142,0.5519999861717224,0.6150000095367432,0.6150000095367432,135600
2023-05-18,0.550000011920929,0.5799999833106995,0.5199999809265137,0.5600000023841858,0.5600000023841858,82500
2023-05-19,0.5389999747276306,0.5580000281333923,0.47999998927116394,0.5199999809265137,0.5199999809265137,79700
2023-05-22,0.5,0.5400000214576721,0.45500001311302185,0.5260000228881836,0.5260000228881836,45000
2023-05-23,0.550000011920929,0.5600000023841858,0.5099999904632568,0.5299999713897705,0.5299999713897705,30900
2023-05-24,0.5199999809265137,0.5299999713897705,0.5,0.5299999713897705,0.5299999713897705,21500
2023-05-25,0.5400000214576721,0.5400000214576721,0.5,0.5299999713897705,0.5299999713897705,24900
2023-05-26,0.5149999856948853,0.5199999809265137,0.49000000953674316,0.49000000953674316,0.49000000953674316,23800
2023-05-30,0.5199999809265137,0.550000011920929,0.5059999823570251,0.5299999713897705,0.5299999713897705,39900
2023-05-31,0.5299999713897705,0.5600000023841858,0.5299999713897705,0.5550000071525574,0.5550000071525574,21400
2023-06-01,0.574999988079071,0.5899999737739563,0.5329999923706055,0.5809999704360962,0.5809999704360962,27300
2023-06-02,0.5870000123977661,0.6399999856948853,0.5870000123977661,0.5899999737739563,0.5899999737739563,11400
2023-06-05,0.6399999856948853,0.6399999856948853,0.5690000057220459,0.6100000143051147,0.6100000143051147,8500
2023-06-06,0.6000000238418579,0.6499999761581421,0.5799999833106995,0.640999972820282,0.640999972820282,26500
2023-06-07,0.7099999785423279,0.7099999785423279,0.6000000238418579,0.6100000143051147,0.6100000143051147,19100
2023-06-08,0.6899999976158142,0.6899999976158142,0.6100000143051147,0.6309999823570251,0.6309999823570251,6500
2023-06-09,0.5879999995231628,0.5879999995231628,0.4650000035762787,0.5149999856948853,0.5149999856948853,148700
2023-06-12,0.5099999904632568,0.5350000262260437,0.4699999988079071,0.5199999809265137,0.5199999809265137,17000
2023-06-13,0.5550000071525574,0.699999988079071,0.5299999713897705,0.6499999761581421,0.6499999761581421,111100
2023-06-14,0.703000009059906,0.7099999785423279,0.6299999952316284,0.6399999856948853,0.6399999856948853,42100
2023-06-15,0.6600000262260437,0.7480000257492065,0.625,0.7400000095367432,0.7400000095367432,65400
2023-06-16,0.6899999976158142,0.75,0.6000000238418579,0.7200000286102295,0.7200000286102295,53300
2023-06-20,0.699999988079071,0.7549999952316284,0.6499999761581421,0.6859999895095825,0.6859999895095825,24800
2023-06-21,0.6800000071525574,0.7149999737739563,0.6399999856948853,0.6399999856948853,0.6399999856948853,15100
2023-06-22,0.6399999856948853,0.6650000214576721,0.5799999833106995,0.5799999833106995,0.5799999833106995,24300
2023-06-23,0.5799999833106995,0.6050000190734863,0.550000011920929,0.5699999928474426,0.5699999928474426,11200
2023-06-26,0.5440000295639038,0.5899999737739563,0.5440000295639038,0.5849999785423279,0.5849999785423279,16600
2023-06-27,0.6940000057220459,0.6940000057220459,0.5809999704360962,0.5899999737739563,0.5899999737739563,20900
2023-06-28,0.5899999737739563,0.6579999923706055,0.5400000214576721,0.6399999856948853,0.6399999856948853,11200
2023-06-29,0.6639999747276306,0.6639999747276306,0.6150000095367432,0.6200000047683716,0.6200000047683716,176100
2023-06-30,0.6200000047683716,0.6299999952316284,0.5950000286102295,0.6240000128746033,0.6240000128746033,44100
2023-07-03,0.6000000238418579,0.6399999856948853,0.6000000238418579,0.6299999952316284,0.6299999952316284,49000
2023-07-05,0.6299999952316284,0.6499999761581421,0.6100000143051147,0.6100000143051147,0.6100000143051147,17700
2023-07-06,0.6200000047683716,0.6299999952316284,0.5979999899864197,0.6299999952316284,0.6299999952316284,6800
2023-07-07,0.6200000047683716,0.6499999761581421,0.6000000238418579,0.625,0.625,18600
2023-07-10,0.6200000047683716,0.6549999713897705,0.5899999737739563,0.6150000095367432,0.6150000095367432,13300
2023-07-11,0.7139999866485596,0.7300000190734863,0.6399999856948853,0.6399999856948853,0.6399999856948853,18200
2023-07-12,0.7200000286102295,0.7279999852180481,0.6499999761581421,0.6850000023841858,0.6850000023841858,13600
2023-07-13,0.7099999785423279,0.7099999785423279,0.6399999856948853,0.6600000262260437,0.6600000262260437,10100
2023-07-14,0.675000011920929,0.6800000071525574,0.5,0.6399999856948853,0.6399999856948853,28900
2023-07-17,0.6800000071525574,0.7599999904632568,0.5809999704360962,0.6899999976158142,0.6899999976158142,37700
2023-07-18,0.7099999785423279,0.7300000190734863,0.6579999923706055,0.675000011920929,0.675000011920929,40900
2023-07-19,0.6800000071525574,0.75,0.6299999952316284,0.6600000262260437,0.6600000262260437,11200
2023-07-20,0.6499999761581421,0.6880000233650208,0.6110000014305115,0.6110000014305115,0.6110000014305115,5200
2023-07-21,0.6000000238418579,0.6700000166893005,0.6000000238418579,0.6259999871253967,0.6259999871253967,4600
2023-07-24,0.6449999809265137,0.6650000214576721,0.6430000066757202,0.6650000214576721,0.6650000214576721,4800
2023-07-25,0.6600000262260437,0.6600000262260437,0.6200000047683716,0.6399999856948853,0.6399999856948853,5600
2023-07-26,0.6600000262260437,0.6800000071525574,0.6159999966621399,0.6579999923706055,0.6579999923706055,9300
2023-07-27,0.6499999761581421,0.6700000166893005,0.6150000095367432,0.6259999871253967,0.6259999871253967,10100
2023-07-28,0.6399999856948853,0.6800000071525574,0.6299999952316284,0.6299999952316284,0.6299999952316284,14300
2023-07-31,0.6060000061988831,0.6299999952316284,0.6000000238418579,0.6299999952316284,0.6299999952316284,13400
2023-08-01,0.6800000071525574,0.6980000138282776,0.5899999737739563,0.6399999856948853,0.6399999856948853,12700
2023-08-02,0.6660000085830688,0.6869999766349792,0.5799999833106995,0.621999979019165,0.621999979019165,18100
2023-08-03,0.6899999976158142,0.8700000047683716,0.6899999976158142,0.7200000286102295,0.7200000286102295,127100
2023-08-04,0.7820000052452087,0.800000011920929,0.7289999723434448,0.7400000095367432,0.7400000095367432,18900
2023-08-07,0.7900000214576721,0.8199999928474426,0.6600000262260437,0.6800000071525574,0.6800000071525574,25800
2023-08-08,0.6800000071525574,0.7979999780654907,0.6579999923706055,0.6600000262260437,0.6600000262260437,17500
2023-08-09,0.6700000166893005,0.7350000143051147,0.6600000262260437,0.6700000166893005,0.6700000166893005,6000
2023-08-10,0.7300000190734863,0.75,0.6800000071525574,0.6800000071525574,0.6800000071525574,2500
2023-08-11,0.6600000262260437,0.699999988079071,0.6179999709129333,0.6190000176429749,0.6190000176429749,12900
2023-08-14,0.6100000143051147,0.6100000143051147,0.5630000233650208,0.5699999928474426,0.5699999928474426,32000
2023-08-15,0.5699999928474426,0.6100000143051147,0.550000011920929,0.550000011920929,0.550000011920929,15800
2023-08-16,0.550000011920929,0.5699999928474426,0.5350000262260437,0.5400000214576721,0.5400000214576721,23600
2023-08-17,0.5249999761581421,0.550000011920929,0.5249999761581421,0.550000011920929,0.550000011920929,14400
2023-08-18,0.5249999761581421,0.5799999833106995,0.5249999761581421,0.5699999928474426,0.5699999928474426,4700
2023-08-21,0.5799999833106995,0.6100000143051147,0.550000011920929,0.5860000252723694,0.5860000252723694,9600
2023-08-22,0.6050000190734863,0.6100000143051147,0.49000000953674316,0.550000011920929,0.550000011920929,24200
2023-08-23,0.5649999976158142,0.6000000238418579,0.5249999761581421,0.550000011920929,0.550000011920929,10400
2023-08-24,0.5049999952316284,0.5400000214576721,0.49000000953674316,0.5199999809265137,0.5199999809265137,9500
2023-08-25,0.5,0.550000011920929,0.5,0.550000011920929,0.550000011920929,6100
2023-08-28,0.5400000214576721,0.5400000214576721,0.5199999809265137,0.5199999809265137,0.5199999809265137,20900
2023-08-29,0.5299999713897705,0.5699999928474426,0.5299999713897705,0.5529999732971191,0.5529999732971191,13100
2023-08-30,0.5649999976158142,0.5649999976158142,0.5199999809265137,0.5199999809265137,0.5199999809265137,2700
2023-08-31,0.5799999833106995,0.5799999833106995,0.5299999713897705,0.5299999713897705,0.5299999713897705,10000
2023-09-01,0.5450000166893005,0.5569999814033508,0.5019999742507935,0.550000011920929,0.550000011920929,30300
2023-09-05,0.550000011920929,0.5699999928474426,0.550000011920929,0.5699999928474426,0.5699999928474426,2700
2023-09-06,0.5600000023841858,0.5600000023841858,0.5,0.5299999713897705,0.5299999713897705,13100
2023-09-07,0.5580000281333923,0.5580000281333923,0.44999998807907104,0.5299999713897705,0.5299999713897705,32000
2023-09-08,0.5199999809265137,0.5199999809265137,0.4580000042915344,0.49000000953674316,0.49000000953674316,85300
2023-09-11,0.49000000953674316,0.49000000953674316,0.44999998807907104,0.47999998927116394,0.47999998927116394,25300
2023-09-12,0.4699999988079071,0.5199999809265137,0.4699999988079071,0.5120000243186951,0.5120000243186951,24500
2023-09-13,0.5099999904632568,0.550000011920929,0.49000000953674316,0.5080000162124634,0.5080000162124634,4500
2023-09-14,0.5249999761581421,0.550000011920929,0.5249999761581421,0.5299999713897705,0.5299999713897705,16000
2023-09-15,0.5149999856948853,0.5149999856948853,0.4399999976158142,0.4699999988079071,0.4699999988079071,37300
2023-09-18,0.4399999976158142,0.49000000953674316,0.4399999976158142,0.4830000102519989,0.4830000102519989,9700
2023-09-19,0.4749999940395355,0.49000000953674316,0.4749999940395355,0.47999998927116394,0.47999998927116394,700
2023-09-20,0.4699999988079071,0.4749999940395355,0.44999998807907104,0.44999998807907104,0.44999998807907104,7000
2023-09-21,0.5,0.5,0.39800000190734863,0.39800000190734863,0.39800000190734863,33200
2023-09-22,0.39800000190734863,0.44999998807907104,0.37299999594688416,0.4099999964237213,0.4099999964237213,28200
2023-09-25,0.36000001430511475,0.43700000643730164,0.3400000035762787,0.38999998569488525,0.38999998569488525,49000
2023-09-26,0.32100000977516174,0.3529999852180481,0.3199999928474426,0.33000001311302185,0.33000001311302185,48500
2023-09-27,0.3400000035762787,0.3700000047683716,0.2980000078678131,0.3100000023841858,0.3100000023841858,89600
2023-09-28,0.31299999356269836,0.335999995470047,0.28999999165534973,0.30000001192092896,0.30000001192092896,56900
2023-09-29,0.3400000035762787,0.38999998569488525,0.3400000035762787,0.36000001430511475,0.36000001430511475,10500
2023-10-02,0.36800000071525574,0.36800000071525574,0.30000001192092896,0.30000001192092896,0.30000001192092896,11500
2023-10-03,0.30000001192092896,0.3269999921321869,0.30000001192092896,0.3100000023841858,0.3100000023841858,24100
2023-10-04,0.3019999861717224,0.32100000977516174,0.27000001072883606,0.3199999928474426,0.3199999928474426,39000
2023-10-05,0.3050000071525574,0.3149999976158142,0.27000001072883606,0.2750000059604645,0.2750000059604645,6000
2023-10-06,0.2750000059604645,0.3109999895095825,0.27000001072883606,0.30300000309944153,0.30300000309944153,27200
2023-10-09,0.28299999237060547,0.3499999940395355,0.25999999046325684,0.25999999046325684,0.25999999046325684,7300
2023-10-10,0.2630000114440918,0.335999995470047,0.25,0.335999995470047,0.335999995470047,12800
2023-10-11,0.2770000100135803,0.3370000123977661,0.2770000100135803,0.3199999928474426,0.3199999928474426,10200
2023-10-12,0.3100000023841858,0.3659999966621399,0.2840000092983246,0.2840000092983246,0.2840000092983246,17800
2023-10-13,0.28999999165534973,0.28999999165534973,0.26600000262260437,0.26600000262260437,0.26600000262260437,23200
2023-10-16,0.26600000262260437,0.2800000011920929,0.26600000262260437,0.27300000190734863,0.27300000190734863,5400
2023-10-17,0.30000001192092896,0.31700000166893005,0.2639999985694885,0.31700000166893005,0.31700000166893005,20900
2023-10-18,0.2529999911785126,0.2800000011920929,0.25,0.2800000011920929,0.2800000011920929,34800
2023-10-19,0.25999999046325684,0.27000001072883606,0.25,0.27000001072883606,0.27000001072883606,10700
2023-10-20,0.27000001072883606,0.27000001072883606,0.2199999988079071,0.2199999988079071,0.2199999988079071,83500
2023-10-23,0.25099998712539673,0.25099998712539673,0.20999999344348907,0.20999999344348907,0.20999999344348907,57900
2023-10-24,0.2409999966621399,0.27000001072883606,0.23000000417232513,0.23899999260902405,0.23899999260902405,133300
2023-10-25,0.25,0.25999999046325684,0.22100000083446503,0.23000000417232513,0.23000000417232513,242100
2023-10-26,0.21199999749660492,0.23100000619888306,0.20999999344348907,0.21799999475479126,0.21799999475479126,16800
2023-10-27,0.20999999344348907,0.22499999403953552,0.1899999976158142,0.1899999976158142,0.1899999976158142,25500
2023-10-30,0.1899999976158142,0.1899999976158142,0.1679999977350235,0.1860000044107437,0.1860000044107437,56100
2023-10-31,0.17499999701976776,0.1899999976158142,0.15000000596046448,0.1770000010728836,0.1770000010728836,60000
2023-11-01,0.17000000178813934,0.18000000715255737,0.1509999930858612,0.1550000011920929,0.1550000011920929,21300
2023-11-02,0.18299999833106995,0.19900000095367432,0.1599999964237213,0.1850000023841858,0.1850000023841858,47500
2023-11-03,0.20000000298023224,0.23999999463558197,0.20000000298023224,0.2199999988079071,0.2199999988079071,14400
2023-11-06,0.25200000405311584,0.2669999897480011,0.19900000095367432,0.20000000298023224,0.20000000298023224,26400
2023-11-07,0.20000000298023224,0.23999999463558197,0.1599999964237213,0.21799999475479126,0.21799999475479126,19600
2023-11-08,0.2199999988079071,0.2409999966621399,0.17599999904632568,0.21199999749660492,0.21199999749660492,33500
2023-11-09,0.1850000023841858,0.23999999463558197,0.15600000321865082,0.21299999952316284,0.21299999952316284,14100
2023-11-10,0.19300000369548798,0.23000000417232513,0.19300000369548798,0.20000000298023224,0.20000000298023224,5600
2023-11-13,0.1940000057220459,0.23000000417232513,0.1940000057220459,0.20000000298023224,0.20000000298023224,10000
2023-11-14,0.22300000488758087,0.23999999463558197,0.2199999988079071,0.23999999463558197,0.23999999463558197,53900
2023-11-15,0.2290000021457672,0.27799999713897705,0.20999999344348907,0.25999999046325684,0.25999999046325684,39300
2023-11-16,0.24199999868869781,0.24199999868869781,0.23000000417232513,0.23999999463558197,0.23999999463558197,5500
2023-11-17,0.22200000286102295,0.28999999165534973,0.2160000056028366,0.22200000286102295,0.22200000286102295,16000
2023-11-20,0.21299999952316284,0.28299999237060547,0.21299999952316284,0.2370000034570694,0.2370000034570694,4800
2023-11-21,0.22300000488758087,0.22499999403953552,0.1899999976158142,0.20999999344348907,0.20999999344348907,21800
2023-11-22,0.2199999988079071,0.23999999463558197,0.2199999988079071,0.2199999988079071,0.2199999988079071,8300
2023-11-24,0.23999999463558197,0.23999999463558197,0.22499999403953552,0.22499999403953552,0.22499999403953552,4800
2023-11-27,0.20999999344348907,0.26899999380111694,0.20999999344348907,0.22499999403953552,0.22499999403953552,12400
2023-11-28,0.20200000703334808,0.23399999737739563,0.20000000298023224,0.20000000298023224,0.20000000298023224,18300
2023-11-29,0.20999999344348907,0.23000000417232513,0.19699999690055847,0.20000000298023224,0.20000000298023224,68500
2023-11-30,0.23000000417232513,0.23800000548362732,0.1899999976158142,0.20000000298023224,0.20000000298023224,35000
2023-12-01,0.17100000381469727,0.23999999463558197,0.17100000381469727,0.23000000417232513,0.23000000417232513,20400
2023-12-04,0.2590000033378601,0.2590000033378601,0.21899999678134918,0.24300000071525574,0.24300000071525574,12000
2023-12-05,0.2590000033378601,0.2590000033378601,0.20999999344348907,0.2199999988079071,0.2199999988079071,3900
2023-12-06,0.23999999463558197,0.23999999463558197,0.20000000298023224,0.20000000298023224,0.20000000298023224,4800
2023-12-07,0.20999999344348907,0.23999999463558197,0.1899999976158142,0.20000000298023224,0.20000000298023224,19400
2023-12-08,0.20999999344348907,0.2280000001192093,0.1899999976158142,0.1979999989271164,0.1979999989271164,9200
2023-12-11,0.20999999344348907,0.23999999463558197,0.1899999976158142,0.20000000298023224,0.20000000298023224,24900
2023-12-12,0.1899999976158142,0.21899999678134918,0.18000000715255737,0.18299999833106995,0.18299999833106995,17700
2023-12-13,0.2199999988079071,0.2280000001192093,0.20499999821186066,0.20999999344348907,0.20999999344348907,6400
2023-12-14,0.1899999976158142,0.29899999499320984,0.1899999976158142,0.2750000059604645,0.2750000059604645,82900
