Date,Open,High,Low,Close,Adj Close,Volume
2018-12-17,65.37999725341797,67.0999984741211,64.55999755859375,65.12000274658203,58.96741485595703,11671600
2018-12-18,65.4800033569336,66.73999786376953,64.30000305175781,64.83999633789062,58.71385955810547,9325600
2018-12-19,65.11000061035156,66.79000091552734,63.47999954223633,64.19999694824219,58.13433074951172,9488300
2018-12-20,64.12999725341797,65.3499984741211,63.349998474121094,64.30000305175781,58.224884033203125,10462600
2018-12-21,64.75,66.08999633789062,62.25,62.619998931884766,56.703609466552734,17586200
2018-12-24,62.470001220703125,62.83000183105469,60.470001220703125,60.540000915527344,54.820133209228516,6162600
2018-12-26,60.650001525878906,63.22999954223633,60.31999969482422,63.220001220703125,57.246925354003906,8824400
2018-12-27,62.400001525878906,63.02000045776367,60.470001220703125,62.939998626708984,56.993377685546875,9548200
2018-12-28,62.810001373291016,63.040000915527344,61.66999816894531,61.880001068115234,56.033531188964844,6785400
2018-12-31,62.0,63.06999969482422,61.58000183105469,62.54999923706055,56.640220642089844,7584000
2019-01-02,61.7599983215332,64.01000213623047,61.5,63.439998626708984,57.44613265991211,7839400
2019-01-03,66.29000091552734,67.25,65.13999938964844,65.25,59.085121154785156,14631300
2019-01-04,66.25,68.43000030517578,66.04000091552734,68.25,61.80168533325195,9639500
2019-01-07,68.0999984741211,68.93000030517578,67.37000274658203,68.55999755859375,62.0823974609375,10504100
2019-01-08,68.8499984741211,69.1500015258789,67.08999633789062,68.08999633789062,61.65679931640625,7527400
2019-01-09,68.19999694824219,68.66000366210938,67.54000091552734,67.94000244140625,61.52097702026367,5770000
2019-01-10,67.73999786376953,68.2699966430664,67.08999633789062,68.04000091552734,61.61152267456055,5715900
2019-01-11,67.80000305175781,68.4000015258789,67.44000244140625,68.16000366210938,61.720191955566406,5663100
2019-01-14,67.7699966430664,67.94000244140625,67.11000061035156,67.25,60.89616394042969,9172500
2019-01-15,67.19000244140625,68.70999908447266,67.02999877929688,68.5199966430664,62.04616928100586,7199500
2019-01-16,68.2699966430664,68.87000274658203,67.55000305175781,67.63999938964844,61.24931716918945,6142300
2019-01-17,67.54000091552734,68.95999908447266,67.45999908447266,68.6500015258789,62.16389083862305,5224500
2019-01-18,69.23999786376953,69.58000183105469,68.51000213623047,69.18000030517578,62.64380645751953,8358800
2019-01-22,68.73999786376953,68.81999969482422,68.0199966430664,68.55000305175781,62.07333755493164,9827000
2019-01-23,68.5199966430664,69.51000213623047,67.81999969482422,68.25,61.80168533325195,6952600
2019-01-24,68.43000030517578,68.45999908447266,67.5199966430664,67.86000061035156,61.448524475097656,7750900
2019-01-25,68.16999816894531,69.27999877929688,68.0999984741211,68.9000015258789,62.390262603759766,8809600
2019-01-28,68.41999816894531,69.0,67.36000061035156,67.91000366210938,61.49380874633789,7120000
2019-01-29,68.06999969482422,69.95999908447266,68.04000091552734,69.58999633789062,63.01507568359375,6989300
2019-01-30,69.41999816894531,70.30000305175781,68.5999984741211,69.83000183105469,63.23240280151367,5113400
2019-01-31,69.80999755859375,70.31999969482422,69.08000183105469,70.01000213623047,63.3953971862793,8343700
2019-02-01,70.0,70.5,69.36000061035156,70.05000305175781,63.43162155151367,6502100
2019-02-04,69.86000061035156,70.26000213623047,69.22000122070312,70.05000305175781,63.43162155151367,6913800
2019-02-05,67.75,69.0199966430664,66.75,67.68000030517578,61.28554153442383,14500600
2019-02-06,67.58000183105469,69.30999755859375,67.2699966430664,68.75,62.25445556640625,7580200
2019-02-07,68.43000030517578,68.7699966430664,66.91999816894531,67.27999877929688,60.92332458496094,6643400
2019-02-08,66.91999816894531,67.61000061035156,66.33999633789062,67.47000122070312,61.09538269042969,5522200
2019-02-11,67.62000274658203,67.97000122070312,67.29000091552734,67.62000274658203,61.23121643066406,5505500
2019-02-12,64.77999877929688,65.44000244140625,63.959999084472656,65.4000015258789,59.2209587097168,15927900
2019-02-13,65.56999969482422,66.66999816894531,65.48999786376953,65.94000244140625,59.70994186401367,9047500
2019-02-14,66.12999725341797,66.79000091552734,65.68000030517578,66.37000274658203,60.099308013916016,5737100
2019-02-15,66.70999908447266,67.69000244140625,66.5,67.58999633789062,61.204036712646484,6214200
2019-02-19,67.33999633789062,67.7699966430664,66.6500015258789,66.76000213623047,60.45246505737305,6396200
2019-02-20,66.66999816894531,67.29000091552734,66.5199966430664,66.9800033569336,60.65168380737305,5679800
2019-02-21,66.93000030517578,66.95999908447266,65.23999786376953,65.55000305175781,59.35679244995117,5607900
2019-02-22,65.61000061035156,65.95999908447266,65.33000183105469,65.73999786376953,59.52882385253906,4925500
2019-02-25,66.05999755859375,66.05999755859375,65.2300033569336,65.3499984741211,59.1756706237793,7090500
2019-02-26,65.25,65.81999969482422,65.08999633789062,65.27999877929688,59.11228942871094,5957800
2019-02-27,65.11000061035156,66.11000061035156,65.01000213623047,65.56999969482422,59.37489700317383,7645100
2019-02-28,65.19999694824219,65.66000366210938,64.7300033569336,65.0199966430664,58.876853942871094,7227300
2019-03-01,65.62000274658203,66.27999877929688,65.4000015258789,66.01000213623047,59.77332305908203,6002500
2019-03-04,66.19999694824219,66.47000122070312,64.9000015258789,65.44999694824219,59.2662239074707,8409600
2019-03-05,65.2300033569336,65.6500015258789,64.3499984741211,64.38999938964844,58.30637741088867,7405400
2019-03-06,64.44999694824219,64.58999633789062,62.7599983215332,62.91999816894531,56.97526550292969,9442500
2019-03-07,62.93000030517578,63.189998626708984,61.959999084472656,62.529998779296875,56.62211227416992,7618500
2019-03-08,62.22999954223633,63.40999984741211,62.0,63.22999954223633,57.2559700012207,7639700
2019-03-11,63.369998931884766,64.54000091552734,63.06999969482422,64.33999633789062,58.26110076904297,5207900
2019-03-12,64.54000091552734,65.27999877929688,64.16000366210938,64.83000183105469,58.70481872558594,5235600
2019-03-13,65.19000244140625,65.94999694824219,64.87999725341797,65.75,59.53788757324219,6276300
2019-03-14,65.04000091552734,65.30000305175781,64.3499984741211,64.79000091552734,59.236175537109375,7958500
2019-03-15,64.7300033569336,65.79000091552734,64.7300033569336,65.62999725341797,60.00415802001953,11976800
2019-03-18,65.79000091552734,65.9000015258789,64.83000183105469,65.0199966430664,59.44645309448242,8066900
2019-03-19,65.0,66.0999984741211,64.9000015258789,65.48999786376953,59.876163482666016,6860800
2019-03-20,65.06999969482422,65.25,64.37999725341797,64.5999984741211,59.06245803833008,8408200
2019-03-21,64.13999938964844,65.0199966430664,63.0,64.91999816894531,59.35502243041992,9069500
2019-03-22,64.86000061035156,65.0999984741211,63.70000076293945,63.77000045776367,58.30360794067383,5911900
2019-03-25,63.79999923706055,63.9900016784668,62.93000030517578,63.790000915527344,58.3218994140625,7686800
2019-03-26,64.05000305175781,64.94999694824219,63.95000076293945,64.23999786376953,58.73331832885742,6332400
2019-03-27,64.13999938964844,64.55999755859375,63.459999084472656,63.65999984741211,58.203041076660156,5919600
2019-03-28,63.91999816894531,63.939998626708984,63.16999816894531,63.689998626708984,58.23046875,5256000
2019-03-29,64.9000015258789,65.62999725341797,64.6500015258789,65.01000213623047,59.43732452392578,9601400
2019-04-01,65.54000091552734,66.23999786376953,65.25,65.87999725341797,60.23272705078125,5757300
2019-04-02,65.69000244140625,66.77999877929688,65.69000244140625,66.23999786376953,60.56187438964844,6932100
2019-04-03,66.68000030517578,66.77999877929688,66.18000030517578,66.66000366210938,60.94587326049805,6687000
2019-04-04,66.62999725341797,67.23999786376953,66.52999877929688,66.83999633789062,61.110443115234375,5713800
2019-04-05,67.19999694824219,68.06999969482422,66.91000366210938,67.54000091552734,61.75044631958008,5401100
2019-04-08,67.38999938964844,67.80999755859375,66.9000015258789,67.37999725341797,61.60415267944336,5308400
2019-04-09,67.2699966430664,67.62000274658203,65.94000244140625,66.08999633789062,60.424739837646484,5908000
2019-04-10,67.2300033569336,67.56999969482422,66.77999877929688,67.4000015258789,61.6224479675293,7451400
2019-04-11,67.83999633789062,68.0,66.02999877929688,66.30999755859375,60.62586975097656,5994400
2019-04-12,66.76000213623047,66.83999633789062,65.08000183105469,65.27999877929688,59.68416976928711,6975400
2019-04-15,65.4000015258789,65.95999908447266,64.5,65.43000030517578,59.821311950683594,4766400
2019-04-16,65.8499984741211,66.1500015258789,64.3499984741211,64.54000091552734,59.007606506347656,5820700
2019-04-17,64.58000183105469,64.69999694824219,63.150001525878906,63.25,57.828182220458984,7888400
2019-04-18,63.61000061035156,63.61000061035156,61.560001373291016,62.95000076293945,57.553897857666016,11552900
2019-04-22,62.779998779296875,63.33000183105469,61.54999923706055,61.869998931884766,56.56647491455078,11480600
2019-04-23,62.06999969482422,63.349998474121094,61.88999938964844,63.040000915527344,57.63618087768555,10286600
2019-04-24,63.15999984741211,63.189998626708984,62.20000076293945,62.79999923706055,57.41675567626953,6130200
2019-04-25,62.470001220703125,64.33000183105469,62.04999923706055,64.13999938964844,58.64188766479492,7944700
2019-04-26,64.43000030517578,65.31999969482422,64.30999755859375,65.1500015258789,59.5653190612793,8144600
2019-04-29,65.05999755859375,65.5999984741211,64.80999755859375,64.91999816894531,59.35502243041992,5252500
2019-04-30,64.94999694824219,65.26000213623047,63.95000076293945,65.04000091552734,59.464744567871094,7164900
2019-05-01,64.81999969482422,65.61000061035156,64.45999908447266,64.87000274658203,59.30931854248047,5779700
2019-05-02,64.70999908447266,65.38999938964844,64.19999694824219,65.30000305175781,59.702457427978516,5735800
2019-05-03,65.97000122070312,67.73999786376953,65.9000015258789,67.12999725341797,61.375587463378906,8822500
2019-05-06,66.33000183105469,67.80000305175781,66.04000091552734,67.69000244140625,61.88759231567383,6304700
2019-05-07,67.05000305175781,67.5,65.93000030517578,66.4000015258789,60.708160400390625,7281300
2019-05-08,66.18000030517578,66.44000244140625,65.20999908447266,66.06999969482422,60.406455993652344,6509500
2019-05-09,65.56999969482422,66.48999786376953,64.76000213623047,66.12999725341797,60.4613037109375,6116700
2019-05-10,66.04000091552734,66.27999877929688,64.12000274658203,65.56999969482422,59.94931411743164,5953400
2019-05-13,64.41999816894531,64.52999877929688,63.15999984741211,64.16999816894531,58.669315338134766,8146000
2019-05-14,64.23999786376953,65.61000061035156,64.0999984741211,65.08000183105469,59.50131607055664,6810900
2019-05-15,64.66999816894531,65.77999877929688,64.38999938964844,65.30000305175781,59.702457427978516,5381500
2019-05-16,65.58999633789062,66.70999908447266,65.48999786376953,65.77999877929688,60.141300201416016,7535400
2019-05-17,65.7699966430664,67.22000122070312,65.5999984741211,66.36000061035156,60.67159652709961,6660900
2019-05-20,65.98999786376953,66.2300033569336,65.56999969482422,65.86000061035156,60.21445083618164,4473900
2019-05-21,66.22000122070312,66.72000122070312,65.80999755859375,66.5199966430664,60.81787109375,5118200
2019-05-22,66.26000213623047,66.80000305175781,65.7300033569336,66.5,60.79959487915039,5764800
2019-05-23,66.75,67.45999908447266,66.37000274658203,67.16999816894531,61.41215896606445,6707200
2019-05-24,67.30000305175781,67.47000122070312,66.44999694824219,66.88999938964844,61.15615463256836,4197900
2019-05-28,65.30999755859375,65.79000091552734,63.95000076293945,63.970001220703125,58.48646545410156,9821600
2019-05-29,63.61000061035156,63.72999954223633,62.84000015258789,63.369998931884766,57.937889099121094,7193700
2019-05-30,63.459999084472656,63.63999938964844,62.810001373291016,63.34000015258789,57.910465240478516,4311900
2019-05-31,62.77000045776367,63.060001373291016,62.16999816894531,62.25,56.91390609741211,4871900
2019-06-03,62.5,64.44000244140625,62.18000030517578,63.630001068115234,58.17561340332031,9150900
2019-06-04,63.970001220703125,64.72000122070312,63.65999984741211,64.31999969482422,58.80645751953125,5647800
2019-06-05,64.80000305175781,64.83999633789062,63.599998474121094,64.44000244140625,58.91617965698242,5226500
2019-06-06,64.44999694824219,64.80000305175781,63.56999969482422,63.72999954223633,58.26703643798828,4982500
2019-06-07,64.13999938964844,65.62999725341797,63.470001220703125,65.3499984741211,59.74816131591797,6255100
2019-06-10,65.4000015258789,66.2699966430664,65.27999877929688,66.12000274658203,60.45216369628906,5942700
2019-06-11,66.12999725341797,66.83000183105469,65.94999694824219,66.0999984741211,60.43388366699219,5144600
2019-06-12,66.37999725341797,67.45999908447266,66.20999908447266,66.77999877929688,61.05558776855469,6406800
2019-06-13,66.30999755859375,67.25,66.30000305175781,66.98999786376953,61.83089828491211,4452900
2019-06-14,66.91000366210938,66.9800033569336,66.19999694824219,66.36000061035156,61.24942398071289,5333800
2019-06-17,66.47000122070312,67.44999694824219,66.06999969482422,67.0999984741211,61.93242645263672,5287300
2019-06-18,67.6500015258789,68.9000015258789,67.37999725341797,68.19999694824219,62.94771194458008,7385700
2019-06-19,68.02999877929688,68.4000015258789,67.6500015258789,68.26000213623047,63.00309753417969,4643100
2019-06-20,68.79000091552734,69.31999969482422,67.70999908447266,68.56999969482422,63.28922653198242,4968300
2019-06-21,68.52999877929688,69.47000122070312,68.2699966430664,69.37999725341797,64.0368423461914,8718500
2019-06-24,69.12999725341797,69.4800033569336,68.69999694824219,68.83999633789062,63.53841781616211,4013700
2019-06-25,68.75,69.9800033569336,68.12999725341797,68.4800033569336,63.206153869628906,6293200
2019-06-26,68.5,68.54000091552734,66.58000183105469,66.68000030517578,61.54477310180664,9479000
2019-06-27,66.63999938964844,67.38999938964844,66.26000213623047,67.08000183105469,61.91397476196289,5996900
2019-06-28,67.1500015258789,68.0199966430664,66.86000061035156,67.55999755859375,62.356998443603516,19742500
2019-07-01,68.0,68.86000061035156,67.27999877929688,67.83000183105469,62.60620880126953,6014500
2019-07-02,68.63999938964844,68.94000244140625,67.95999908447266,68.83999633789062,63.53841781616211,6010200
2019-07-03,69.06999969482422,69.06999969482422,68.31999969482422,69.0,63.68610763549805,2906000
2019-07-05,68.55999755859375,69.3499984741211,68.3499984741211,68.52999877929688,63.252296447753906,4118300
2019-07-08,68.2699966430664,68.47000122070312,66.36000061035156,67.4800033569336,62.28316116333008,7191900
2019-07-09,67.18000030517578,68.18000030517578,66.75,67.75,62.53236770629883,5201400
2019-07-10,68.0,68.52999877929688,66.9000015258789,67.45999908447266,62.26470184326172,4072300
2019-07-11,67.01000213623047,67.38999938964844,65.54000091552734,66.19000244140625,61.09251403808594,5833100
2019-07-12,66.16999816894531,66.68000030517578,65.88999938964844,66.26000213623047,61.15711975097656,4740700
2019-07-15,66.9800033569336,68.25,66.83999633789062,68.06999969482422,62.827735900878906,7495100
2019-07-16,68.06999969482422,68.19999694824219,66.51000213623047,66.94000244140625,61.78474807739258,5573200
2019-07-17,67.12999725341797,67.41999816894531,66.80999755859375,66.91999816894531,61.76628875732422,4858500
2019-07-18,66.62999725341797,67.5999984741211,66.30000305175781,67.20999908447266,62.033958435058594,4002500
2019-07-19,67.5199966430664,67.52999877929688,64.91000366210938,65.04000091552734,60.03107833862305,8876400
2019-07-22,65.30000305175781,65.81999969482422,64.75,64.91000366210938,59.91108322143555,6302600
2019-07-23,65.06999969482422,66.44000244140625,64.68000030517578,66.4000015258789,61.28633499145508,7854200
2019-07-24,66.4800033569336,66.81999969482422,65.83000183105469,66.63999938964844,61.50786209106445,4592400
2019-07-25,66.56999969482422,67.06999969482422,66.19999694824219,66.31999969482422,61.21249771118164,4061200
2019-07-26,66.3499984741211,67.04000091552734,65.91999816894531,66.91999816894531,61.76628875732422,4790600
2019-07-29,68.08999633789062,68.4000015258789,67.30000305175781,67.87000274658203,62.643123626708984,5571700
2019-07-30,67.80000305175781,67.83000183105469,66.66000366210938,67.08999633789062,61.9232063293457,6694500
2019-07-31,65.6500015258789,66.72000122070312,64.16000366210938,65.5199966430664,60.47410583496094,10366300
2019-08-01,65.66000366210938,66.77999877929688,65.08000183105469,65.47000122070312,60.42796325683594,8259800
2019-08-02,65.19000244140625,65.45999908447266,64.25,64.94999694824219,59.948001861572266,6753100
2019-08-05,64.30000305175781,64.62000274658203,62.869998931884766,63.36000061035156,58.48045349121094,7230000
2019-08-06,63.459999084472656,64.1500015258789,62.63999938964844,63.97999954223633,59.052711486816406,7052100
2019-08-07,63.34000015258789,64.19999694824219,62.540000915527344,63.880001068115234,58.96040725708008,5450400
2019-08-08,63.720001220703125,64.9000015258789,63.61000061035156,64.81999969482422,59.82801818847656,5188900
2019-08-09,64.69999694824219,65.72000122070312,64.36000061035156,65.23999786376953,60.21567153930664,5233000
2019-08-12,64.93000030517578,65.47000122070312,63.4900016784668,63.97999954223633,59.052711486816406,5703200
2019-08-13,63.720001220703125,64.98999786376953,63.720001220703125,64.30000305175781,59.34806823730469,4779600
2019-08-14,63.689998626708984,63.79999923706055,62.91999816894531,63.119998931884766,58.25893783569336,6382100
2019-08-15,63.279998779296875,63.810001373291016,62.84000015258789,62.869998931884766,58.02819061279297,4490800
2019-08-16,63.40999984741211,63.5099983215332,62.84000015258789,63.13999938964844,58.27739715576172,6967500
2019-08-19,63.689998626708984,64.41999816894531,63.689998626708984,64.11000061035156,59.17269515991211,6163200
2019-08-20,64.04000091552734,64.30999755859375,63.380001068115234,63.439998626708984,58.55429458618164,5286400
2019-08-21,64.04000091552734,64.26000213623047,63.66999816894531,64.12999725341797,59.19115447998047,4493700
2019-08-22,64.30999755859375,64.69999694824219,63.540000915527344,64.22000122070312,59.274227142333984,5084900
2019-08-23,64.06999969482422,64.66999816894531,62.189998626708984,62.5099983215332,57.6959114074707,7488300
2019-08-26,63.29999923706055,63.33000183105469,62.33000183105469,63.0,58.1481819152832,4053200
2019-08-27,63.5099983215332,63.88999938964844,62.939998626708984,63.310001373291016,58.434303283691406,5227000
2019-08-28,63.040000915527344,64.19000244140625,62.72999954223633,63.63999938964844,58.738895416259766,5441100
2019-08-29,64.2699966430664,64.41999816894531,63.290000915527344,63.75,58.840423583984375,4758500
2019-08-30,63.9900016784668,64.01000213623047,62.849998474121094,63.540000915527344,58.64659118652344,5301200
2019-09-03,63.150001525878906,63.34000015258789,62.27000045776367,62.970001220703125,58.12049865722656,4909200
2019-09-04,63.36000061035156,63.66999816894531,62.38999938964844,63.27000045776367,58.39738464355469,5898200
2019-09-05,63.439998626708984,64.5,63.33000183105469,64.05999755859375,59.126548767089844,6011100
2019-09-06,64.30000305175781,65.0,63.91999816894531,64.81999969482422,59.82801818847656,6833300
2019-09-09,64.6500015258789,66.56999969482422,64.62999725341797,66.33000183105469,61.22172927856445,8701000
2019-09-10,66.08000183105469,67.18000030517578,65.7699966430664,67.08000183105469,61.91397476196289,7419700
2019-09-11,66.98999786376953,68.16000366210938,66.98999786376953,68.08000183105469,62.83696365356445,8853300
2019-09-12,67.5,67.54000091552734,66.26000213623047,66.36000061035156,61.82150650024414,6495500
2019-09-13,66.75,67.48999786376953,65.95999908447266,66.5199966430664,61.97055435180664,4814700
2019-09-16,66.29000091552734,66.43000030517578,65.66000366210938,65.87999725341797,61.374324798583984,4644100
2019-09-17,65.9000015258789,66.23999786376953,65.27999877929688,66.16999816894531,61.64448928833008,4819800
2019-09-18,66.01000213623047,66.1500015258789,65.11000061035156,65.72000122070312,61.225276947021484,4295400
2019-09-19,65.8499984741211,66.44000244140625,65.63999938964844,65.95999908447266,61.44886016845703,4171100
2019-09-20,65.88999938964844,67.0199966430664,65.88999938964844,66.41999816894531,61.87739181518555,9700400
2019-09-23,66.25,66.33000183105469,64.87999725341797,65.7300033569336,61.234588623046875,5259100
2019-09-24,65.98999786376953,66.02999877929688,64.23999786376953,64.55999755859375,60.14460754394531,5823400
2019-09-25,64.5,64.83999633789062,64.0199966430664,64.19999694824219,59.80923080444336,4914500
2019-09-26,64.41999816894531,64.41999816894531,63.09000015258789,63.29999923706055,58.97078323364258,6398400
2019-09-27,63.56999969482422,63.91999816894531,62.56999969482422,62.900001525878906,58.59813690185547,7410900
2019-09-30,63.0,63.810001373291016,62.86000061035156,63.380001068115234,59.04530715942383,8291400
2019-10-01,63.599998474121094,64.33000183105469,62.959999084472656,63.220001220703125,58.89625549316406,4899200
2019-10-02,62.939998626708984,62.939998626708984,61.52000045776367,61.619998931884766,57.40568161010742,6409700
2019-10-03,61.7400016784668,62.34000015258789,60.88999938964844,62.22999954223633,57.973960876464844,6325200
2019-10-04,62.45000076293945,62.720001220703125,61.91999816894531,62.560001373291016,58.281394958496094,5138700
2019-10-07,62.54999923706055,63.58000183105469,62.279998779296875,62.72999954223633,58.439762115478516,5980700
2019-10-08,62.33000183105469,62.4900016784668,61.369998931884766,61.689998626708984,57.470890045166016,4559800
2019-10-09,62.290000915527344,62.43000030517578,61.7599983215332,61.97999954223633,57.741058349609375,3516200
2019-10-10,62.119998931884766,63.40999984741211,62.0,63.2599983215332,58.93351745605469,5718400
2019-10-11,63.95000076293945,64.48999786376953,63.66999816894531,63.9900016784668,59.61359405517578,5598100
2019-10-14,63.83000183105469,65.0199966430664,63.83000183105469,64.51000213623047,60.09803009033203,4354500
2019-10-15,64.83000183105469,65.73999786376953,64.61000061035156,65.30000305175781,60.8339958190918,5675700
2019-10-16,65.05999755859375,65.87999725341797,65.0,65.3499984741211,60.88056945800781,4854900
2019-10-17,65.30000305175781,65.69000244140625,64.77999877929688,65.2300033569336,60.768795013427734,4682600
2019-10-18,65.4000015258789,65.44999694824219,64.19999694824219,64.91000366210938,60.470664978027344,8805600
2019-10-21,64.94000244140625,65.37000274658203,64.80000305175781,65.20999908447266,60.75015640258789,3737000
2019-10-22,65.70999908447266,66.58999633789062,65.66999816894531,65.86000061035156,61.35569763183594,5881800
2019-10-23,65.72000122070312,66.6500015258789,65.52999877929688,66.58000183105469,62.02646255493164,6056100
2019-10-24,66.75,66.75,65.62999725341797,66.0,61.486122131347656,5555400
2019-10-25,63.0,64.2699966430664,62.52000045776367,63.31999969482422,58.98941421508789,12014700
2019-10-28,63.630001068115234,63.95000076293945,62.779998779296875,63.72999954223633,59.37137222290039,7854900
2019-10-29,64.0,64.0,63.25,63.45000076293945,59.11052703857422,5534200
2019-10-30,63.45000076293945,63.599998474121094,62.66999816894531,63.150001525878906,58.83104705810547,6289200
2019-10-31,62.90999984741211,63.81999969482422,62.7400016784668,63.709999084472656,59.35274124145508,6438100
2019-11-01,63.970001220703125,64.98999786376953,63.7599983215332,64.66000366210938,60.237770080566406,4956800
2019-11-04,65.16000366210938,65.4800033569336,64.02999877929688,65.20999908447266,60.75015640258789,7008700
2019-11-05,65.41000366210938,66.2699966430664,65.19000244140625,65.38999938964844,60.9178466796875,6599100
2019-11-06,65.62999725341797,66.16999816894531,65.06999969482422,65.41000366210938,60.93648147583008,6010500
2019-11-07,65.0199966430664,65.16999816894531,63.439998626708984,63.959999084472656,59.58564376831055,7746000
2019-11-08,63.529998779296875,65.5199966430664,63.52000045776367,65.37999725341797,60.90852737426758,4953100
2019-11-11,65.0199966430664,65.1500015258789,64.33000183105469,64.63999938964844,60.21913146972656,3696400
2019-11-12,64.55999755859375,64.86000061035156,64.1500015258789,64.31999969482422,59.921016693115234,4243200
2019-11-13,64.1500015258789,64.1500015258789,63.099998474121094,63.33000183105469,58.99872970581055,4482600
2019-11-14,63.22999954223633,64.0,62.380001068115234,63.810001373291016,59.445899963378906,7548200
2019-11-15,64.16000366210938,65.22000122070312,64.0,65.06999969482422,60.619728088378906,6908600
2019-11-18,64.87999725341797,65.16999816894531,63.720001220703125,64.29000091552734,59.8930778503418,6163600
2019-11-19,64.7300033569336,65.05000305175781,64.5,65.0,60.55451965332031,6135100
2019-11-20,64.77999877929688,65.30000305175781,64.4800033569336,64.87999725341797,60.44272232055664,7633900
2019-11-21,65.0999984741211,65.80000305175781,64.51000213623047,65.7300033569336,61.234588623046875,5392000
2019-11-22,65.79000091552734,65.94000244140625,65.19000244140625,65.26000213623047,60.79673385620117,4589300
2019-11-25,65.55000305175781,67.27999877929688,65.48999786376953,67.22000122070312,62.622684478759766,7492900
2019-11-26,66.97000122070312,67.6500015258789,66.68000030517578,67.27999877929688,62.6785774230957,6923500
2019-11-27,67.27999877929688,67.48999786376953,66.69999694824219,67.12000274658203,62.5295295715332,4980300
2019-11-29,67.04000091552734,67.36000061035156,66.80999755859375,67.23999786376953,62.641319274902344,2658800
2019-12-02,67.25,67.5199966430664,65.94000244140625,66.12000274658203,61.59791564941406,7642100
2019-12-03,65.79000091552734,66.19999694824219,65.16999816894531,66.06999969482422,61.55133819580078,5333300
2019-12-04,66.30000305175781,67.22000122070312,66.05999755859375,66.75,62.18482971191406,5093400
2019-12-05,66.9000015258789,66.94999694824219,65.4000015258789,65.93000030517578,61.420921325683594,5847800
2019-12-06,66.43000030517578,67.55000305175781,66.08000183105469,67.08000183105469,62.49226760864258,4140400
2019-12-09,67.18000030517578,67.87999725341797,66.83000183105469,66.93000030517578,62.352516174316406,5983700
2019-12-10,66.8499984741211,67.18000030517578,66.12999725341797,67.08000183105469,62.49226760864258,4272900
2019-12-11,67.36000061035156,67.98999786376953,67.11000061035156,67.77999877929688,63.14438247680664,5589800
2019-12-12,67.16000366210938,68.16000366210938,67.0199966430664,67.62999725341797,63.59575653076172,5732200
2019-12-13,66.25,66.80999755859375,65.45999908447266,65.7699966430664,61.846702575683594,8198900
2019-12-16,66.25,66.79000091552734,66.08999633789062,66.12000274658203,62.17583084106445,11647500
2019-12-17,66.18000030517578,66.41000366210938,65.79000091552734,66.19999694824219,62.25104904174805,7881300
2019-12-18,66.30999755859375,66.5,65.26000213623047,65.68000030517578,61.76206970214844,10105600
2019-12-19,65.91000366210938,65.91000366210938,65.16000366210938,65.29000091552734,61.39533615112305,9495300
2019-12-20,65.58999633789062,67.0,65.16999816894531,66.8499984741211,62.862281799316406,23440000
2019-12-23,66.69999694824219,67.4000015258789,66.54000091552734,66.75,62.76824188232422,7038200
2019-12-24,66.80999755859375,66.94000244140625,66.29000091552734,66.72000122070312,62.740028381347656,1965800
2019-12-26,66.70999908447266,66.91000366210938,66.1500015258789,66.38999938964844,62.429718017578125,3527400
2019-12-27,66.37999725341797,66.48999786376953,65.70999908447266,65.94999694824219,62.01596450805664,4463900
2019-12-30,65.7300033569336,66.0999984741211,64.80999755859375,64.93000030517578,61.05681228637695,5864300
2019-12-31,64.66000366210938,65.05999755859375,64.3499984741211,64.9800033569336,61.103824615478516,6984700
2020-01-02,65.52999877929688,65.73999786376953,65.04000091552734,65.2300033569336,61.338924407958984,5038200
2020-01-03,64.62999725341797,65.37000274658203,64.55999755859375,65.06999969482422,61.18845748901367,4689700
2020-01-06,64.66999816894531,65.83000183105469,64.66000366210938,65.6500015258789,61.733856201171875,8248700
2020-01-07,65.26000213623047,65.29000091552734,64.16999816894531,65.12000274658203,61.235477447509766,8082600
2020-01-08,65.11000061035156,66.23999786376953,64.80999755859375,65.80000305175781,61.874916076660156,6607300
2020-01-09,65.80999755859375,66.06999969482422,65.30000305175781,65.83999633789062,61.91252136230469,5942300
2020-01-10,66.0,66.08999633789062,64.9800033569336,65.02999877929688,61.150840759277344,5153900
2020-01-13,65.05000305175781,65.26000213623047,64.08000183105469,64.30999755859375,60.47378921508789,6868900
2020-01-14,64.41000366210938,64.55999755859375,63.90999984741211,64.19999694824219,60.3703498840332,9929700
2020-01-15,64.06999969482422,64.93000030517578,63.97999954223633,64.0999984741211,60.27631759643555,7080600
2020-01-16,64.29000091552734,64.37999725341797,63.119998931884766,63.20000076293945,59.43000411987305,10633900
2020-01-17,63.5,63.5,62.56999969482422,62.97999954223633,59.2231330871582,13457600
2020-01-21,62.90999984741211,62.91999816894531,62.22999954223633,62.630001068115234,58.894012451171875,12261100
2020-01-22,62.79999923706055,63.43000030517578,62.599998474121094,63.400001525878906,59.61807632446289,7906100
2020-01-23,63.25,64.05999755859375,62.7400016784668,63.939998626708984,60.12586212158203,14648700
2020-01-24,64.06999969482422,64.19999694824219,62.84000015258789,63.150001525878906,59.38299560546875,18685100
2020-01-27,63.0,64.27999877929688,62.79999923706055,63.83000183105469,60.02242660522461,10421600
2020-01-28,64.25,64.87999725341797,64.08999633789062,64.36000061035156,60.52081298828125,10241100
2020-01-29,64.41999816894531,65.13999938964844,64.22000122070312,64.30000305175781,60.46438980102539,7071000
2020-01-30,63.900001525878906,64.0999984741211,63.029998779296875,64.02999877929688,60.21049499511719,8771800
2020-01-31,63.79999923706055,63.93000030517578,62.599998474121094,63.20000076293945,59.43000411987305,11416800
2020-02-03,67.73999786376953,68.68000030517578,65.48999786376953,66.36000061035156,62.40150833129883,35527100
2020-02-04,68.0,68.01000213623047,66.87999725341797,67.4000015258789,63.37947463989258,15904100
2020-02-05,66.22000122070312,66.55000305175781,64.06999969482422,65.87000274658203,61.94074249267578,21184500
2020-02-06,67.29000091552734,69.9000015258789,66.05000305175781,68.20999908447266,64.14114379882812,28805500
2020-02-07,69.9800033569336,71.19000244140625,68.38999938964844,68.87000274658203,64.76178741455078,27320100
2020-02-10,69.31999969482422,69.4000015258789,67.61000061035156,68.98999786376953,64.87461853027344,24347800
2020-02-11,68.93000030517578,68.98999786376953,67.5,67.76000213623047,63.71799087524414,12858700
2020-02-12,67.5,67.81999969482422,66.31999969482422,66.94999694824219,62.95630645751953,13927100
2020-02-13,67.12999725341797,67.7699966430664,66.5199966430664,66.80000305175781,62.81526565551758,8031000
2020-02-14,67.41000366210938,67.66000366210938,67.04000091552734,67.55999755859375,63.52992630004883,9109100
2020-02-18,67.55999755859375,67.80000305175781,66.70999908447266,67.01000213623047,63.01273727416992,9904700
2020-02-19,67.19999694824219,67.54000091552734,66.81999969482422,67.3499984741211,63.33244323730469,7754000
2020-02-20,67.26000213623047,67.36000061035156,66.0999984741211,67.0,63.00333023071289,8697200
2020-02-21,67.18000030517578,69.77999877929688,66.80999755859375,69.69999694824219,65.54226684570312,22478200
2020-02-24,73.88999938964844,74.5199966430664,71.58999633789062,72.9000015258789,68.55137634277344,42905000
2020-02-25,73.7300033569336,73.8499984741211,69.0199966430664,70.0999984741211,65.91841125488281,39199200
2020-02-26,71.31999969482422,75.47000122070312,70.72000122070312,74.69999694824219,70.24401092529297,35000500
2020-02-27,78.30999755859375,78.87999725341797,72.26000213623047,72.66000366210938,68.3257064819336,51482500
2020-02-28,70.16999816894531,71.08000183105469,66.62999725341797,69.36000061035156,65.22254943847656,33786900
2020-03-02,70.31999969482422,75.41000366210938,70.08000183105469,75.4000015258789,70.90225982666016,31113000
2020-03-03,74.2699966430664,74.81999969482422,71.51000213623047,74.20999908447266,69.78323364257812,24482000
2020-03-04,74.9000015258789,76.01000213623047,72.58999633789062,76.01000213623047,71.47586822509766,23741700
2020-03-05,75.0,77.5,74.52999877929688,76.12999725341797,71.58870697021484,22727600
2020-03-06,75.31999969482422,80.4000015258789,75.0999984741211,80.22000122070312,75.43473815917969,31704700
2020-03-09,77.91999816894531,78.19000244140625,73.08999633789062,73.5199966430664,69.13439178466797,32839400
2020-03-10,75.51000213623047,75.55999755859375,68.77999877929688,72.33999633789062,68.02479553222656,27660000
2020-03-11,73.9000015258789,75.37999725341797,72.77999877929688,73.69999694824219,69.30366516113281,32018600
2020-03-12,70.44000244140625,72.86000061035156,67.87999725341797,68.58000183105469,65.08963012695312,26364600
2020-03-13,71.93000030517578,72.0,67.5,70.75,67.1491928100586,30116100
2020-03-16,67.23999786376953,72.80000305175781,64.41000366210938,68.9000015258789,65.39334869384766,26764600
2020-03-17,70.0,76.08000183105469,69.0,74.5199966430664,70.72732543945312,28823700
2020-03-18,73.61000061035156,80.0,72.97000122070312,79.41999816894531,75.37793731689453,34965900
2020-03-19,80.9800033569336,85.97000122070312,78.29000091552734,78.55000305175781,74.5522232055664,46268200
2020-03-20,79.5,81.5999984741211,72.16999816894531,73.26000213623047,69.53145599365234,35110200
2020-03-23,75.30000305175781,75.30000305175781,68.86000061035156,72.61000061035156,68.91453552246094,19875200
2020-03-24,75.12999725341797,75.83000183105469,72.11000061035156,73.95999908447266,70.19583129882812,20608100
2020-03-25,73.87000274658203,74.48999786376953,69.33999633789062,69.66000366210938,66.11466217041016,24138100
2020-03-26,69.9000015258789,73.91000366210938,69.75,73.86000061035156,70.10091400146484,18351900
2020-03-27,73.70999908447266,75.38999938964844,71.91000366210938,72.8499984741211,69.1423110961914,16521600
2020-03-30,75.3499984741211,76.41999816894531,73.88999938964844,75.93000030517578,72.06555938720703,15929400
2020-03-31,75.94999694824219,76.33000183105469,73.79000091552734,74.76000213623047,70.95510864257812,12111900
2020-04-01,74.31999969482422,74.38999938964844,72.0,72.51000213623047,68.81961822509766,12177600
2020-04-02,71.80999755859375,77.4800033569336,71.37999725341797,76.9800033569336,73.0621337890625,20482100
2020-04-03,77.41000366210938,79.47000122070312,76.36000061035156,78.20999908447266,74.22952270507812,19421800
2020-04-06,79.23999786376953,79.6500015258789,75.87999725341797,77.7300033569336,73.77395629882812,19101100
2020-04-07,77.30000305175781,77.68000030517578,72.5,74.66999816894531,70.86968231201172,19917900
2020-04-08,74.7300033569336,75.12999725341797,73.56999969482422,74.98999786376953,71.17338562011719,12215400
2020-04-09,74.37000274658203,74.5999984741211,72.94999694824219,73.51000213623047,69.76873016357422,12798600
2020-04-13,75.80000305175781,76.0,73.72000122070312,75.27999877929688,71.44863891601562,16255600
2020-04-14,75.9800033569336,77.8499984741211,75.33999633789062,77.75,73.79293060302734,14379300
2020-04-15,76.16000366210938,76.58999633789062,74.47000122070312,74.62999725341797,70.83171844482422,11397400
2020-04-16,74.83999633789062,76.95999908447266,74.44999694824219,76.54000091552734,72.64451599121094,20935400
2020-04-17,85.16999816894531,85.79000091552734,81.01000213623047,83.98999786376953,79.71534729003906,94348500
2020-04-20,82.98999786376953,85.18000030517578,80.6500015258789,81.26000213623047,77.12429809570312,31003600
2020-04-21,80.25,82.23999786376953,78.26000213623047,78.52999877929688,74.53324127197266,19989400
2020-04-22,79.58000183105469,81.55999755859375,78.80999755859375,81.30999755859375,77.1717529296875,13970300
2020-04-23,82.16999816894531,84.0,74.4000015258789,77.77999877929688,73.82140350341797,65439700
2020-04-24,77.0999984741211,80.1500015258789,76.25,79.63999938964844,75.58673858642578,24424200
2020-04-27,79.9000015258789,80.4000015258789,78.23999786376953,79.9000015258789,75.83350372314453,14640700
2020-04-28,79.88999938964844,80.06999969482422,78.08000183105469,78.66999816894531,74.6661148071289,9778200
2020-04-29,83.97000122070312,85.01000213623047,80.05000305175781,83.13999938964844,78.90861511230469,78230200
2020-04-30,85.47000122070312,85.66999816894531,81.33000183105469,84.0,79.72484588623047,39332600
2020-05-01,81.19999694824219,81.4000015258789,77.62000274658203,79.94999694824219,75.8809585571289,34498100
2020-05-04,81.62000274658203,81.76000213623047,79.19000244140625,80.25,76.16569519042969,19203000
2020-05-05,79.33000183105469,79.83000183105469,78.51000213623047,79.13999938964844,75.11219024658203,14925900
2020-05-06,78.9000015258789,79.36000061035156,77.26000213623047,77.47000122070312,73.52719116210938,12591900
2020-05-07,77.9000015258789,78.43000030517578,76.80999755859375,77.61000061035156,73.6600570678711,13491700
2020-05-08,77.76000213623047,78.44000244140625,76.87000274658203,77.48999786376953,73.5461654663086,10539200
2020-05-11,77.7699966430664,80.91999816894531,77.62000274658203,80.80000305175781,76.68770599365234,13340500
2020-05-12,80.20999908447266,80.4800033569336,77.91000366210938,77.94999694824219,73.98274230957031,12140800
2020-05-13,79.30000305175781,79.3499984741211,76.9000015258789,77.05999755859375,73.13805389404297,11166300
2020-05-14,76.55000305175781,77.80999755859375,75.83000183105469,77.2300033569336,73.29940795898438,10711900
2020-05-15,76.47000122070312,76.8499984741211,75.44999694824219,76.26000213623047,72.37877655029297,12350800
2020-05-18,76.45999908447266,76.5,73.86000061035156,74.76000213623047,70.95510864257812,16586800
2020-05-19,73.66999816894531,74.8499984741211,72.30000305175781,72.33999633789062,68.65827178955078,14152000
2020-05-20,72.80999755859375,74.08999633789062,72.70999908447266,73.88999938964844,70.12939453125,13429500
2020-05-21,73.47000122070312,73.93000030517578,72.88999938964844,73.5,69.75923919677734,7193500
2020-05-22,73.08999633789062,73.48999786376953,72.70999908447266,73.33999633789062,69.60738372802734,6268500
2020-05-26,73.9800033569336,74.30000305175781,72.41000366210938,73.18000030517578,69.45552825927734,12308100
2020-05-27,72.37999725341797,74.9800033569336,72.37999725341797,74.9000015258789,71.0879898071289,11752300
2020-05-28,74.98999786376953,76.16999816894531,74.91000366210938,75.31999969482422,71.48660278320312,10511700
2020-05-29,75.7699966430664,78.12000274658203,74.61000061035156,77.83000183105469,73.86886596679688,24375100
2020-06-01,75.47000122070312,76.9000015258789,74.37999725341797,75.16000366210938,71.33475494384766,14665300
2020-06-02,74.37000274658203,74.63999938964844,72.95999908447266,73.26000213623047,69.53145599365234,16897900
2020-06-03,74.37999725341797,74.55000305175781,73.36000061035156,74.4000015258789,70.61344146728516,12654500
2020-06-04,74.12000274658203,78.18000030517578,73.94000244140625,77.54000091552734,73.59362030029297,14740900
2020-06-05,76.75,77.52999877929688,76.19999694824219,76.75,72.84381866455078,11047100
2020-06-08,79.30000305175781,79.30999755859375,76.7300033569336,76.97000122070312,73.0526351928711,17973400
2020-06-09,77.0,78.12999725341797,76.69000244140625,77.58999633789062,73.64107513427734,7804300
2020-06-10,77.80000305175781,78.38999938964844,76.87999725341797,77.06999969482422,73.14752960205078,7790800
2020-06-11,75.94000244140625,76.20999908447266,72.75,72.83999633789062,69.74822998046875,12098200
2020-06-12,73.33000183105469,73.72000122070312,71.91000366210938,73.19999694824219,70.09294128417969,8375600
2020-06-15,73.26000213623047,74.47000122070312,72.41000366210938,73.97000122070312,70.83025360107422,6411800
2020-06-16,74.58999633789062,75.66000366210938,73.69999694824219,74.62000274658203,71.45267486572266,9619700
2020-06-17,74.52999877929688,74.80999755859375,73.6500015258789,73.76000213623047,70.62918090820312,7534100
2020-06-18,73.38999938964844,74.18000030517578,73.01000213623047,74.04000091552734,70.89729309082031,5516100
2020-06-19,74.5199966430664,78.0,74.0999984741211,77.47000122070312,74.18170928955078,19322700
2020-06-22,76.4800033569336,76.75,75.04000091552734,75.66999816894531,72.4581069946289,8943000
2020-06-23,75.66999816894531,76.06999969482422,74.80999755859375,75.05000305175781,71.86443328857422,7117100
2020-06-24,74.9000015258789,76.05000305175781,74.7300033569336,75.93000030517578,72.70706939697266,7982000
2020-06-25,75.80000305175781,75.87999725341797,74.33000183105469,75.48999786376953,72.2857437133789,7172900
2020-06-26,75.0999984741211,75.37000274658203,73.7300033569336,74.56999969482422,71.40479278564453,10389200
2020-06-29,76.52999877929688,76.55999755859375,74.13999938964844,74.55999755859375,71.39521789550781,8775300
2020-06-30,74.33999633789062,77.16000366210938,73.91000366210938,76.94000244140625,73.67420196533203,9402600
2020-07-01,77.0999984741211,77.2300033569336,75.9000015258789,76.05999755859375,72.83155059814453,7786900
2020-07-02,76.30999755859375,77.08999633789062,75.6500015258789,76.3499984741211,73.10923767089844,6381000
2020-07-06,77.51000213623047,77.66000366210938,76.06999969482422,76.76000213623047,73.50184631347656,7056600
2020-07-07,76.48999786376953,76.95999908447266,76.30999755859375,76.41999816894531,73.17626190185547,5055700
2020-07-08,76.69999694824219,77.0,74.93000030517578,75.61000061035156,72.4006576538086,6293500
2020-07-09,75.11000061035156,75.83999633789062,73.94999694824219,74.70999908447266,71.53884887695312,5199800
2020-07-10,76.0999984741211,76.8499984741211,75.5199966430664,76.31999969482422,73.08051300048828,9553800
2020-07-13,76.5199966430664,78.33999633789062,75.94999694824219,76.68000030517578,73.42523193359375,9626600
2020-07-14,76.20999908447266,77.3499984741211,75.44000244140625,77.19000244140625,73.91358184814453,6904200
2020-07-15,76.98999786376953,77.29000091552734,76.23999786376953,76.6500015258789,73.3965072631836,6018800
2020-07-16,76.5999984741211,76.75,75.62999725341797,76.63999938964844,73.38693237304688,4862200
2020-07-17,76.52999877929688,77.6500015258789,76.20999908447266,77.51000213623047,74.22000122070312,6940100
2020-07-20,77.75,78.94000244140625,77.27999877929688,78.08000183105469,74.76580810546875,6974400
2020-07-21,77.3499984741211,77.98999786376953,76.5999984741211,76.77999877929688,73.52098083496094,5636600
2020-07-22,76.87000274658203,77.25,75.95999908447266,76.25,73.01348876953125,4734800
2020-07-23,76.43000030517578,76.80000305175781,75.37000274658203,75.55999755859375,72.35276794433594,5854400
2020-07-24,75.47000122070312,75.6500015258789,73.12000274658203,73.63999938964844,70.51426696777344,8149000
2020-07-27,73.88999938964844,74.58999633789062,73.31999969482422,74.54000091552734,71.37606811523438,7678500
2020-07-28,74.66999816894531,75.04000091552734,73.61000061035156,73.7300033569336,70.60045623779297,5484400
2020-07-29,73.8499984741211,73.8499984741211,72.52999877929688,73.01000213623047,69.9110107421875,8345200
2020-07-30,72.55000305175781,72.5999984741211,71.70999908447266,72.33000183105469,69.25987243652344,9274100
2020-07-31,69.7300033569336,70.83000183105469,68.5199966430664,69.52999877929688,66.57872009277344,20551100
2020-08-03,69.72000122070312,72.1500015258789,69.61000061035156,71.7300033569336,68.68534088134766,9671800
2020-08-04,72.0199966430664,72.30999755859375,70.47000122070312,70.87999725341797,67.87141418457031,9799700
2020-08-05,70.63999938964844,70.80999755859375,68.9800033569336,69.0,66.07122039794922,12271400
2020-08-06,69.0199966430664,69.62999725341797,68.62000274658203,68.80999755859375,65.8892822265625,8318000
2020-08-07,69.36000061035156,69.7300033569336,68.80999755859375,69.3499984741211,66.40635681152344,8069000
2020-08-10,69.1500015258789,69.25,67.95999908447266,68.51000213623047,65.60202026367188,10278000
2020-08-11,68.44999694824219,69.18000030517578,67.91999816894531,68.0999984741211,65.20941925048828,10236900
2020-08-12,68.69000244140625,69.11000061035156,68.37999725341797,68.83999633789062,65.91801452636719,9116600
2020-08-13,68.97000122070312,69.19000244140625,67.98999786376953,68.18000030517578,65.28602600097656,7468100
2020-08-14,68.08999633789062,68.81999969482422,68.0,68.5,65.59244537353516,9169200
2020-08-17,68.31999969482422,69.3499984741211,68.30999755859375,69.1500015258789,66.21485137939453,6848800
2020-08-18,69.2300033569336,69.75,68.9800033569336,69.05999755859375,66.12866973876953,6327500
2020-08-19,66.19000244140625,67.47000122070312,65.5,65.69999694824219,62.911285400390625,19680300
2020-08-20,65.83999633789062,66.16000366210938,65.55000305175781,66.05000305175781,63.246437072753906,8339300
2020-08-21,65.77999877929688,66.87000274658203,65.41000366210938,66.5,63.67733383178711,9898000
2020-08-24,66.36000061035156,66.95999908447266,65.55000305175781,66.08000183105469,63.27517318725586,8566200
2020-08-25,65.91000366210938,66.23999786376953,65.70999908447266,66.05000305175781,63.246437072753906,7456600
2020-08-26,65.87999725341797,65.87999725341797,65.16000366210938,65.5999984741211,62.81553268432617,7522600
2020-08-27,65.58999633789062,65.8499984741211,65.31999969482422,65.55000305175781,62.767662048339844,7919600
2020-08-28,65.22000122070312,65.75,64.9800033569336,65.26000213623047,62.489967346191406,6821000
2020-08-31,65.45999908447266,66.88999938964844,65.41999816894531,66.75,63.91672134399414,9083900
2020-09-01,66.33000183105469,66.47000122070312,64.91000366210938,65.83000183105469,63.035770416259766,8348000
2020-09-02,65.31999969482422,66.95999908447266,65.31999969482422,66.79000091552734,63.95503234863281,8334700
2020-09-03,66.80999755859375,67.43000030517578,65.4800033569336,65.91000366210938,63.11238098144531,10457400
2020-09-04,65.72000122070312,66.94000244140625,65.58000183105469,66.01000213623047,63.20813751220703,8762200
2020-09-08,65.12000274658203,65.37000274658203,63.95000076293945,64.13999938964844,61.417503356933594,10729400
2020-09-09,64.27999877929688,65.08000183105469,63.61000061035156,64.51000213623047,61.77180480957031,9309700
2020-09-10,64.69000244140625,65.04000091552734,63.54999923706055,63.77000045776367,61.063209533691406,8420600
2020-09-11,64.37000274658203,65.91000366210938,64.22000122070312,65.58000183105469,62.796382904052734,10213000
2020-09-14,64.44000244140625,67.91999816894531,64.30999755859375,66.33999633789062,64.18970489501953,18854200
2020-09-15,67.04000091552734,67.12999725341797,65.91999816894531,66.19999694824219,64.05424499511719,8327700
2020-09-16,66.31999969482422,66.55000305175781,65.61000061035156,65.6500015258789,63.522071838378906,7563600
2020-09-17,64.81999969482422,65.54000091552734,64.4000015258789,65.04000091552734,62.93185043334961,8498300
2020-09-18,64.94999694824219,65.16999816894531,64.05000305175781,65.05000305175781,62.941524505615234,14256900
2020-09-21,64.80999755859375,64.97000122070312,63.459999084472656,64.20999908447266,62.12874984741211,8575200
2020-09-22,64.08000183105469,64.58000183105469,63.290000915527344,63.400001525878906,61.345008850097656,7228200
2020-09-23,63.5099983215332,64.08000183105469,63.0,63.09000015258789,61.0450553894043,8520200
2020-09-24,62.70000076293945,62.84000015258789,61.650001525878906,62.25,60.23228073120117,9004600
2020-09-25,62.099998474121094,62.5099983215332,61.77000045776367,62.25,60.23228073120117,7142800
2020-09-28,62.939998626708984,63.40999984741211,62.52000045776367,62.849998474121094,60.81283187866211,7474700
2020-09-29,62.959999084472656,63.029998779296875,61.95000076293945,62.099998474121094,60.08713912963867,8657900
2020-09-30,62.349998474121094,63.43000030517578,62.11000061035156,63.189998626708984,61.141807556152344,10072600
2020-10-01,63.33000183105469,63.709999084472656,62.709999084472656,63.31999969482422,61.26759719848633,8356500
2020-10-02,63.29999923706055,63.84000015258789,62.150001525878906,62.16999816894531,60.15487289428711,7796600
2020-10-05,63.709999084472656,64.08999633789062,63.099998474121094,63.599998474121094,61.53852081298828,10193900
2020-10-06,63.790000915527344,63.790000915527344,62.349998474121094,62.52000045776367,60.4935302734375,8398100
2020-10-07,62.72999954223633,63.16999816894531,62.290000915527344,62.84000015258789,60.80315399169922,6351400
2020-10-08,63.33000183105469,64.05000305175781,63.02000045776367,63.31999969482422,61.26759719848633,6434900
2020-10-09,64.61000061035156,64.69000244140625,63.720001220703125,63.84000015258789,61.7707405090332,9364500
2020-10-12,64.06999969482422,64.98999786376953,63.54999923706055,64.55000305175781,62.457733154296875,7750200
2020-10-13,64.55000305175781,64.98999786376953,64.0,64.48999786376953,62.39967346191406,6450200
2020-10-14,64.41000366210938,64.58999633789062,63.439998626708984,64.05000305175781,61.97393798828125,7138900
2020-10-15,63.47999954223633,63.54999923706055,62.650001525878906,62.959999084472656,60.91926574707031,9630700
2020-10-16,62.400001525878906,62.86000061035156,61.83000183105469,62.0,59.99038314819336,12307200
2020-10-19,62.0,62.099998474121094,60.209999084472656,60.56999969482422,58.60673522949219,9643600
2020-10-20,60.59000015258789,60.900001525878906,59.86000061035156,60.54999923706055,58.58738327026367,9208000
2020-10-21,60.2400016784668,60.5,59.900001525878906,60.209999084472656,58.258399963378906,7493700
2020-10-22,59.91999816894531,60.900001525878906,59.650001525878906,60.66999816894531,58.703487396240234,17061800
2020-10-23,63.380001068115234,63.63999938964844,60.7599983215332,60.790000915527344,58.81960678100586,30965400
2020-10-26,60.36000061035156,60.689998626708984,59.400001525878906,59.959999084472656,58.01650619506836,10256300
2020-10-27,59.810001373291016,60.209999084472656,59.439998626708984,60.0099983215332,58.06488800048828,7699900
2020-10-28,59.310001373291016,59.56999969482422,58.060001373291016,58.720001220703125,56.81669998168945,12150800
2020-10-29,57.79999923706055,58.88999938964844,57.040000915527344,58.529998779296875,56.63285446166992,12529400
2020-10-30,57.790000915527344,58.58000183105469,57.18000030517578,58.150001525878906,56.265174865722656,11869100
2020-11-02,58.779998779296875,59.150001525878906,57.83000183105469,58.529998779296875,56.63285446166992,9352600
2020-11-03,58.81999969482422,59.38999938964844,58.400001525878906,58.83000183105469,56.923133850097656,6599700
2020-11-04,59.38999938964844,61.189998626708984,59.369998931884766,59.869998931884766,57.92942428588867,12935200
2020-11-05,60.34000015258789,60.470001220703125,59.20000076293945,59.630001068115234,57.69720458984375,7519800
2020-11-06,59.41999816894531,59.5,58.720001220703125,59.06999969482422,57.15535354614258,7209800
2020-11-09,59.400001525878906,60.369998931884766,58.9900016784668,59.04999923706055,57.13600158691406,10807100
2020-11-10,58.439998626708984,61.45000076293945,58.18000030517578,60.619998931884766,58.655113220214844,10524400
2020-11-11,60.93000030517578,61.119998931884766,59.560001373291016,60.099998474121094,58.1519660949707,7336400
2020-11-12,59.900001525878906,59.9900016784668,58.91999816894531,59.97999954223633,58.035858154296875,9226200
2020-11-13,59.959999084472656,60.97999954223633,59.77000045776367,60.59000015258789,58.62608337402344,6740800
2020-11-16,60.2599983215332,61.29999923706055,60.25,61.09000015258789,59.10988235473633,6969300
2020-11-17,60.79999923706055,61.04999923706055,60.369998931884766,60.970001220703125,58.993770599365234,5488400
2020-11-18,61.040000915527344,61.63999938964844,60.560001373291016,60.900001525878906,58.9260368347168,8884200
2020-11-19,60.5,60.959999084472656,59.900001525878906,60.630001068115234,58.664791107177734,7525100
2020-11-20,59.599998474121094,60.2599983215332,59.47999954223633,60.11000061035156,58.161643981933594,9440800
2020-11-23,60.06999969482422,60.290000915527344,59.369998931884766,59.88999938964844,57.94877243041992,8684000
2020-11-24,59.630001068115234,60.97999954223633,59.59000015258789,60.25,58.2971076965332,7827300
2020-11-25,60.18000030517578,60.439998626708984,59.470001220703125,59.5,57.571414947509766,8336100
2020-11-27,59.63999938964844,60.060001373291016,59.279998779296875,60.029998779296875,58.08423614501953,5040700
2020-11-30,59.7599983215332,60.790000915527344,59.63999938964844,60.66999816894531,58.703487396240234,16315700
2020-12-01,60.81999969482422,61.97999954223633,60.79999923706055,61.119998931884766,59.13890838623047,9620100
2020-12-02,61.06999969482422,61.869998931884766,60.959999084472656,61.130001068115234,59.148582458496094,6470300
2020-12-03,61.04999923706055,61.529998779296875,60.54999923706055,60.86000061035156,58.88733673095703,7368900
2020-12-04,60.81999969482422,61.66999816894531,60.70000076293945,61.560001373291016,59.56464767456055,7232300
2020-12-07,61.66999816894531,61.70000076293945,60.40999984741211,60.83000183105469,58.858306884765625,7405100
2020-12-08,60.560001373291016,61.25,60.529998779296875,61.16999816894531,59.18728256225586,6185000
2020-12-09,61.16999816894531,61.400001525878906,60.470001220703125,60.81999969482422,58.848628997802734,7231600
2020-12-10,60.65999984741211,60.900001525878906,60.130001068115234,60.45000076293945,58.490623474121094,7239500
2020-12-11,60.220001220703125,60.810001373291016,60.09000015258789,60.7599983215332,58.79057312011719,7845100
2020-12-14,60.38999938964844,60.41999816894531,59.75,59.84000015258789,58.55572509765625,12233000
2020-12-15,59.81999969482422,60.06999969482422,59.27000045776367,59.43000030517578,58.15452194213867,8073900
2020-12-16,59.310001373291016,59.470001220703125,58.689998626708984,58.939998626708984,57.67504119873047,8786400
2020-12-17,58.93000030517578,59.279998779296875,58.61000061035156,59.06999969482422,57.802249908447266,9469000
2020-12-18,59.18000030517578,59.18000030517578,58.529998779296875,59.08000183105469,57.81203842163086,22195800
2020-12-21,58.45000076293945,58.61000061035156,57.70000076293945,58.540000915527344,57.283626556396484,12141900
2020-12-22,58.220001220703125,58.31999969482422,56.810001373291016,57.0,55.776676177978516,14964000
2020-12-23,56.900001525878906,57.619998931884766,56.900001525878906,57.380001068115234,56.148521423339844,8495900
2020-12-24,57.33000183105469,57.40999984741211,56.959999084472656,57.06999969482422,55.84517288208008,3441300
2020-12-28,57.040000915527344,57.63999938964844,56.70000076293945,56.88999938964844,55.669036865234375,8215000
2020-12-29,56.959999084472656,57.66999816894531,56.709999084472656,56.83000183105469,55.61032485961914,7626000
2020-12-30,57.0,57.2400016784668,56.560001373291016,56.650001525878906,55.43418884277344,8848800
2020-12-31,56.599998474121094,58.36000061035156,56.560001373291016,58.2599983215332,57.0096321105957,10870500
2021-01-04,58.66999816894531,60.15999984741211,57.93000030517578,60.11000061035156,58.81993103027344,15520000
2021-01-05,60.22999954223633,60.45000076293945,59.619998931884766,60.0,58.7122917175293,13251100
2021-01-06,59.70000076293945,62.08000183105469,59.70000076293945,61.95000076293945,60.62044143676758,12222500
2021-01-07,61.900001525878906,63.2400016784668,61.52000045776367,62.52000045776367,61.17820739746094,10614700
2021-01-08,62.61000061035156,63.40999984741211,62.5099983215332,63.040000915527344,61.68704605102539,8389800
2021-01-11,63.75,64.18000030517578,62.27000045776367,62.5099983215332,61.16842269897461,11316700
2021-01-12,62.65999984741211,62.790000915527344,61.470001220703125,62.08000183105469,60.747650146484375,9115100
2021-01-13,61.81999969482422,62.150001525878906,61.439998626708984,61.540000915527344,60.219242095947266,6822600
2021-01-14,61.63999938964844,63.130001068115234,61.459999084472656,62.400001525878906,61.06078338623047,8694800
2021-01-15,62.29999923706055,63.599998474121094,62.130001068115234,63.33000183105469,61.970821380615234,9361900
2021-01-19,64.7300033569336,68.16000366210938,64.5999984741211,67.06999969482422,65.63055419921875,18395900
2021-01-20,67.0,68.08999633789062,66.69999694824219,67.98999786376953,66.53080749511719,10131300
2021-01-21,67.73999786376953,67.73999786376953,66.58000183105469,66.9800033569336,65.54248809814453,8141800
2021-01-22,66.52999877929688,67.47000122070312,66.23999786376953,66.94000244140625,65.50334930419922,4914400
2021-01-25,66.70999908447266,68.26000213623047,66.4000015258789,68.16000366210938,66.6971664428711,8443900
2021-01-26,67.72000122070312,68.37999725341797,66.55999755859375,66.69999694824219,65.26849365234375,7125200
2021-01-27,65.75,66.91999816894531,65.08000183105469,65.4800033569336,64.0746841430664,9908200
2021-01-28,65.25,66.23999786376953,64.0,64.68000030517578,63.29185104370117,8086400
2021-01-29,64.19999694824219,66.2300033569336,64.04000091552734,65.5999984741211,64.19210052490234,11724100
2021-02-01,66.02999877929688,66.2699966430664,65.05999755859375,65.0999984741211,63.70283126831055,6270200
2021-02-02,65.08999633789062,65.97000122070312,64.20999908447266,65.12999725341797,63.7321891784668,7749300
2021-02-03,65.20999908447266,65.69000244140625,64.51000213623047,64.5199966430664,63.13528060913086,6421700
2021-02-04,64.88999938964844,65.98999786376953,64.44000244140625,65.83000183105469,64.41717529296875,7400400
2021-02-05,67.25,69.36000061035156,66.70999908447266,68.45999908447266,66.99072265625,15068200
2021-02-08,68.5,68.76000213623047,67.30999755859375,67.97000122070312,66.51124572753906,9599200
2021-02-09,67.7699966430664,67.83999633789062,66.8499984741211,67.30000305175781,65.85562133789062,6620400
2021-02-10,67.26000213623047,68.31999969482422,67.0999984741211,67.29000091552734,65.84583282470703,7667900
2021-02-11,67.19999694824219,67.19999694824219,66.05000305175781,66.91999816894531,65.48377227783203,6029100
2021-02-12,66.77999877929688,67.2699966430664,66.36000061035156,66.88999938964844,65.45441436767578,3977700
2021-02-16,66.41000366210938,66.5999984741211,64.5199966430664,64.80000305175781,63.40927505493164,9757000
2021-02-17,64.33000183105469,65.13999938964844,63.84000015258789,65.0999984741211,63.70283126831055,7725400
2021-02-18,64.86000061035156,65.45999908447266,64.33000183105469,65.2300033569336,63.83005142211914,6144600
2021-02-19,65.08000183105469,65.22000122070312,64.2699966430664,64.37000274658203,62.98850631713867,6054600
2021-02-22,63.93000030517578,64.47000122070312,63.529998779296875,64.11000061035156,62.73408126831055,6597700
2021-02-23,63.849998474121094,64.16000366210938,62.779998779296875,63.68000030517578,62.31331253051758,8714600
2021-02-24,63.560001373291016,64.2300033569336,62.810001373291016,63.709999084472656,62.34266662597656,6533100
2021-02-25,63.77000045776367,63.970001220703125,62.5099983215332,62.790000915527344,61.442413330078125,7685300
2021-02-26,62.779998779296875,62.790000915527344,61.38999938964844,61.400001525878906,60.082244873046875,10396300
2021-03-01,61.7599983215332,62.630001068115234,61.650001525878906,62.459999084472656,61.1194953918457,7328800
2021-03-02,62.5,63.59000015258789,62.349998474121094,63.0099983215332,61.65768814086914,6844200
2021-03-03,62.790000915527344,63.31999969482422,62.16999816894531,62.75,61.40327072143555,7081300
2021-03-04,62.79999923706055,64.54000091552734,62.529998779296875,63.22999954223633,61.87296676635742,15847200
2021-03-05,63.41999816894531,64.75,63.29999923706055,64.62000274658203,63.23313903808594,9761400
2021-03-08,64.51000213623047,66.66000366210938,63.959999084472656,64.75,63.360347747802734,10646900
2021-03-09,65.51000213623047,66.66000366210938,64.2699966430664,64.33000183105469,62.949363708496094,8973300
2021-03-10,64.68000030517578,64.80000305175781,63.599998474121094,63.90999984741211,62.53837585449219,7595500
2021-03-11,63.5099983215332,64.04000091552734,63.0099983215332,63.09000015258789,61.7359733581543,9940600
2021-03-12,62.4900016784668,62.59000015258789,61.4900016784668,61.560001373291016,60.924442291259766,11561100
2021-03-15,62.349998474121094,63.16999816894531,61.869998931884766,63.06999969482422,62.41884994506836,8780200
2021-03-16,63.2400016784668,64.19999694824219,63.150001525878906,64.01000213623047,63.34914779663086,7375800
2021-03-17,63.970001220703125,64.63999938964844,63.45000076293945,64.41999816894531,63.75490951538086,7853700
2021-03-18,63.619998931884766,64.9800033569336,63.619998931884766,64.08000183105469,63.41842269897461,7442600
2021-03-19,64.26000213623047,64.6500015258789,63.59000015258789,64.45999908447266,63.794498443603516,15230300
2021-03-22,64.05000305175781,65.66000366210938,63.86000061035156,65.52999877929688,64.85345458984375,6769200
2021-03-23,65.33999633789062,65.45999908447266,64.27999877929688,64.5,63.83408737182617,6572100
2021-03-24,64.36000061035156,65.05999755859375,64.0,64.3499984741211,63.68563461303711,7472800
2021-03-25,64.77999877929688,64.87999725341797,63.540000915527344,63.9900016784668,63.32935333251953,7391000
2021-03-26,64.02999877929688,65.29000091552734,63.900001525878906,65.23999786376953,64.56644439697266,6017100
2021-03-29,65.0,66.44000244140625,64.87999725341797,66.19000244140625,65.50663757324219,7902600
2021-03-30,66.48999786376953,66.48999786376953,65.12999725341797,65.5,64.82376098632812,5608100
2021-03-31,65.33999633789062,65.33999633789062,64.45999908447266,64.62999725341797,63.96274185180664,8817200
2021-04-01,65.75,66.83999633789062,65.43000030517578,66.44000244140625,65.75405883789062,10514200
2021-04-05,66.19999694824219,66.5199966430664,65.52999877929688,66.33999633789062,65.65508270263672,6071200
2021-04-06,66.0,66.51000213623047,65.7699966430664,66.2300033569336,65.54622650146484,5708300
2021-04-07,66.08000183105469,66.33000183105469,65.22000122070312,65.5999984741211,64.9227294921875,5188700
2021-04-08,66.0999984741211,66.25,64.83000183105469,65.0199966430664,64.34871673583984,6778500
2021-04-09,64.81999969482422,65.25,64.23999786376953,65.11000061035156,64.43778991699219,5848300
2021-04-12,65.05999755859375,65.11000061035156,64.3499984741211,64.66000366210938,63.99243927001953,4909100
2021-04-13,64.44999694824219,65.22000122070312,64.1500015258789,64.88999938964844,64.22006225585938,6143400
2021-04-14,64.97000122070312,66.16999816894531,64.83000183105469,65.30000305175781,64.6258316040039,5654100
2021-04-15,64.69999694824219,66.37999725341797,64.69999694824219,65.7699966430664,65.09097290039062,5635000
2021-04-16,66.0199966430664,67.08999633789062,65.86000061035156,66.87000274658203,66.17961883544922,7715600
2021-04-19,66.69999694824219,67.0,65.58999633789062,65.94999694824219,65.26911163330078,7204100
2021-04-20,65.80000305175781,66.61000061035156,65.30999755859375,66.37999725341797,65.69467163085938,4989400
2021-04-21,66.54000091552734,66.91000366210938,66.37999725341797,66.79000091552734,66.10044860839844,5581000
2021-04-22,66.4800033569336,66.51000213623047,65.52999877929688,65.63999938964844,64.96231842041016,6488700
2021-04-23,65.5,65.69999694824219,64.87999725341797,65.4800033569336,64.80397033691406,5463300
2021-04-26,65.44999694824219,65.87999725341797,65.04000091552734,65.76000213623047,65.0810775756836,6868400
2021-04-27,65.94000244140625,66.0,64.62000274658203,64.66999816894531,64.00232696533203,7278300
2021-04-28,64.69000244140625,64.69999694824219,63.86000061035156,64.44000244140625,63.77470779418945,7861300
2021-04-29,64.62999725341797,64.62999725341797,63.33000183105469,63.84000015258789,63.18090057373047,9238800
2021-04-30,62.459999084472656,64.0999984741211,61.95000076293945,63.470001220703125,62.814720153808594,12993900
2021-05-03,63.91999816894531,65.9000015258789,63.77000045776367,65.80000305175781,65.12066650390625,9500200
2021-05-04,65.79000091552734,66.62999725341797,65.37000274658203,65.63999938964844,64.96231842041016,9933300
2021-05-05,65.73999786376953,67.0,65.5199966430664,66.51000213623047,65.82333374023438,6911200
2021-05-06,66.04000091552734,66.68000030517578,65.13999938964844,66.54000091552734,65.85302734375,7478800
2021-05-07,66.47000122070312,67.54000091552734,66.30000305175781,66.54000091552734,65.85302734375,5849300
2021-05-10,66.95999908447266,68.4000015258789,66.7699966430664,67.4800033569336,66.7833251953125,8646700
2021-05-11,67.06999969482422,68.08000183105469,66.77999877929688,67.22000122070312,66.52600860595703,6412000
2021-05-12,66.75,67.94999694824219,66.70999908447266,67.44999694824219,66.75362396240234,8286300
2021-05-13,67.75,68.9800033569336,67.44000244140625,68.91000366210938,68.19856262207031,7186800
2021-05-14,68.91000366210938,69.18000030517578,68.38999938964844,68.52999877929688,67.82247924804688,7079200
2021-05-17,68.4800033569336,69.6500015258789,68.44999694824219,69.06999969482422,68.35690307617188,6214100
2021-05-18,69.41000366210938,69.87000274658203,68.80000305175781,68.8499984741211,68.13917541503906,5885200
2021-05-19,68.20999908447266,68.56999969482422,67.55000305175781,68.5,67.79279327392578,6174100
2021-05-20,68.66000366210938,69.9800033569336,68.37000274658203,69.3499984741211,68.6340103149414,6540900
2021-05-21,69.7699966430664,70.11000061035156,68.70999908447266,68.75,68.04020690917969,6478700
2021-05-24,69.0999984741211,69.23999786376953,67.37999725341797,67.43000030517578,66.73383331298828,7005100
2021-05-25,67.30000305175781,67.4000015258789,66.0,66.2300033569336,65.54622650146484,9357400
2021-05-26,66.19000244140625,66.4000015258789,65.55000305175781,66.3499984741211,65.66498565673828,5932600
2021-05-27,66.56999969482422,67.12999725341797,65.80999755859375,65.9000015258789,65.21963500976562,8047700
2021-05-28,66.05000305175781,66.69000244140625,65.80000305175781,66.11000061035156,65.4274673461914,5937700
2021-06-01,66.44000244140625,66.55000305175781,65.12000274658203,65.31999969482422,64.64562225341797,6573100
2021-06-02,65.58999633789062,66.3499984741211,65.54000091552734,66.02999877929688,65.3482894897461,6572700
2021-06-03,65.95999908447266,66.5999984741211,65.79000091552734,66.4800033569336,65.79364776611328,6755400
2021-06-04,66.79000091552734,67.56999969482422,66.54000091552734,67.43000030517578,66.73383331298828,6342900
2021-06-07,67.61000061035156,67.95999908447266,67.11000061035156,67.41999816894531,66.72393798828125,7863300
2021-06-08,67.44000244140625,67.61000061035156,66.98999786376953,67.51000213623047,66.8130111694336,5489200
2021-06-09,67.56999969482422,69.19000244140625,67.5199966430664,68.6500015258789,67.94124603271484,8434200
2021-06-10,68.98999786376953,69.70999908447266,68.47000122070312,69.29000091552734,68.57463073730469,8678400
2021-06-11,69.13999938964844,69.25,68.6500015258789,68.7699966430664,68.05999755859375,6928000
2021-06-14,68.01000213623047,68.33000183105469,67.47000122070312,68.1500015258789,68.1500015258789,5319500
2021-06-15,68.4800033569336,68.5,67.73999786376953,68.08999633789062,68.08999633789062,6454200
2021-06-16,68.22000122070312,69.33999633789062,67.19000244140625,67.33000183105469,67.33000183105469,12938700
2021-06-17,67.31999969482422,67.4800033569336,66.48999786376953,67.22000122070312,67.22000122070312,7015500
2021-06-18,67.0,67.18000030517578,65.88999938964844,66.61000061035156,66.61000061035156,11464500
2021-06-21,66.98999786376953,67.56999969482422,66.7699966430664,67.3499984741211,67.3499984741211,5310400
2021-06-22,67.23999786376953,67.5999984741211,66.77999877929688,67.05000305175781,67.05000305175781,4796800
2021-06-23,67.20999908447266,67.25,66.55999755859375,66.6500015258789,66.6500015258789,4246800
2021-06-24,66.7699966430664,68.23999786376953,66.6500015258789,67.18000030517578,67.18000030517578,5054000
2021-06-25,67.13999938964844,68.0,66.87999725341797,67.87999725341797,67.87999725341797,8078100
2021-06-28,68.30000305175781,68.63999938964844,67.6500015258789,67.69999694824219,67.69999694824219,6580300
2021-06-29,67.66999816894531,68.02999877929688,67.5,67.93000030517578,67.93000030517578,4348100
2021-06-30,68.29000091552734,68.94000244140625,68.01000213623047,68.86000061035156,68.86000061035156,6010400
2021-07-01,68.75,69.37999725341797,68.41000366210938,69.12999725341797,69.12999725341797,5463800
2021-07-02,69.27999877929688,69.44999694824219,68.63999938964844,69.30000305175781,69.30000305175781,3969000
2021-07-06,68.9800033569336,69.05999755859375,67.9800033569336,68.41000366210938,68.41000366210938,6169600
2021-07-07,68.4000015258789,68.43000030517578,67.80000305175781,68.36000061035156,68.36000061035156,6092500
2021-07-08,68.05999755859375,68.31999969482422,67.41999816894531,67.69000244140625,67.69000244140625,4982600
2021-07-09,67.58999633789062,68.41000366210938,67.44999694824219,68.22000122070312,68.22000122070312,6419600
2021-07-12,68.2300033569336,69.05999755859375,67.75,68.06999969482422,68.06999969482422,7322400
2021-07-13,67.83000183105469,68.5199966430664,67.83000183105469,68.01000213623047,68.01000213623047,4518400
2021-07-14,68.06999969482422,68.11000061035156,67.43000030517578,67.93000030517578,67.93000030517578,5949800
2021-07-15,67.86000061035156,68.38999938964844,67.37000274658203,68.30000305175781,68.30000305175781,6126700
2021-07-16,68.38999938964844,68.97000122070312,68.3499984741211,68.62999725341797,68.62999725341797,5965500
2021-07-19,68.61000061035156,69.06999969482422,67.66999816894531,68.2300033569336,68.2300033569336,6054400
2021-07-20,68.31999969482422,69.7699966430664,68.2699966430664,69.16000366210938,69.16000366210938,9332500
2021-07-21,68.94999694824219,69.0199966430664,68.01000213623047,68.41000366210938,68.41000366210938,5816400
2021-07-22,68.01000213623047,68.80999755859375,67.81999969482422,68.6500015258789,68.6500015258789,2901500
2021-07-23,68.87999725341797,69.33999633789062,68.63999938964844,69.0199966430664,69.0199966430664,3524200
2021-07-26,68.94000244140625,69.30000305175781,68.47000122070312,68.75,68.75,4314300
2021-07-27,68.52999877929688,69.05000305175781,68.29000091552734,68.93000030517578,68.93000030517578,5813000
2021-07-28,68.9000015258789,70.1500015258789,68.7300033569336,70.05999755859375,70.05999755859375,7097200
2021-07-29,70.25,70.4000015258789,69.7699966430664,69.83000183105469,69.83000183105469,7597500
2021-07-30,68.69999694824219,69.0,68.0,68.29000091552734,68.29000091552734,9619700
2021-08-02,68.33999633789062,68.6500015258789,67.83000183105469,68.3499984741211,68.3499984741211,4242800
2021-08-03,68.6500015258789,69.83999633789062,68.20999908447266,69.83000183105469,69.83000183105469,5128400
2021-08-04,69.48999786376953,69.98999786376953,69.02999877929688,69.23999786376953,69.23999786376953,6846300
2021-08-05,69.23999786376953,69.33000183105469,68.51000213623047,69.30000305175781,69.30000305175781,5532300
2021-08-06,69.13999938964844,69.23999786376953,68.66999816894531,68.77999877929688,68.77999877929688,3857900
2021-08-09,68.77999877929688,69.2699966430664,68.11000061035156,68.45999908447266,68.45999908447266,5160100
2021-08-10,68.26000213623047,69.2699966430664,67.94999694824219,69.23999786376953,69.23999786376953,5928200
2021-08-11,69.37000274658203,70.8499984741211,69.36000061035156,69.83999633789062,69.83999633789062,9529700
2021-08-12,70.25,71.0,69.73999786376953,70.87999725341797,70.87999725341797,5907000
2021-08-13,70.87999725341797,71.38999938964844,70.76000213623047,71.16000366210938,71.16000366210938,4361800
2021-08-16,71.2699966430664,71.8499984741211,71.05000305175781,71.70999908447266,71.70999908447266,8874400
2021-08-17,71.2699966430664,73.08999633789062,71.01000213623047,73.02999877929688,73.02999877929688,9000100
2021-08-18,72.62000274658203,73.33999633789062,71.9000015258789,71.95999908447266,71.95999908447266,8135300
2021-08-19,71.61000061035156,72.33000183105469,71.51000213623047,71.66999816894531,71.66999816894531,5209500
2021-08-20,71.66999816894531,72.88999938964844,71.44000244140625,72.44000244140625,72.44000244140625,5646500
2021-08-23,72.68000030517578,73.04000091552734,72.45999908447266,72.55000305175781,72.55000305175781,5356200
2021-08-24,72.62999725341797,72.69000244140625,71.88999938964844,72.25,72.25,4177200
2021-08-25,71.94999694824219,71.95999908447266,70.91999816894531,71.41000366210938,71.41000366210938,4988900
2021-08-26,71.54000091552734,72.36000061035156,71.13999938964844,71.43000030517578,71.43000030517578,6566900
2021-08-27,71.30999755859375,72.44999694824219,71.16000366210938,71.27999877929688,71.27999877929688,5493100
2021-08-30,71.30000305175781,72.19999694824219,71.1500015258789,72.01000213623047,72.01000213623047,4494100
2021-08-31,72.19000244140625,72.83000183105469,71.83999633789062,72.77999877929688,72.77999877929688,7564600
2021-09-01,72.68000030517578,72.72000122070312,71.3499984741211,71.87000274658203,71.87000274658203,5970700
2021-09-02,72.01000213623047,72.37999725341797,71.41000366210938,72.33999633789062,72.33999633789062,6774200
2021-09-03,72.16000366210938,72.37000274658203,71.75,71.95999908447266,71.95999908447266,4174400
2021-09-07,71.08000183105469,71.30000305175781,70.33000183105469,71.19000244140625,71.19000244140625,6775400
2021-09-08,71.19000244140625,71.91000366210938,71.12000274658203,71.87999725341797,71.87999725341797,4510000
2021-09-09,71.63999938964844,71.68000030517578,70.58000183105469,70.61000061035156,70.61000061035156,7013600
2021-09-10,70.9800033569336,71.44000244140625,70.25,70.98999786376953,70.98999786376953,5089700
2021-09-13,71.23999786376953,71.9000015258789,70.81999969482422,71.1500015258789,71.1500015258789,11048100
2021-09-14,70.7699966430664,71.06999969482422,70.11000061035156,70.44999694824219,70.44999694824219,5490000
2021-09-15,70.58000183105469,72.48999786376953,70.41999816894531,71.76000213623047,71.76000213623047,7723700
2021-09-16,71.80000305175781,71.86000061035156,70.80999755859375,71.33000183105469,71.33000183105469,5306700
2021-09-17,70.83000183105469,71.76000213623047,70.44000244140625,71.61000061035156,71.61000061035156,10888000
2021-09-20,70.93000030517578,71.91999816894531,70.33000183105469,70.95999908447266,70.95999908447266,9594900
2021-09-21,71.27999877929688,72.05999755859375,71.11000061035156,71.7300033569336,71.7300033569336,5896000
2021-09-22,72.06999969482422,72.18000030517578,71.08000183105469,71.37999725341797,71.37999725341797,6557000
2021-09-23,71.4800033569336,72.11000061035156,71.30000305175781,71.69000244140625,71.69000244140625,5263500
2021-09-24,71.62999725341797,71.87000274658203,71.18000030517578,71.19000244140625,71.19000244140625,5023400
2021-09-27,71.11000061035156,71.29000091552734,70.29000091552734,70.41000366210938,70.41000366210938,5560500
2021-09-28,70.0,70.80000305175781,69.66999816894531,69.97000122070312,69.97000122070312,6392300
2021-09-29,70.16000366210938,71.4000015258789,69.94999694824219,70.94000244140625,70.94000244140625,5436800
2021-09-30,71.20999908447266,71.56999969482422,69.80000305175781,69.8499984741211,69.8499984741211,6049400
2021-10-01,68.5999984741211,69.41000366210938,67.63999938964844,68.55999755859375,68.55999755859375,9343700
2021-10-04,68.19999694824219,69.02999877929688,67.30000305175781,67.55999755859375,67.55999755859375,7560200
2021-10-05,67.44999694824219,68.12999725341797,67.23999786376953,67.4000015258789,67.4000015258789,7236700
2021-10-06,67.38999938964844,67.70999908447266,66.87999725341797,67.4800033569336,67.4800033569336,6398600
2021-10-07,67.5,68.31999969482422,67.1500015258789,68.13999938964844,68.13999938964844,5349400
2021-10-08,68.05000305175781,68.41000366210938,67.81999969482422,68.05000305175781,68.05000305175781,4259000
2021-10-11,68.2300033569336,68.44999694824219,67.8499984741211,68.08000183105469,68.08000183105469,3315600
2021-10-12,68.19000244140625,68.33999633789062,67.29000091552734,67.37000274658203,67.37000274658203,8856000
2021-10-13,67.58000183105469,67.95999908447266,67.19999694824219,67.62999725341797,67.62999725341797,4760700
2021-10-14,68.20999908447266,68.7300033569336,68.0,68.1500015258789,68.1500015258789,7165600
2021-10-15,68.30000305175781,68.5999984741211,67.5999984741211,67.62999725341797,67.62999725341797,4327100
2021-10-18,67.5,67.58000183105469,65.77999877929688,65.9000015258789,65.9000015258789,7576400
2021-10-19,66.0,66.98999786376953,65.86000061035156,66.9000015258789,66.9000015258789,5889700
2021-10-20,66.91000366210938,67.30999755859375,66.80000305175781,66.86000061035156,66.86000061035156,4878200
2021-10-21,67.08999633789062,67.19000244140625,66.5199966430664,66.98999786376953,66.98999786376953,5013700
2021-10-22,67.12000274658203,67.2699966430664,66.51000213623047,67.23999786376953,67.23999786376953,4501200
2021-10-25,67.23999786376953,67.97000122070312,66.75,67.66999816894531,67.66999816894531,6069800
2021-10-26,67.97000122070312,68.38999938964844,67.69999694824219,67.7300033569336,67.7300033569336,4948700
2021-10-27,67.95999908447266,67.97000122070312,66.5999984741211,66.7699966430664,66.7699966430664,4887700
2021-10-28,66.69999694824219,67.66000366210938,66.66999816894531,67.33999633789062,67.33999633789062,5884800
2021-10-29,65.9000015258789,65.9000015258789,64.05999755859375,64.87999725341797,64.87999725341797,14181100
2021-11-01,64.81999969482422,65.94000244140625,64.68000030517578,65.63999938964844,65.63999938964844,7254000
2021-11-02,65.72000122070312,66.08000183105469,64.63999938964844,65.9000015258789,65.9000015258789,8954500
2021-11-03,65.94999694824219,67.55999755859375,65.52999877929688,67.41000366210938,67.41000366210938,8654100
2021-11-04,67.12000274658203,67.1500015258789,65.97000122070312,66.47000122070312,66.47000122070312,6522900
2021-11-05,65.91000366210938,66.87000274658203,65.76000213623047,66.31999969482422,66.31999969482422,6519100
2021-11-08,65.97000122070312,66.41999816894531,65.51000213623047,65.97000122070312,65.97000122070312,5217800
2021-11-09,66.08999633789062,66.8499984741211,65.88999938964844,66.1500015258789,66.1500015258789,5401500
2021-11-10,66.55999755859375,67.88999938964844,66.55999755859375,67.31999969482422,67.31999969482422,6888100
2021-11-11,67.0,67.48999786376953,66.75,67.43000030517578,67.43000030517578,3513600
2021-11-12,67.66000366210938,67.7699966430664,67.19999694824219,67.4800033569336,67.4800033569336,8214800
2021-11-15,67.47000122070312,67.83000183105469,67.01000213623047,67.19999694824219,67.19999694824219,4911000
2021-11-16,67.38999938964844,68.02999877929688,66.81999969482422,66.88999938964844,66.88999938964844,6474200
2021-11-17,66.88999938964844,67.55000305175781,66.51000213623047,67.45999908447266,67.45999908447266,7771200
2021-11-18,67.54000091552734,68.27999877929688,67.36000061035156,67.79000091552734,67.79000091552734,8873600
2021-11-19,68.19000244140625,68.9000015258789,67.77999877929688,68.69000244140625,68.69000244140625,8628800
2021-11-22,68.69999694824219,70.36000061035156,67.94999694824219,69.97000122070312,69.97000122070312,8951100
2021-11-23,69.87000274658203,70.87000274658203,69.70999908447266,70.62999725341797,70.62999725341797,7100400
2021-11-24,70.73999786376953,71.02999877929688,69.51000213623047,70.06999969482422,70.06999969482422,6737500
2021-11-26,69.69999694824219,70.73999786376953,69.69999694824219,70.2699966430664,70.2699966430664,5659500
2021-11-29,70.4000015258789,71.31999969482422,70.20999908447266,70.6500015258789,70.6500015258789,8902200
2021-11-30,70.47000122070312,70.9000015258789,68.63999938964844,68.93000030517578,68.93000030517578,15465500
2021-12-01,69.02999877929688,70.0199966430664,68.6500015258789,68.93000030517578,68.93000030517578,8518300
2021-12-02,69.16999816894531,70.29000091552734,68.83000183105469,69.66999816894531,69.66999816894531,9411700
2021-12-03,70.0,70.45999908447266,69.30999755859375,69.55999755859375,69.55999755859375,8328200
2021-12-06,69.45999908447266,70.80000305175781,69.41999816894531,69.5,69.5,7049400
2021-12-07,69.5999984741211,69.9000015258789,68.91000366210938,69.6500015258789,69.6500015258789,6438000
2021-12-08,69.91000366210938,70.4800033569336,68.91000366210938,69.70999908447266,69.70999908447266,6386900
2021-12-09,69.88999938964844,70.7300033569336,69.23999786376953,70.30000305175781,70.30000305175781,5829300
2021-12-10,70.18000030517578,70.94000244140625,69.5999984741211,70.25,70.25,5352500
2021-12-13,70.12000274658203,70.87999725341797,69.5999984741211,70.61000061035156,70.61000061035156,6883600
2021-12-14,69.87000274658203,70.80000305175781,69.76000213623047,70.5199966430664,70.5199966430664,7244900
2021-12-15,70.55000305175781,71.41999816894531,69.94000244140625,71.20999908447266,71.20999908447266,8040300
2021-12-16,71.3499984741211,72.83000183105469,71.05999755859375,72.30999755859375,72.30999755859375,10530000
2021-12-17,72.22000122070312,72.69000244140625,71.6500015258789,72.20999908447266,72.20999908447266,12226000
2021-12-20,72.0,72.5199966430664,71.44999694824219,72.47000122070312,72.47000122070312,7616900
2021-12-21,72.47000122070312,72.58999633789062,71.62999725341797,71.83999633789062,71.83999633789062,8786700
2021-12-22,71.58999633789062,72.45999908447266,70.66000366210938,72.43000030517578,72.43000030517578,6015400
2021-12-23,72.56999969482422,72.81999969482422,72.18000030517578,72.4800033569336,72.4800033569336,5096300
2021-12-27,72.27999877929688,72.87999725341797,71.91999816894531,72.87000274658203,72.87000274658203,4298800
2021-12-28,72.87000274658203,73.38999938964844,72.79000091552734,72.97000122070312,72.97000122070312,3802600
2021-12-29,73.0,73.7300033569336,72.61000061035156,73.63999938964844,73.63999938964844,5893900
2021-12-30,73.66000366210938,74.12000274658203,73.26000213623047,73.36000061035156,73.36000061035156,3238700
2021-12-31,73.25,73.4800033569336,72.44999694824219,72.61000061035156,72.61000061035156,5736800
2022-01-03,72.2699966430664,72.69000244140625,71.61000061035156,72.58000183105469,72.58000183105469,6622500
2022-01-04,72.61000061035156,73.4000015258789,72.18000030517578,72.20999908447266,72.20999908447266,6784100
2022-01-05,72.44000244140625,73.05000305175781,71.97000122070312,72.18000030517578,72.18000030517578,7799500
2022-01-06,71.68000030517578,72.08999633789062,71.33999633789062,71.58999633789062,71.58999633789062,7368200
2022-01-07,71.37999725341797,71.75,70.83000183105469,71.26000213623047,71.26000213623047,7119600
2022-01-10,71.98999786376953,72.25,71.41999816894531,72.08999633789062,72.08999633789062,10362300
2022-01-11,72.1500015258789,72.56999969482422,71.47000122070312,72.37000274658203,72.37000274658203,8932000
2022-01-12,71.95999908447266,72.5199966430664,71.66000366210938,72.25,72.25,7206200
2022-01-13,71.98999786376953,72.45999908447266,71.44999694824219,71.87999725341797,71.87999725341797,6711300
2022-01-14,72.06999969482422,72.13999938964844,71.16000366210938,71.7699966430664,71.7699966430664,8344800
2022-01-18,71.41999816894531,71.5199966430664,70.06999969482422,70.43000030517578,70.43000030517578,8986600
2022-01-19,70.27999877929688,70.6500015258789,69.01000213623047,69.06999969482422,69.06999969482422,8217700
2022-01-20,69.06999969482422,69.30999755859375,67.7699966430664,67.80999755859375,67.80999755859375,8639700
2022-01-21,68.12000274658203,69.06999969482422,67.69000244140625,68.51000213623047,68.51000213623047,14843200
2022-01-24,68.54000091552734,69.33999633789062,66.77999877929688,68.56999969482422,68.56999969482422,12909000
2022-01-25,68.05000305175781,69.37000274658203,67.88999938964844,68.83999633789062,68.83999633789062,9239400
2022-01-26,67.30999755859375,68.55999755859375,66.95999908447266,67.33999633789062,67.33999633789062,11280400
2022-01-27,67.41000366210938,68.69000244140625,67.22000122070312,67.2699966430664,67.2699966430664,9323200
2022-01-28,67.37000274658203,68.87000274658203,67.0199966430664,68.86000061035156,68.86000061035156,11514100
2022-01-31,68.63999938964844,68.8499984741211,68.19000244140625,68.68000030517578,68.68000030517578,9252700
2022-02-01,68.79000091552734,68.80000305175781,67.91000366210938,68.47000122070312,68.47000122070312,10463700
2022-02-02,65.5,66.01000213623047,64.0199966430664,65.81999969482422,65.81999969482422,18365000
2022-02-03,65.58000183105469,66.37999725341797,65.06999969482422,65.38999938964844,65.38999938964844,12479500
2022-02-04,64.94999694824219,65.61000061035156,63.869998931884766,63.900001525878906,63.900001525878906,12392800
2022-02-07,63.9900016784668,64.22000122070312,63.279998779296875,63.7599983215332,63.7599983215332,14361400
2022-02-08,63.83000183105469,64.33999633789062,63.47999954223633,63.70000076293945,63.70000076293945,12044800
2022-02-09,63.88999938964844,63.97999954223633,63.29999923706055,63.380001068115234,63.380001068115234,13164800
2022-02-10,63.11000061035156,63.11000061035156,61.709999084472656,61.790000915527344,61.790000915527344,14978000
2022-02-11,62.040000915527344,62.880001068115234,61.7599983215332,62.06999969482422,62.06999969482422,13195400
2022-02-14,62.09000015258789,62.150001525878906,60.81999969482422,61.11000061035156,61.11000061035156,11343500
2022-02-15,61.119998931884766,61.52000045776367,60.970001220703125,61.33000183105469,61.33000183105469,10515300
2022-02-16,61.20000076293945,62.25,61.15999984741211,61.900001525878906,61.900001525878906,21855900
2022-02-17,61.56999969482422,61.70000076293945,60.91999816894531,61.290000915527344,61.290000915527344,13338200
2022-02-18,61.400001525878906,61.65999984741211,60.97999954223633,61.04999923706055,61.04999923706055,11930700
2022-02-22,60.88999938964844,61.290000915527344,60.689998626708984,60.97999954223633,60.97999954223633,10781500
2022-02-23,60.970001220703125,61.630001068115234,60.79999923706055,61.349998474121094,61.349998474121094,9674400
2022-02-24,60.709999084472656,61.27000045776367,60.06999969482422,60.61000061035156,60.61000061035156,14849900
2022-02-25,60.88999938964844,61.68000030517578,60.779998779296875,61.119998931884766,61.119998931884766,13133000
2022-02-28,60.25,60.470001220703125,59.18000030517578,60.400001525878906,60.400001525878906,13490600
2022-03-01,59.939998626708984,60.86000061035156,59.869998931884766,60.2599983215332,60.2599983215332,10694900
2022-03-02,60.439998626708984,61.5099983215332,60.20000076293945,61.2400016784668,61.2400016784668,14342200
2022-03-03,61.540000915527344,62.0,61.349998474121094,61.709999084472656,61.709999084472656,13023100
2022-03-04,61.08000183105469,62.22999954223633,61.0,61.86000061035156,61.86000061035156,9383400
2022-03-07,58.970001220703125,62.25,58.900001525878906,60.2599983215332,60.2599983215332,18455200
2022-03-08,60.22999954223633,60.650001525878906,59.040000915527344,59.540000915527344,59.540000915527344,13889700
2022-03-09,60.0099983215332,60.29999923706055,58.91999816894531,59.0,59.0,13682000
2022-03-10,58.59000015258789,58.70000076293945,57.31999969482422,57.91999816894531,57.91999816894531,13243700
2022-03-11,58.310001373291016,59.189998626708984,57.959999084472656,58.0,58.0,13007600
2022-03-14,57.90999984741211,58.7599983215332,57.70000076293945,58.150001525878906,58.150001525878906,12539100
2022-03-15,58.43000030517578,58.790000915527344,57.65999984741211,58.31999969482422,58.31999969482422,10794600
2022-03-16,58.66999816894531,58.66999816894531,57.189998626708984,57.970001220703125,57.970001220703125,13871600
2022-03-17,58.119998931884766,59.349998474121094,57.709999084472656,59.20000076293945,59.20000076293945,12472000
2022-03-18,59.220001220703125,59.54999923706055,58.47999954223633,59.41999816894531,59.41999816894531,18199300
2022-03-21,59.34000015258789,60.52000045776367,59.27000045776367,59.65999984741211,59.65999984741211,8060600
2022-03-22,59.959999084472656,60.119998931884766,59.29999923706055,59.97999954223633,59.97999954223633,8847700
2022-03-23,60.0,60.29999923706055,58.79999923706055,58.849998474121094,58.849998474121094,9088900
2022-03-24,58.970001220703125,59.540000915527344,58.77000045776367,59.13999938964844,59.13999938964844,7939900
2022-03-25,59.18000030517578,59.439998626708984,58.79999923706055,58.90999984741211,58.90999984741211,9333400
2022-03-28,58.95000076293945,59.369998931884766,58.68000030517578,59.18000030517578,59.18000030517578,10549200
2022-03-29,59.70000076293945,60.560001373291016,59.599998474121094,60.529998779296875,60.529998779296875,8051100
2022-03-30,60.41999816894531,60.7400016784668,59.40999984741211,59.65999984741211,59.65999984741211,8614000
2022-03-31,59.970001220703125,60.02000045776367,59.41999816894531,59.45000076293945,59.45000076293945,8226300
2022-04-01,59.439998626708984,59.689998626708984,58.58000183105469,59.66999816894531,59.66999816894531,8551000
2022-04-04,59.68000030517578,60.849998474121094,59.2400016784668,60.66999816894531,60.66999816894531,9040600
2022-04-05,60.349998474121094,61.189998626708984,59.689998626708984,59.75,59.75,7067200
2022-04-06,59.9900016784668,61.02000045776367,59.90999984741211,60.81999969482422,60.81999969482422,7155300
2022-04-07,60.79999923706055,61.54999923706055,60.52000045776367,60.9900016784668,60.9900016784668,9370100
2022-04-08,61.279998779296875,62.81999969482422,61.22999954223633,62.29999923706055,62.29999923706055,10653600
2022-04-11,62.81999969482422,63.060001373291016,61.84000015258789,61.88999938964844,61.88999938964844,8094200
2022-04-12,62.380001068115234,62.470001220703125,61.209999084472656,61.630001068115234,61.630001068115234,7750400
2022-04-13,61.619998931884766,62.11000061035156,61.290000915527344,62.060001373291016,62.060001373291016,6879600
2022-04-14,62.06999969482422,62.36000061035156,61.5,61.81999969482422,61.81999969482422,9750000
2022-04-18,61.70000076293945,62.209999084472656,61.369998931884766,61.58000183105469,61.58000183105469,5981200
2022-04-19,61.599998474121094,63.0,61.58000183105469,62.779998779296875,62.779998779296875,6178900
2022-04-20,63.0,64.16000366210938,62.97999954223633,63.599998474121094,63.599998474121094,7638800
2022-04-21,63.54999923706055,64.27999877929688,63.16999816894531,63.75,63.75,6673900
2022-04-22,63.779998779296875,63.86000061035156,62.16999816894531,62.25,62.25,7662000
2022-04-25,62.47999954223633,62.7400016784668,61.33000183105469,62.650001525878906,62.650001525878906,7457900
2022-04-26,62.400001525878906,62.869998931884766,61.75,61.77000045776367,61.77000045776367,6926400
2022-04-27,61.790000915527344,62.04999923706055,61.16999816894531,61.59000015258789,61.59000015258789,7863200
2022-04-28,61.439998626708984,61.63999938964844,60.61000061035156,61.560001373291016,61.560001373291016,10787500
2022-04-29,61.560001373291016,62.060001373291016,59.27000045776367,59.34000015258789,59.34000015258789,10455800
2022-05-02,59.54999923706055,60.43000030517578,59.150001525878906,60.310001373291016,60.310001373291016,9474000
2022-05-03,60.61000061035156,60.83000183105469,59.630001068115234,60.33000183105469,60.33000183105469,10384400
2022-05-04,60.650001525878906,62.310001373291016,60.27000045776367,62.08000183105469,62.08000183105469,8087800
2022-05-05,61.75,62.380001068115234,60.720001220703125,61.349998474121094,61.349998474121094,8767300
2022-05-06,61.130001068115234,61.400001525878906,60.38999938964844,61.18000030517578,61.18000030517578,7468200
2022-05-09,60.79999923706055,62.38999938964844,60.72999954223633,61.68000030517578,61.68000030517578,9294000
2022-05-10,61.880001068115234,62.540000915527344,61.560001373291016,61.779998779296875,61.779998779296875,9721600
2022-05-11,60.310001373291016,61.56999969482422,60.290000915527344,60.560001373291016,60.560001373291016,10224000
2022-05-12,60.70000076293945,62.5,60.630001068115234,62.47999954223633,62.47999954223633,9727900
2022-05-13,62.599998474121094,62.61000061035156,61.560001373291016,62.369998931884766,62.369998931884766,9515200
2022-05-16,62.369998931884766,62.7400016784668,61.939998626708984,62.2400016784668,62.2400016784668,6157500
2022-05-17,62.41999816894531,63.220001220703125,61.79999923706055,63.18000030517578,63.18000030517578,5607700
2022-05-18,63.13999938964844,63.93000030517578,62.689998626708984,63.220001220703125,63.220001220703125,9583900
2022-05-19,63.09000015258789,63.58000183105469,62.810001373291016,63.27000045776367,63.27000045776367,8833600
2022-05-20,63.369998931884766,63.900001525878906,62.72999954223633,63.84000015258789,63.84000015258789,6814600
2022-05-23,64.38999938964844,64.83000183105469,63.59000015258789,63.65999984741211,63.65999984741211,7256800
2022-05-24,63.939998626708984,64.41000366210938,63.43000030517578,64.3499984741211,64.3499984741211,8263200
2022-05-25,64.44999694824219,65.19000244140625,64.01000213623047,65.01000213623047,65.01000213623047,7112400
2022-05-26,65.16000366210938,65.45999908447266,64.45999908447266,64.47000122070312,64.47000122070312,5730800
2022-05-27,64.43000030517578,64.83999633789062,63.900001525878906,64.80000305175781,64.80000305175781,6436000
2022-05-31,64.5,65.02999877929688,63.66999816894531,64.8499984741211,64.8499984741211,13781900
2022-06-01,65.2699966430664,65.33999633789062,64.2699966430664,64.7699966430664,64.7699966430664,5797700
2022-06-02,64.63999938964844,64.72000122070312,62.310001373291016,63.459999084472656,63.459999084472656,7860000
2022-06-03,63.45000076293945,64.12000274658203,63.2400016784668,63.45000076293945,63.45000076293945,5228700
2022-06-06,62.58000183105469,63.02000045776367,61.650001525878906,62.029998779296875,62.029998779296875,7865800
2022-06-07,61.70000076293945,62.59000015258789,61.47999954223633,62.540000915527344,62.540000915527344,6841000
2022-06-08,62.2400016784668,62.9900016784668,62.11000061035156,62.380001068115234,62.380001068115234,7248200
2022-06-09,62.2599983215332,62.66999816894531,61.150001525878906,61.18000030517578,61.18000030517578,5242200
2022-06-10,60.58000183105469,61.18000030517578,60.310001373291016,60.7400016784668,60.7400016784668,8155600
2022-06-13,60.060001373291016,60.43000030517578,58.900001525878906,59.150001525878906,59.150001525878906,9646100
2022-06-14,58.369998931884766,59.84000015258789,57.16999816894531,57.790000915527344,57.790000915527344,10073800
2022-06-15,57.9900016784668,58.970001220703125,57.709999084472656,58.38999938964844,58.38999938964844,6498100
2022-06-16,57.65999984741211,58.13999938964844,57.20000076293945,57.720001220703125,57.720001220703125,9482200
2022-06-17,57.369998931884766,58.790000915527344,57.290000915527344,58.529998779296875,58.529998779296875,13726500
2022-06-21,59.2599983215332,60.58000183105469,58.90999984741211,60.5099983215332,60.5099983215332,9173000
2022-06-22,60.130001068115234,62.04999923706055,60.09000015258789,61.5099983215332,61.5099983215332,9045300
2022-06-23,61.88999938964844,62.650001525878906,61.75,62.58000183105469,62.58000183105469,6992900
2022-06-24,62.810001373291016,63.130001068115234,61.849998474121094,63.08000183105469,63.08000183105469,9207500
2022-06-27,62.93000030517578,63.529998779296875,62.630001068115234,62.83000183105469,62.83000183105469,6586900
2022-06-28,62.83000183105469,63.4900016784668,62.130001068115234,62.209999084472656,62.209999084472656,6165300
2022-06-29,62.310001373291016,62.970001220703125,61.91999816894531,62.47999954223633,62.47999954223633,5800400
2022-06-30,61.95000076293945,62.40999984741211,61.290000915527344,61.810001373291016,61.810001373291016,6411900
2022-07-01,61.470001220703125,62.43000030517578,61.27000045776367,62.36000061035156,62.36000061035156,5207600
2022-07-05,61.900001525878906,62.470001220703125,61.36000061035156,62.34000015258789,62.34000015258789,5215900
2022-07-06,62.619998931884766,62.880001068115234,62.15999984741211,62.72999954223633,62.72999954223633,5888200
2022-07-07,62.619998931884766,63.02000045776367,62.349998474121094,62.720001220703125,62.720001220703125,6242600
2022-07-08,62.560001373291016,63.20000076293945,62.400001525878906,62.84000015258789,62.84000015258789,4161900
2022-07-11,62.790000915527344,63.040000915527344,62.529998779296875,62.65999984741211,62.65999984741211,3478600
2022-07-12,62.4900016784668,62.79999923706055,62.0099983215332,62.34000015258789,62.34000015258789,6098300
2022-07-13,61.91999816894531,62.72999954223633,61.599998474121094,62.459999084472656,62.459999084472656,6162900
2022-07-14,61.83000183105469,61.90999984741211,61.27000045776367,61.810001373291016,61.810001373291016,4969500
2022-07-15,62.130001068115234,62.619998931884766,61.68000030517578,62.599998474121094,62.599998474121094,5908900
2022-07-18,62.68000030517578,62.68000030517578,60.63999938964844,60.900001525878906,60.900001525878906,5608300
2022-07-19,61.65999984741211,62.27000045776367,61.279998779296875,62.119998931884766,62.119998931884766,6080600
2022-07-20,62.18000030517578,62.18000030517578,60.83000183105469,61.54999923706055,61.54999923706055,5378500
2022-07-21,61.400001525878906,61.70000076293945,60.75,61.0099983215332,61.0099983215332,6007700
2022-07-22,61.27000045776367,61.79999923706055,60.58000183105469,60.79999923706055,60.79999923706055,4588800
2022-07-25,61.22999954223633,61.25,60.349998474121094,60.75,60.75,4990000
2022-07-26,60.70000076293945,61.25,60.31999969482422,60.619998931884766,60.619998931884766,5597200
2022-07-27,60.380001068115234,61.369998931884766,59.689998626708984,60.900001525878906,60.900001525878906,7935600
2022-07-28,61.0,61.11000061035156,59.619998931884766,60.400001525878906,60.400001525878906,6815000
2022-07-29,60.33000183105469,60.529998779296875,59.5099983215332,59.75,59.75,10063700
2022-08-01,59.77000045776367,60.18000030517578,59.27000045776367,59.599998474121094,59.599998474121094,6742400
2022-08-02,59.7400016784668,60.31999969482422,59.290000915527344,59.540000915527344,59.540000915527344,5981600
2022-08-03,60.869998931884766,63.650001525878906,60.63999938964844,62.27000045776367,62.27000045776367,10066700
2022-08-04,62.13999938964844,62.9900016784668,61.83000183105469,61.90999984741211,61.90999984741211,5520500
2022-08-05,61.790000915527344,61.84000015258789,60.619998931884766,61.09000015258789,61.09000015258789,6039600
2022-08-08,61.0,61.709999084472656,60.810001373291016,61.599998474121094,61.599998474121094,5857600
2022-08-09,61.58000183105469,62.04999923706055,61.380001068115234,62.0,62.0,5153400
2022-08-10,62.4900016784668,63.189998626708984,62.11000061035156,63.13999938964844,63.13999938964844,8275000
2022-08-11,62.779998779296875,63.40999984741211,62.369998931884766,62.45000076293945,62.45000076293945,5216500
2022-08-12,62.709999084472656,62.9900016784668,62.15999984741211,62.959999084472656,62.959999084472656,3997800
2022-08-15,63.849998474121094,66.30000305175781,63.65999984741211,66.20999908447266,66.20999908447266,12381000
2022-08-16,66.16000366210938,66.41999816894531,65.6500015258789,66.33000183105469,66.33000183105469,7067800
2022-08-17,65.97000122070312,66.9000015258789,65.81999969482422,66.0199966430664,66.0199966430664,6515300
2022-08-18,65.95999908447266,66.0,64.70999908447266,65.18000030517578,65.18000030517578,5178100
2022-08-19,65.0199966430664,65.80000305175781,64.91999816894531,65.33999633789062,65.33999633789062,5258900
2022-08-22,65.20999908447266,65.25,64.2300033569336,64.36000061035156,64.36000061035156,5224800
2022-08-23,64.36000061035156,64.37000274658203,63.470001220703125,63.68000030517578,63.68000030517578,4723700
2022-08-24,63.70000076293945,63.810001373291016,63.20000076293945,63.619998931884766,63.619998931884766,3808000
2022-08-25,63.849998474121094,63.93000030517578,63.18000030517578,63.59000015258789,63.59000015258789,3784700
2022-08-26,63.59000015258789,63.619998931884766,62.349998474121094,62.369998931884766,62.369998931884766,5501300
2022-08-29,62.130001068115234,62.86000061035156,61.47999954223633,62.45000076293945,62.45000076293945,5220000
2022-08-30,62.5099983215332,62.689998626708984,61.790000915527344,62.5,62.5,5584600
2022-08-31,62.70000076293945,63.970001220703125,62.70000076293945,63.470001220703125,63.470001220703125,8341600
2022-09-01,63.40999984741211,65.0,63.31999969482422,64.94999694824219,64.94999694824219,6269600
2022-09-02,65.04000091552734,65.29000091552734,63.369998931884766,63.81999969482422,63.81999969482422,6737300
2022-09-06,63.779998779296875,63.84000015258789,62.79999923706055,63.38999938964844,63.38999938964844,7377500
2022-09-07,63.66999816894531,64.95999908447266,63.560001373291016,64.79000091552734,64.79000091552734,9626600
2022-09-08,65.41000366210938,65.6500015258789,64.69000244140625,65.0999984741211,65.0999984741211,8278400
2022-09-09,64.9800033569336,65.7699966430664,64.88999938964844,65.27999877929688,65.27999877929688,6497000
2022-09-12,68.43000030517578,68.87999725341797,67.4800033569336,68.01000213623047,68.01000213623047,18777900
2022-09-13,67.4000015258789,67.4000015258789,64.93000030517578,65.0999984741211,65.0999984741211,11799400
2022-09-14,64.41000366210938,65.45999908447266,64.41000366210938,65.18000030517578,65.18000030517578,9113200
2022-09-15,65.5,65.69999694824219,64.70999908447266,65.0,65.0,7088500
2022-09-16,65.08000183105469,65.93000030517578,64.80999755859375,65.5999984741211,65.5999984741211,11766000
2022-09-19,65.3499984741211,65.86000061035156,64.5999984741211,65.81999969482422,65.81999969482422,6162700
2022-09-20,65.41000366210938,65.4800033569336,63.88999938964844,64.58000183105469,64.58000183105469,6958900
2022-09-21,64.58000183105469,65.52999877929688,63.459999084472656,63.5,63.5,8776600
2022-09-22,63.349998474121094,64.31999969482422,62.93000030517578,63.77000045776367,63.77000045776367,6111800
2022-09-23,63.4900016784668,63.790000915527344,62.29999923706055,62.86000061035156,62.86000061035156,7603800
2022-09-26,62.5099983215332,62.939998626708984,62.16999816894531,62.34000015258789,62.34000015258789,6141300
2022-09-27,62.43000030517578,63.52000045776367,62.279998779296875,62.630001068115234,62.630001068115234,7125900
2022-09-28,63.0,64.37000274658203,62.709999084472656,63.93000030517578,63.93000030517578,7567500
2022-09-29,63.83000183105469,64.22000122070312,62.5099983215332,63.06999969482422,63.06999969482422,8431200
2022-09-30,63.15999984741211,63.58000183105469,61.61000061035156,61.689998626708984,61.689998626708984,8794700
2022-10-03,62.400001525878906,62.56999969482422,61.45000076293945,62.31999969482422,62.31999969482422,8094100
2022-10-04,64.08999633789062,65.36000061035156,63.599998474121094,65.30999755859375,65.30999755859375,11966000
2022-10-05,64.72000122070312,65.97000122070312,64.37999725341797,65.44999694824219,65.44999694824219,5802300
2022-10-06,64.88999938964844,65.36000061035156,64.61000061035156,64.94999694824219,64.94999694824219,5622300
2022-10-07,64.63999938964844,65.0999984741211,63.959999084472656,64.29000091552734,64.29000091552734,6723200
2022-10-10,64.56999969482422,64.8499984741211,64.11000061035156,64.45999908447266,64.45999908447266,4328500
2022-10-11,64.5,66.04000091552734,64.4800033569336,65.66999816894531,65.66999816894531,7154500
2022-10-12,65.8499984741211,66.37000274658203,65.30999755859375,65.38999938964844,65.38999938964844,6406000
2022-10-13,64.45999908447266,66.94999694824219,64.0999984741211,66.45999908447266,66.45999908447266,7690100
2022-10-14,66.62999725341797,67.0,66.0199966430664,66.16999816894531,66.16999816894531,7892200
2022-10-17,66.83999633789062,66.93000030517578,65.94000244140625,66.37999725341797,66.37999725341797,5799600
2022-10-18,66.54000091552734,67.08000183105469,66.44000244140625,66.87000274658203,66.87000274658203,6802300
2022-10-19,66.8499984741211,66.97000122070312,65.8499984741211,66.19000244140625,66.19000244140625,7058600
2022-10-20,66.16000366210938,66.54000091552734,65.69999694824219,66.16000366210938,66.16000366210938,6384200
2022-10-21,66.18000030517578,67.94000244140625,66.11000061035156,67.79000091552734,67.79000091552734,7814600
2022-10-24,68.11000061035156,69.37000274658203,68.08999633789062,69.0,69.0,7133100
2022-10-25,68.83999633789062,69.70999908447266,68.4800033569336,69.5999984741211,69.5999984741211,6711800
2022-10-26,70.0,71.41000366210938,69.87999725341797,70.81999969482422,70.81999969482422,8763100
2022-10-27,70.8499984741211,71.26000213623047,70.13999938964844,70.19999694824219,70.19999694824219,8881200
2022-10-28,74.36000061035156,79.61000061035156,73.98999786376953,79.2699966430664,79.2699966430664,27665700
2022-10-31,78.05999755859375,79.37000274658203,77.52999877929688,78.45999908447266,78.45999908447266,14674300
2022-11-01,78.26000213623047,79.55000305175781,77.66000366210938,79.33999633789062,79.33999633789062,10553100
2022-11-02,78.18000030517578,80.0,77.80999755859375,77.87999725341797,77.87999725341797,9785000
2022-11-03,77.33000183105469,79.56999969482422,77.16000366210938,79.45999908447266,79.45999908447266,8261100
2022-11-04,79.13999938964844,81.31999969482422,78.38999938964844,80.33999633789062,80.33999633789062,9103300
2022-11-07,79.55999755859375,81.55999755859375,79.51000213623047,81.45999908447266,81.45999908447266,8989300
2022-11-08,80.5999984741211,83.80000305175781,80.08000183105469,82.2300033569336,82.2300033569336,9344400
2022-11-09,82.5,83.55000305175781,82.18000030517578,82.31999969482422,82.31999969482422,10316500
2022-11-10,83.5,83.80000305175781,81.55999755859375,82.5999984741211,82.5999984741211,9397300
2022-11-11,81.41000366210938,81.9800033569336,80.06999969482422,81.81999969482422,81.81999969482422,11413200
2022-11-14,81.6500015258789,84.13999938964844,81.2300033569336,82.8499984741211,82.8499984741211,7665200
2022-11-15,83.13999938964844,83.63999938964844,81.9800033569336,83.0,83.0,7121000
2022-11-16,82.68000030517578,83.44000244140625,82.54000091552734,82.87999725341797,82.87999725341797,6280300
2022-11-17,82.55000305175781,83.83000183105469,82.47000122070312,83.62000274658203,83.62000274658203,5757500
2022-11-18,83.62999725341797,84.05999755859375,82.98999786376953,83.62000274658203,83.62000274658203,7276400
2022-11-21,83.76000213623047,85.16999816894531,83.63999938964844,84.3499984741211,84.3499984741211,6347900
2022-11-22,84.6500015258789,86.1500015258789,84.54000091552734,85.2300033569336,85.2300033569336,7357700
2022-11-23,85.05999755859375,85.94000244140625,85.01000213623047,85.41999816894531,85.41999816894531,4680500
2022-11-25,85.04000091552734,86.41000366210938,84.76000213623047,86.26000213623047,86.26000213623047,4028700
2022-11-28,86.91999816894531,88.19999694824219,85.08000183105469,85.20999908447266,85.20999908447266,9253800
2022-11-29,85.5,85.87000274658203,84.70999908447266,85.76000213623047,85.76000213623047,6155600
2022-11-30,85.76000213623047,88.1500015258789,85.01000213623047,87.83000183105469,87.83000183105469,14657500
2022-12-01,88.19999694824219,88.97000122070312,87.72000122070312,87.9000015258789,87.9000015258789,8220500
2022-12-02,86.69999694824219,89.06999969482422,86.55000305175781,89.02999877929688,89.02999877929688,6730400
2022-12-05,87.83999633789062,89.0999984741211,87.47000122070312,87.9800033569336,87.9800033569336,6811400
2022-12-06,87.98999786376953,88.66999816894531,87.13999938964844,87.95999908447266,87.95999908447266,6760500
2022-12-07,88.02999877929688,88.55000305175781,87.37000274658203,87.79000091552734,87.79000091552734,8861700
2022-12-08,87.87000274658203,89.61000061035156,87.55999755859375,89.47000122070312,89.47000122070312,6392200
2022-12-09,89.2699966430664,89.2699966430664,87.79000091552734,87.97000122070312,87.97000122070312,8276300
2022-12-12,87.8499984741211,88.55999755859375,87.43000030517578,88.54000091552734,88.54000091552734,5968400
2022-12-13,89.62999725341797,89.73999786376953,87.94000244140625,88.75,88.75,8462200
2022-12-14,88.0,89.29000091552734,87.5199966430664,88.4000015258789,88.4000015258789,8643500
2022-12-15,88.05000305175781,88.0999984741211,85.38999938964844,86.58000183105469,86.58000183105469,9898600
2022-12-16,86.33999633789062,87.12000274658203,85.80000305175781,86.76000213623047,86.76000213623047,28313000
2022-12-19,86.0,86.62000274658203,85.43000030517578,86.41999816894531,86.41999816894531,5834800
2022-12-20,83.63999938964844,85.26000213623047,81.80999755859375,84.7699966430664,84.7699966430664,10999000
2022-12-21,85.25,85.91000366210938,84.86000061035156,85.2699966430664,85.2699966430664,5320700
2022-12-22,85.25,85.47000122070312,84.37000274658203,85.27999877929688,85.27999877929688,4698800
2022-12-23,85.22000122070312,85.25,84.27999877929688,84.75,84.75,3955400
2022-12-27,85.25,85.47000122070312,84.69000244140625,85.01000213623047,85.01000213623047,3455900
2022-12-28,85.4000015258789,85.83000183105469,84.44999694824219,84.56999969482422,84.56999969482422,3285900
2022-12-29,84.91000366210938,85.56999969482422,84.61000061035156,85.26000213623047,85.26000213623047,3464100
2022-12-30,85.33000183105469,85.88999938964844,84.77999877929688,85.8499984741211,85.8499984741211,3831000
2023-01-03,85.08000183105469,86.1500015258789,84.83000183105469,85.38999938964844,85.38999938964844,6050600
2023-01-04,86.19999694824219,86.5,84.94000244140625,85.5,85.5,5713900
2023-01-05,85.01000213623047,86.41000366210938,85.0,85.8499984741211,85.8499984741211,5710700
2023-01-06,86.61000061035156,88.29000091552734,86.22000122070312,88.08000183105469,88.08000183105469,5939400
2023-01-09,87.7699966430664,87.9000015258789,84.94999694824219,85.0999984741211,85.0999984741211,5435700
2023-01-10,85.19999694824219,87.52999877929688,84.86000061035156,87.13999938964844,87.13999938964844,5034500
2023-01-11,87.12000274658203,87.19999694824219,86.0199966430664,87.19000244140625,87.19000244140625,5947100
2023-01-12,86.5,86.58999633789062,85.08000183105469,85.72000122070312,85.72000122070312,6013300
2023-01-13,85.54000091552734,86.30000305175781,85.33000183105469,86.2699966430664,86.2699966430664,5305700
2023-01-17,86.05000305175781,86.37000274658203,85.36000061035156,85.41000366210938,85.41000366210938,5959800
2023-01-18,85.0199966430664,85.12999725341797,83.5999984741211,83.73999786376953,83.73999786376953,6374800
2023-01-19,84.16999816894531,84.58000183105469,83.25,83.62000274658203,83.62000274658203,6922500
2023-01-20,83.54000091552734,83.80000305175781,82.51000213623047,83.01000213623047,83.01000213623047,16678600
2023-01-23,82.76000213623047,84.37999725341797,82.41999816894531,83.2300033569336,83.2300033569336,5673100
2023-01-24,83.43000030517578,84.08000183105469,82.11000061035156,84.0199966430664,84.0199966430664,4776400
2023-01-25,84.1500015258789,84.55000305175781,83.55999755859375,84.06999969482422,84.06999969482422,3892800
2023-01-26,83.76000213623047,83.80999755859375,82.61000061035156,83.62000274658203,83.62000274658203,3670900
2023-01-27,83.33000183105469,83.97000122070312,83.11000061035156,83.7300033569336,83.7300033569336,4108300
2023-01-30,83.5199966430664,83.83999633789062,82.33000183105469,83.3499984741211,83.3499984741211,7283000
2023-01-31,83.5199966430664,84.20999908447266,83.2300033569336,83.94000244140625,83.94000244140625,9621800
2023-02-01,84.01000213623047,84.66000366210938,82.69999694824219,84.0,84.0,6673600
2023-02-02,82.37000274658203,82.5,80.4800033569336,81.38999938964844,81.38999938964844,10933800
2023-02-03,84.66000366210938,86.97000122070312,83.62000274658203,84.5,84.5,12852400
2023-02-06,84.5,87.18000030517578,84.5,86.36000061035156,86.36000061035156,7611100
2023-02-07,86.5999984741211,86.69000244140625,85.37999725341797,86.05000305175781,86.05000305175781,7298600
2023-02-08,85.4000015258789,86.02999877929688,85.29000091552734,85.66999816894531,85.66999816894531,7376600
2023-02-09,85.83000183105469,86.61000061035156,85.12999725341797,85.52999877929688,85.52999877929688,6656800
2023-02-10,85.55999755859375,86.95999908447266,85.27999877929688,86.69999694824219,86.69999694824219,5522200
2023-02-13,86.69999694824219,87.81999969482422,86.38999938964844,87.48999786376953,87.48999786376953,5801700
2023-02-14,87.58999633789062,87.61000061035156,85.0199966430664,85.68000030517578,85.68000030517578,7206200
2023-02-15,85.2699966430664,85.2699966430664,84.44000244140625,85.05000305175781,85.05000305175781,5614900
2023-02-16,84.30999755859375,84.76000213623047,83.37000274658203,83.38999938964844,83.38999938964844,5760600
2023-02-17,83.61000061035156,85.25,83.27999877929688,84.76000213623047,84.76000213623047,6306200
2023-02-21,84.7300033569336,85.48999786376953,84.62000274658203,84.63999938964844,84.63999938964844,6085600
2023-02-22,84.62999725341797,84.75,83.04000091552734,83.5,83.5,4986800
2023-02-23,83.1500015258789,83.8499984741211,82.25,82.54000091552734,82.54000091552734,5344800
2023-02-24,82.2699966430664,82.30000305175781,80.33000183105469,80.66000366210938,80.66000366210938,6290000
2023-02-27,81.16000366210938,81.30999755859375,80.58000183105469,80.88999938964844,80.88999938964844,4930000
2023-02-28,80.80999755859375,80.93000030517578,79.91999816894531,80.52999877929688,80.52999877929688,5808900
2023-03-01,80.33999633789062,80.33999633789062,79.38999938964844,79.58999633789062,79.58999633789062,5269700
2023-03-02,79.51000213623047,79.9000015258789,79.20999908447266,79.62000274658203,79.62000274658203,3459400
2023-03-03,79.80999755859375,81.18000030517578,79.58999633789062,81.06999969482422,81.06999969482422,4915300
2023-03-06,81.11000061035156,81.33999633789062,80.54000091552734,81.11000061035156,81.11000061035156,4500400
2023-03-07,81.30000305175781,81.30000305175781,79.94000244140625,80.27999877929688,80.27999877929688,6112600
2023-03-08,80.5,80.83000183105469,79.81999969482422,80.19999694824219,80.19999694824219,3859700
2023-03-09,80.56999969482422,80.69999694824219,78.29000091552734,78.94999694824219,78.94999694824219,7500000
2023-03-10,79.0199966430664,80.30999755859375,78.9000015258789,79.5,79.5,6203800
2023-03-13,78.56999969482422,81.2699966430664,78.56999969482422,79.51000213623047,79.51000213623047,6845700
2023-03-14,79.02999877929688,79.91000366210938,78.31999969482422,79.7699966430664,79.7699966430664,5499100
2023-03-15,79.0999984741211,79.88999938964844,78.51000213623047,79.6500015258789,79.6500015258789,4875400
2023-03-16,79.18000030517578,79.97000122070312,78.41999816894531,79.8499984741211,79.8499984741211,7274500
2023-03-17,79.76000213623047,79.76000213623047,76.52999877929688,77.30999755859375,77.30999755859375,16828100
2023-03-20,77.70999908447266,79.68000030517578,77.62999725341797,79.45999908447266,79.45999908447266,4672600
2023-03-21,79.52999877929688,80.05000305175781,78.36000061035156,79.13999938964844,79.13999938964844,4744800
2023-03-22,79.0999984741211,79.37999725341797,77.76000213623047,77.80999755859375,77.80999755859375,4909500
2023-03-23,77.77999877929688,78.93000030517578,77.63999938964844,78.76000213623047,78.76000213623047,5015600
2023-03-24,78.93000030517578,80.4000015258789,78.33000183105469,80.0,80.0,4806500
2023-03-27,80.37999725341797,80.98999786376953,79.41000366210938,79.58000183105469,79.58000183105469,4444900
2023-03-28,79.95999908447266,81.11000061035156,79.79000091552734,80.97000122070312,80.97000122070312,4154900
2023-03-29,81.26000213623047,81.97000122070312,80.93000030517578,81.29000091552734,81.29000091552734,5469300
2023-03-30,81.77999877929688,81.9000015258789,81.05999755859375,81.44999694824219,81.44999694824219,3822700
2023-03-31,81.63999938964844,83.13999938964844,81.19000244140625,82.97000122070312,82.97000122070312,7135600
2023-04-03,82.94000244140625,83.80000305175781,82.63999938964844,83.23999786376953,83.23999786376953,5083600
2023-04-04,83.16000366210938,83.44999694824219,81.81999969482422,82.12000274658203,82.12000274658203,4490600
2023-04-05,82.30000305175781,83.72000122070312,81.94999694824219,83.6500015258789,83.6500015258789,4615000
2023-04-06,84.06999969482422,84.83000183105469,83.26000213623047,83.37000274658203,83.37000274658203,3729100
2023-04-10,83.5,83.5,82.31999969482422,82.5999984741211,82.5999984741211,3465500
2023-04-11,82.55999755859375,83.11000061035156,82.26000213623047,82.54000091552734,82.54000091552734,3669400
2023-04-12,82.97000122070312,83.23999786376953,81.73999786376953,82.16000366210938,82.16000366210938,5146700
2023-04-13,81.95999908447266,83.33999633789062,81.93000030517578,83.2699966430664,83.2699966430664,4224700
2023-04-14,83.02999877929688,83.23999786376953,81.9800033569336,83.0,83.0,4886600
2023-04-17,83.41000366210938,83.73999786376953,83.02999877929688,83.62999725341797,83.62999725341797,4444700
2023-04-18,83.73999786376953,83.93000030517578,82.97000122070312,83.77999877929688,83.77999877929688,4283900
2023-04-19,83.45999908447266,84.30999755859375,83.38999938964844,84.11000061035156,84.11000061035156,3112200
2023-04-20,83.75,84.87999725341797,83.69999694824219,84.69000244140625,84.69000244140625,5927700
2023-04-21,84.87000274658203,86.87999725341797,84.75,86.56999969482422,86.56999969482422,8039500
2023-04-24,86.62000274658203,87.37000274658203,86.48999786376953,86.69999694824219,86.69999694824219,6630800
2023-04-25,86.94999694824219,87.08000183105469,85.5,85.58999633789062,85.58999633789062,5378600
2023-04-26,84.23999786376953,84.41999816894531,82.9000015258789,83.73999786376953,83.73999786376953,4439500
2023-04-27,83.73999786376953,83.86000061035156,82.41999816894531,83.55000305175781,83.55000305175781,8659000
2023-04-28,82.5199966430664,82.8499984741211,80.08000183105469,82.20999908447266,82.20999908447266,10708800
2023-05-01,82.47000122070312,82.55000305175781,81.19999694824219,81.41999816894531,81.41999816894531,5561300
2023-05-02,81.52999877929688,82.04000091552734,80.08000183105469,80.44000244140625,80.44000244140625,5647900
2023-05-03,80.48999786376953,80.9000015258789,79.12000274658203,79.44999694824219,79.44999694824219,5057400
2023-05-04,79.61000061035156,79.68000030517578,78.41000366210938,78.5199966430664,78.5199966430664,4564200
2023-05-05,78.75,79.83000183105469,78.22000122070312,79.75,79.75,4613700
2023-05-08,79.61000061035156,79.66000366210938,78.12999725341797,78.58999633789062,78.58999633789062,3823400
2023-05-09,78.30999755859375,79.27999877929688,78.30000305175781,78.80000305175781,78.80000305175781,4546600
2023-05-10,78.7699966430664,78.83999633789062,77.16000366210938,78.11000061035156,78.11000061035156,5613900
2023-05-11,78.16000366210938,78.76000213623047,77.44999694824219,78.69999694824219,78.69999694824219,5123500
2023-05-12,78.7699966430664,79.08000183105469,77.91000366210938,78.16999816894531,78.16999816894531,3518600
2023-05-15,78.06999969482422,78.4000015258789,77.83000183105469,78.37999725341797,78.37999725341797,2723300
2023-05-16,79.7699966430664,79.7699966430664,78.16000366210938,78.31999969482422,78.31999969482422,5764300
2023-05-17,78.1500015258789,79.0199966430664,77.05000305175781,78.80999755859375,78.80999755859375,5506900
2023-05-18,78.87999725341797,79.05000305175781,77.36000061035156,78.20999908447266,78.20999908447266,5049900
2023-05-19,78.77999877929688,79.62000274658203,78.6500015258789,78.8499984741211,78.8499984741211,5694300
2023-05-22,79.30000305175781,79.8499984741211,78.4000015258789,78.62000274658203,78.62000274658203,3559500
2023-05-23,78.5999984741211,79.55999755859375,78.0999984741211,78.58000183105469,78.58000183105469,4542900
2023-05-24,79.12000274658203,79.26000213623047,78.13999938964844,79.05000305175781,79.05000305175781,5863900
2023-05-25,77.47000122070312,78.18000030517578,76.26000213623047,77.6500015258789,77.6500015258789,8118100
2023-05-26,78.0,78.62000274658203,77.01000213623047,77.08999633789062,77.08999633789062,5439000
2023-05-30,76.5199966430664,76.87000274658203,76.01000213623047,76.33000183105469,76.33000183105469,5038500
2023-05-31,76.62000274658203,77.0199966430664,76.2699966430664,76.94000244140625,76.94000244140625,8073100
2023-06-01,77.54000091552734,77.54000091552734,75.87000274658203,76.20999908447266,76.20999908447266,5031200
2023-06-02,76.12000274658203,77.98999786376953,75.80000305175781,77.88999938964844,77.88999938964844,4877200
2023-06-05,77.81999969482422,78.02999877929688,77.18000030517578,77.72000122070312,77.72000122070312,5744100
2023-06-06,78.29000091552734,78.43000030517578,76.0199966430664,76.19999694824219,76.19999694824219,5408500
2023-06-07,76.1500015258789,76.2300033569336,75.12000274658203,76.08000183105469,76.08000183105469,7037500
2023-06-08,75.76000213623047,78.45999908447266,75.76000213623047,78.4000015258789,78.4000015258789,8860500
2023-06-09,77.5199966430664,78.4000015258789,77.27999877929688,78.12000274658203,78.12000274658203,6375300
2023-06-12,78.19999694824219,78.30000305175781,76.80999755859375,77.86000061035156,77.86000061035156,5687100
2023-06-13,77.0,78.5,76.9000015258789,78.44999694824219,78.44999694824219,4920500
2023-06-14,78.04000091552734,78.4000015258789,77.31999969482422,77.94999694824219,77.94999694824219,6069400
2023-06-15,78.27999877929688,79.01000213623047,77.7699966430664,79.0,79.0,6526200
2023-06-16,79.25,79.52999877929688,78.5,78.86000061035156,78.86000061035156,13982400
2023-06-20,78.63999938964844,79.18000030517578,77.70999908447266,77.70999908447266,77.70999908447266,5410000
2023-06-21,77.66999816894531,78.44999694824219,77.0,77.61000061035156,77.61000061035156,5342300
2023-06-22,77.75,78.19000244140625,77.30999755859375,78.11000061035156,78.11000061035156,3408800
2023-06-23,78.33000183105469,78.36000061035156,77.26000213623047,77.47000122070312,77.47000122070312,4815500
2023-06-26,77.19999694824219,77.19999694824219,74.95999908447266,76.55999755859375,76.55999755859375,6106200
2023-06-27,76.6500015258789,76.88999938964844,75.80000305175781,76.01000213623047,76.01000213623047,5111200
2023-06-28,75.91999816894531,76.22000122070312,75.25,76.18000030517578,76.18000030517578,4486900
2023-06-29,75.87999725341797,76.4800033569336,75.48999786376953,76.01000213623047,76.01000213623047,5295800
2023-06-30,76.48999786376953,77.23999786376953,76.16000366210938,77.06999969482422,77.06999969482422,6017200
2023-07-03,76.26000213623047,76.83999633789062,75.83999633789062,76.72000122070312,76.72000122070312,3437300
2023-07-05,76.56999969482422,77.5999984741211,76.0999984741211,77.23999786376953,77.23999786376953,5308300
2023-07-06,76.91000366210938,77.04000091552734,76.0199966430664,76.23999786376953,76.23999786376953,5020300
2023-07-07,75.66000366210938,75.94000244140625,74.33000183105469,74.41999816894531,74.41999816894531,6549400
2023-07-10,74.5,75.87999725341797,74.44999694824219,75.69000244140625,75.69000244140625,5554900
2023-07-11,75.48999786376953,76.25,75.36000061035156,76.12000274658203,76.12000274658203,3530200
2023-07-12,76.36000061035156,77.18000030517578,76.33000183105469,76.37999725341797,76.37999725341797,5185100
2023-07-13,76.69999694824219,77.29000091552734,76.30000305175781,76.70999908447266,76.70999908447266,3341700
2023-07-14,76.61000061035156,77.63999938964844,76.45999908447266,77.19000244140625,77.19000244140625,6071700
2023-07-17,76.66999816894531,77.76000213623047,76.45999908447266,77.4800033569336,77.4800033569336,4954600
2023-07-18,77.54000091552734,78.86000061035156,77.4000015258789,78.22000122070312,78.22000122070312,5244900
2023-07-19,78.0999984741211,79.5999984741211,78.0999984741211,78.95999908447266,78.95999908447266,5351600
2023-07-20,79.55999755859375,80.77999877929688,79.54000091552734,79.94000244140625,79.94000244140625,6046000
2023-07-21,80.41000366210938,81.12999725341797,80.0,80.63999938964844,80.63999938964844,14982100
2023-07-24,79.81999969482422,80.18000030517578,76.25,77.66000366210938,77.66000366210938,11333500
2023-07-25,77.0199966430664,78.1500015258789,76.86000061035156,77.2300033569336,77.2300033569336,5298400
2023-07-26,76.7699966430664,77.37999725341797,76.61000061035156,77.19000244140625,77.19000244140625,4049700
2023-07-27,77.33000183105469,78.27999877929688,76.4000015258789,76.51000213623047,76.51000213623047,6258600
2023-07-28,76.41999816894531,77.31999969482422,76.33999633789062,76.86000061035156,76.86000061035156,5026500
2023-07-31,76.66999816894531,76.88999938964844,75.8499984741211,76.13999938964844,76.13999938964844,6059500
2023-08-01,76.08999633789062,76.37999725341797,75.0999984741211,75.68000030517578,75.68000030517578,4025300
2023-08-02,76.0,76.31999969482422,75.3499984741211,75.68000030517578,75.68000030517578,5325400
2023-08-03,75.72000122070312,75.81999969482422,75.16999816894531,75.52999877929688,75.52999877929688,5747700
2023-08-04,77.37999725341797,80.13999938964844,77.25,78.68000030517578,78.68000030517578,9061800
2023-08-07,78.33000183105469,80.97000122070312,77.94000244140625,80.66999816894531,80.66999816894531,6831500
2023-08-08,80.69000244140625,80.91999816894531,78.77999877929688,80.08000183105469,80.08000183105469,5546500
2023-08-09,80.56999969482422,81.43000030517578,80.02999877929688,80.16999816894531,80.16999816894531,4551300
2023-08-10,80.37999725341797,81.08999633789062,79.94999694824219,80.0,80.0,3776200
2023-08-11,80.0,80.12999725341797,79.45999908447266,80.0,80.0,3383600
2023-08-14,80.05999755859375,80.41999816894531,79.5199966430664,79.8499984741211,79.8499984741211,3682000
2023-08-15,79.62999725341797,80.20999908447266,78.95999908447266,79.63999938964844,79.63999938964844,3798600
2023-08-16,79.12000274658203,80.55000305175781,77.91000366210938,78.0,78.0,7264600
2023-08-17,77.98999786376953,78.11000061035156,76.5,76.5,76.5,5741200
2023-08-18,76.55000305175781,76.70999908447266,75.69999694824219,75.87999725341797,75.87999725341797,6483800
2023-08-21,75.66999816894531,76.26000213623047,75.54000091552734,75.94000244140625,75.94000244140625,5359200
2023-08-22,75.69000244140625,76.75,75.36000061035156,76.3499984741211,76.3499984741211,4536500
2023-08-23,78.30000305175781,78.9800033569336,76.95999908447266,77.04000091552734,77.04000091552734,7422800
2023-08-24,77.25,78.13999938964844,76.29000091552734,76.33000183105469,76.33000183105469,4793900
2023-08-25,76.61000061035156,77.19000244140625,76.06999969482422,76.86000061035156,76.86000061035156,3773300
2023-08-28,77.29000091552734,77.48999786376953,76.62999725341797,77.04000091552734,77.04000091552734,2783500
2023-08-29,77.25,78.25,77.05000305175781,78.20999908447266,78.20999908447266,4156300
2023-08-30,78.22000122070312,78.5,77.52999877929688,77.66000366210938,77.66000366210938,3297900
2023-08-31,77.27999877929688,77.41000366210938,76.23999786376953,76.4800033569336,76.4800033569336,9200000
2023-09-01,77.22000122070312,77.41000366210938,76.47000122070312,76.6500015258789,76.6500015258789,2993000
2023-09-05,76.94999694824219,77.0,75.12999725341797,75.16000366210938,75.16000366210938,6045600
2023-09-06,75.12000274658203,75.13999938964844,73.25,74.23999786376953,74.23999786376953,5753800
2023-09-07,74.62000274658203,74.76000213623047,73.70999908447266,73.94000244140625,73.94000244140625,6586100
2023-09-08,76.12000274658203,76.5999984741211,75.05000305175781,76.0,76.0,6695200
2023-09-11,76.05000305175781,77.16999816894531,76.0,77.04000091552734,77.04000091552734,8053800
2023-09-12,76.98999786376953,77.2300033569336,76.27999877929688,76.80000305175781,76.80000305175781,4181200
2023-09-13,77.0,77.52999877929688,76.91999816894531,77.30999755859375,77.30999755859375,4407700
2023-09-14,76.79000091552734,77.7300033569336,76.73999786376953,77.36000061035156,77.36000061035156,4424400
2023-09-15,77.20999908447266,77.41000366210938,75.41999816894531,75.66999816894531,75.66999816894531,11145100
2023-09-18,75.86000061035156,76.1500015258789,75.13999938964844,75.62000274658203,75.62000274658203,3337800
2023-09-19,75.38999938964844,76.12999725341797,75.26000213623047,75.7699966430664,75.7699966430664,4002700
2023-09-20,75.9800033569336,76.38999938964844,75.7300033569336,75.81999969482422,75.81999969482422,4826300
2023-09-21,75.87999725341797,76.13999938964844,75.22000122070312,75.2699966430664,75.2699966430664,5271600
2023-09-22,74.76000213623047,75.61000061035156,74.3499984741211,75.01000213623047,75.01000213623047,4351800
2023-09-25,74.75,74.93000030517578,74.52999877929688,74.83000183105469,74.83000183105469,3885700
2023-09-26,75.41000366210938,76.2699966430664,75.31999969482422,75.52999877929688,75.52999877929688,5643900
2023-09-27,75.66999816894531,76.05999755859375,75.13999938964844,75.55000305175781,75.55000305175781,4443100
2023-09-28,75.79000091552734,76.05000305175781,75.20999908447266,75.41999816894531,75.41999816894531,3482900
2023-09-29,75.51000213623047,75.75,74.58000183105469,74.94000244140625,74.94000244140625,4179900
2023-10-02,75.0,75.04000091552734,73.16000366210938,74.0999984741211,74.0999984741211,4578700
2023-10-03,73.20999908447266,73.87000274658203,72.87000274658203,73.2699966430664,73.2699966430664,6075300
2023-10-04,73.30000305175781,74.81999969482422,73.25,74.73999786376953,74.73999786376953,4707600
2023-10-05,74.66999816894531,75.02999877929688,74.1500015258789,74.69999694824219,74.69999694824219,4781900
2023-10-06,74.45999908447266,75.01000213623047,73.91000366210938,74.73999786376953,74.73999786376953,4635200
2023-10-09,74.77999877929688,75.33999633789062,74.23999786376953,75.05999755859375,75.05999755859375,3394000
2023-10-10,75.05999755859375,76.45999908447266,74.77999877929688,75.97000122070312,75.97000122070312,5040100
2023-10-11,76.25,77.01000213623047,76.01000213623047,76.95999908447266,76.95999908447266,4434100
2023-10-12,76.87999725341797,77.11000061035156,76.29000091552734,76.76000213623047,76.76000213623047,4037900
2023-10-13,77.19000244140625,77.86000061035156,76.97000122070312,77.6500015258789,77.6500015258789,5651800
2023-10-16,77.73999786376953,79.44000244140625,77.62999725341797,79.19999694824219,79.19999694824219,6958200
2023-10-17,79.19000244140625,81.06999969482422,78.61000061035156,80.4800033569336,80.4800033569336,10602200
2023-10-18,80.47000122070312,80.70999908447266,79.52999877929688,79.66999816894531,79.66999816894531,6781900
2023-10-19,79.06999969482422,79.87000274658203,78.2300033569336,78.44000244140625,78.44000244140625,5563400
2023-10-20,78.73999786376953,79.08999633789062,77.73999786376953,77.80000305175781,77.80000305175781,5183700
2023-10-23,77.69999694824219,77.97000122070312,77.16999816894531,77.55999755859375,77.55999755859375,4049700
2023-10-24,77.58999633789062,78.54000091552734,77.27999877929688,78.1500015258789,78.1500015258789,5424800
2023-10-25,77.91000366210938,78.5999984741211,77.43000030517578,78.38999938964844,78.38999938964844,5148000
2023-10-26,78.51000213623047,78.94999694824219,77.63999938964844,78.5,78.5,4630900
2023-10-27,78.38999938964844,78.5,76.33000183105469,76.62000274658203,76.62000274658203,6037800
2023-10-30,76.91999816894531,77.98999786376953,76.9000015258789,77.7699966430664,77.7699966430664,4760800
2023-10-31,77.58999633789062,78.70999908447266,77.45999908447266,78.54000091552734,78.54000091552734,4684100
2023-11-01,79.0,80.41999816894531,78.80999755859375,80.19000244140625,80.19000244140625,5446100
2023-11-02,79.80999755859375,81.30999755859375,79.63999938964844,81.2300033569336,81.2300033569336,6166100
2023-11-03,82.0,82.58999633789062,81.51000213623047,81.58999633789062,81.58999633789062,7040000
2023-11-06,81.66999816894531,81.9800033569336,80.73999786376953,81.13999938964844,81.13999938964844,6649800
2023-11-07,81.06999969482422,81.3499984741211,80.31999969482422,80.61000061035156,80.61000061035156,7609000
2023-11-08,77.48999786376953,78.26000213623047,75.08999633789062,77.9000015258789,77.9000015258789,13103500
2023-11-09,77.52999877929688,77.70999908447266,74.72000122070312,74.9800033569336,74.9800033569336,8878900
2023-11-10,75.45999908447266,76.02999877929688,74.86000061035156,75.91999816894531,75.91999816894531,5946700
2023-11-13,75.37000274658203,75.6500015258789,74.54000091552734,74.93000030517578,74.93000030517578,4742500
2023-11-14,75.31999969482422,75.72000122070312,74.55000305175781,74.72000122070312,74.72000122070312,5534400
2023-11-15,74.2300033569336,75.45999908447266,74.11000061035156,75.04000091552734,75.04000091552734,7102100
2023-11-16,75.52999877929688,76.1500015258789,73.98999786376953,74.5199966430664,74.5199966430664,6820700
2023-11-17,74.88999938964844,75.51000213623047,74.56999969482422,75.44999694824219,75.44999694824219,7874500
2023-11-20,75.2300033569336,76.0999984741211,75.06999969482422,76.0,76.0,7012200
2023-11-21,76.0,76.1500015258789,74.54000091552734,74.69000244140625,74.69000244140625,5120400
2023-11-22,74.98999786376953,75.7300033569336,74.9000015258789,75.69999694824219,75.69999694824219,4419100
2023-11-24,75.88999938964844,75.98999786376953,75.02999877929688,75.37999725341797,75.37999725341797,1931000
2023-11-27,75.11000061035156,75.30000305175781,74.5199966430664,74.91999816894531,74.91999816894531,4552100
2023-11-28,74.80000305175781,74.94999694824219,74.19000244140625,74.51000213623047,74.51000213623047,6792700
2023-11-29,74.8499984741211,75.44999694824219,74.68000030517578,75.2300033569336,75.2300033569336,5091700
2023-11-30,75.37999725341797,76.73999786376953,75.30999755859375,76.5999984741211,76.5999984741211,10393600
2023-12-01,76.77999877929688,77.66000366210938,76.19999694824219,77.6500015258789,77.6500015258789,5400200
2023-12-04,77.29000091552734,78.47000122070312,77.16000366210938,78.33999633789062,78.33999633789062,8194600
2023-12-05,78.37000274658203,79.27999877929688,77.8499984741211,79.0199966430664,79.0199966430664,6276900
2023-12-06,79.25,80.18000030517578,79.04000091552734,79.36000061035156,79.36000061035156,5745300
2023-12-07,79.58000183105469,79.80999755859375,77.8499984741211,78.05000305175781,78.05000305175781,8588600
2023-12-08,78.11000061035156,79.23999786376953,77.94000244140625,79.0199966430664,79.0199966430664,6568400
2023-12-11,79.62999725341797,80.83999633789062,79.45999908447266,80.08999633789062,80.08999633789062,8190000
2023-12-12,80.77999877929688,81.18000030517578,80.05999755859375,80.81999969482422,80.81999969482422,6118200
2023-12-13,81.30000305175781,83.12000274658203,80.88999938964844,83.08999633789062,83.08999633789062,10582400
2023-12-14,82.4000015258789,82.45999908447266,81.06999969482422,81.77999877929688,81.77999877929688,8531100
2023-12-15,81.3499984741211,82.30999755859375,80.41000366210938,80.4800033569336,80.4800033569336,2612054
