Date,Open,High,Low,Close,Adj Close,Volume
2018-12-17,6.079999923706055,6.090000152587891,6.0,6.0,5.514407634735107,13700
2018-12-18,6.050000190734863,6.059999942779541,6.0,6.050000190734863,5.560360908508301,3100
2018-12-19,6.050000190734863,6.099999904632568,6.046999931335449,6.099999904632568,5.606314182281494,8100
2018-12-20,6.039999961853027,6.111000061035156,6.039999961853027,6.050000190734863,5.560360908508301,10500
2018-12-21,6.050000190734863,6.050000190734863,5.860000133514404,6.0,5.514407634735107,5700
2018-12-24,6.0,6.0,6.0,6.0,5.514407634735107,100
2018-12-26,5.900000095367432,5.920000076293945,5.900000095367432,5.900000095367432,5.4225006103515625,1500
2018-12-27,5.841000080108643,5.841000080108643,5.800000190734863,5.800000190734863,5.330594062805176,1500
2018-12-28,6.0,6.03000020980835,6.0,6.03000020980835,5.541980266571045,4900
2018-12-31,6.050000190734863,6.260000228881836,6.019999980926514,6.099999904632568,5.606314182281494,12700
2019-01-02,6.019999980926514,6.019999980926514,5.960000038146973,5.960000038146973,5.477644920349121,1400
2019-01-03,5.980000019073486,6.150000095367432,5.980000019073486,6.150000095367432,5.6522674560546875,4100
2019-01-04,6.050000190734863,6.199999809265137,6.050000190734863,6.199999809265137,5.698221206665039,300
2019-01-07,6.269999980926514,6.380000114440918,6.007999897003174,6.099999904632568,5.606314182281494,8200
2019-01-08,6.179999828338623,6.309999942779541,6.050000190734863,6.050000190734863,5.560360908508301,13800
2019-01-09,6.1020002365112305,6.170000076293945,6.070000171661377,6.070000171661377,5.578742504119873,6100
2019-01-10,6.070000171661377,6.489999771118164,6.070000171661377,6.139999866485596,5.643077373504639,13100
2019-01-11,6.25,6.289000034332275,6.199999809265137,6.199999809265137,5.698221206665039,10000
2019-01-14,6.46999979019165,6.5,6.285999774932861,6.495999813079834,5.9702653884887695,3600
2019-01-15,6.670000076293945,6.794000148773193,6.550000190734863,6.639999866485596,6.102611541748047,4200
2019-01-16,6.809999942779541,6.920000076293945,6.710000038146973,6.809999942779541,6.258852481842041,10400
2019-01-17,6.699999809265137,7.050000190734863,6.679999828338623,6.789999961853027,6.240471363067627,13300
2019-01-18,6.952000141143799,6.952000141143799,6.736000061035156,6.767000198364258,6.219333648681641,2600
2019-01-22,6.815000057220459,6.829999923706055,6.630000114440918,6.749000072479248,6.202789783477783,9000
2019-01-23,6.7170000076293945,6.789000034332275,6.650000095367432,6.756999969482422,6.210141658782959,4100
2019-01-24,7.0,7.0,6.75,6.75,6.203709125518799,7200
2019-01-25,6.65500020980835,6.800000190734863,6.639999866485596,6.650000095367432,6.111802101135254,4000
2019-01-28,6.730000019073486,6.800000190734863,6.599999904632568,6.599999904632568,6.065848350524902,18000
2019-01-29,6.619999885559082,6.767000198364258,6.510000228881836,6.519999980926514,5.9923224449157715,15400
2019-01-30,6.46999979019165,6.690000057220459,6.460000038146973,6.690000057220459,6.148564338684082,3500
2019-01-31,6.599999904632568,6.71999979019165,6.599999904632568,6.659999847412109,6.120992183685303,1800
2019-02-01,6.619999885559082,6.639999866485596,6.619999885559082,6.619999885559082,6.084230422973633,1400
2019-02-04,6.860000133514404,6.860000133514404,6.75,6.820000171661377,6.268043518066406,800
2019-02-05,6.756999969482422,6.789999961853027,6.619999885559082,6.630000114440918,6.093420505523682,3000
2019-02-06,6.638000011444092,7.21999979019165,6.638000011444092,7.019999980926514,6.45185661315918,41900
2019-02-07,7.0960001945495605,7.119999885559082,6.986999988555908,7.052999973297119,6.482186794281006,3900
2019-02-08,6.849999904632568,7.0,6.699999809265137,6.894000053405762,6.33605432510376,18700
2019-02-11,6.980000019073486,7.099999904632568,6.810999870300293,6.843999862670898,6.290100574493408,3000
2019-02-12,6.960000038146973,7.044000148773193,6.769999980926514,6.769999980926514,6.222089767456055,5300
2019-02-13,6.699999809265137,6.760000228881836,6.480000019073486,6.599999904632568,6.065848350524902,17500
2019-02-14,6.559999942779541,6.840000152587891,6.473999977111816,6.559999942779541,6.029085636138916,26500
2019-02-15,6.849999904632568,6.860000133514404,6.579999923706055,6.599999904632568,6.1124372482299805,17700
2019-02-19,6.599999904632568,6.610000133514404,6.269999980926514,6.269999980926514,5.806814670562744,24300
2019-02-20,6.316999912261963,6.626999855041504,6.316999912261963,6.480000019073486,6.001301288604736,11300
2019-02-21,6.480000019073486,6.480000019073486,6.380000114440918,6.380000114440918,5.908689498901367,5300
2019-02-22,6.468999862670898,6.539999961853027,6.400000095367432,6.485000133514404,6.0059332847595215,5600
2019-02-25,6.5,7.070000171661377,6.5,6.800000190734863,6.297662734985352,39800
2019-02-26,7.0,7.888999938964844,7.0,7.349999904632568,6.807032108306885,115100
2019-02-27,7.400000095367432,7.679999828338623,7.349999904632568,7.349999904632568,6.807032108306885,18500
2019-02-28,7.349999904632568,7.349999904632568,6.71999979019165,7.0,6.482888221740723,35400
2019-03-01,7.119999885559082,7.300000190734863,7.045000076293945,7.300000190734863,6.760726451873779,14800
2019-03-04,7.300000190734863,7.353000164031982,7.150000095367432,7.199999809265137,6.6681132316589355,21100
2019-03-05,7.110000133514404,7.298999786376953,7.099999904632568,7.170000076293945,6.640329837799072,4200
2019-03-06,7.170000076293945,7.170000076293945,7.079999923706055,7.079999923706055,6.556978225708008,2100
2019-03-07,7.079999923706055,7.25,7.03000020980835,7.21999979019165,6.686635494232178,10200
2019-03-08,7.014999866485596,7.230000019073486,7.014999866485596,7.199999809265137,6.6681132316589355,4700
2019-03-11,7.127999782562256,7.199999809265137,7.099999904632568,7.179999828338623,6.649591445922852,18100
2019-03-12,7.25,7.25,7.099999904632568,7.099999904632568,6.57550048828125,12000
2019-03-13,7.099999904632568,7.25,7.099999904632568,7.110000133514404,6.584762096405029,7700
2019-03-14,7.110000133514404,7.230000019073486,7.110000133514404,7.22599983215332,6.692192077636719,6300
2019-03-15,7.093999862670898,7.380000114440918,7.093999862670898,7.300000190734863,6.760726451873779,4700
2019-03-18,7.150000095367432,7.260000228881836,7.130000114440918,7.260000228881836,6.723681449890137,800
2019-03-19,7.223999977111816,7.314000129699707,7.199999809265137,7.314000129699707,6.773692607879639,3900
2019-03-20,7.2270002365112305,7.2270002365112305,7.130000114440918,7.130000114440918,6.6032843589782715,1500
2019-03-21,7.179999828338623,7.255000114440918,7.150000095367432,7.199999809265137,6.6681132316589355,16900
2019-03-22,7.25,7.25,7.150000095367432,7.150000095367432,6.621806621551514,29000
2019-03-25,7.159999847412109,7.159999847412109,7.050000190734863,7.077000141143799,6.55419921875,4700
2019-03-26,7.179999828338623,7.2870001792907715,7.119999885559082,7.185999870300293,6.655147075653076,22900
2019-03-27,7.230000019073486,8.0,7.099999904632568,7.989999771118164,7.399753093719482,54700
2019-03-28,7.809999942779541,7.900000095367432,7.429999828338623,7.599999904632568,7.038562774658203,29400
2019-03-29,7.434000015258789,7.5,7.367000102996826,7.367000102996826,6.8227763175964355,1200
2019-04-01,7.300000190734863,7.460000038146973,7.269999980926514,7.460000038146973,6.90890645980835,800
2019-04-02,7.5,7.585000038146973,7.5,7.559999942779541,7.001518726348877,11700
2019-04-03,7.650000095367432,7.650000095367432,7.539999961853027,7.547999858856201,6.990405559539795,15200
2019-04-04,7.5,7.559999942779541,7.349999904632568,7.550000190734863,6.992258071899414,37500
2019-04-05,7.449999809265137,7.550000190734863,7.349999904632568,7.550000190734863,6.992258071899414,1700
2019-04-08,7.550000190734863,7.563000202178955,7.5,7.5,6.945950508117676,6900
2019-04-09,7.501999855041504,7.501999855041504,7.449999809265137,7.5,6.945950508117676,14000
2019-04-10,7.5,7.510000228881836,7.418000221252441,7.420000076293945,6.871861934661865,14100
2019-04-11,7.289999961853027,7.289999961853027,7.123000144958496,7.230000019073486,6.695897102355957,6500
2019-04-12,7.320000171661377,7.381999969482422,7.269999980926514,7.381999969482422,6.836668491363525,9400
2019-04-15,7.196000099182129,7.300000190734863,7.110000133514404,7.199999809265137,6.6681132316589355,11600
2019-04-16,7.159999847412109,7.300000190734863,7.159999847412109,7.195000171661377,6.663483142852783,5700
2019-04-17,7.409999847412109,7.409999847412109,7.23199987411499,7.25,6.714419841766357,4100
2019-04-18,7.1570000648498535,7.190999984741211,7.099999904632568,7.139999866485596,6.612545967102051,9000
2019-04-22,7.139999866485596,7.139999866485596,7.139999866485596,7.139999866485596,6.612545967102051,100
2019-04-23,7.1529998779296875,7.1529998779296875,7.125,7.125,6.598654270172119,1100
2019-04-24,7.170000076293945,7.170000076293945,7.099999904632568,7.156000137329102,6.627363681793213,7800
2019-04-25,7.10099983215332,7.110000133514404,7.074999809265137,7.074999809265137,6.552347183227539,8200
2019-04-26,7.1529998779296875,7.1529998779296875,7.150000095367432,7.150000095367432,6.621806621551514,2300
2019-04-29,7.118000030517578,7.118000030517578,7.118000030517578,7.118000030517578,6.592170715332031,200
2019-04-30,7.1020002365112305,7.159999847412109,7.099999904632568,7.130000114440918,6.6032843589782715,7300
2019-05-01,7.159999847412109,7.159999847412109,7.079999923706055,7.090000152587891,6.566240310668945,4900
2019-05-02,7.059999942779541,7.09499979019165,7.050000190734863,7.050000190734863,6.529194355010986,900
2019-05-03,7.090000152587891,7.090000152587891,7.090000152587891,7.090000152587891,6.566240310668945,200
2019-05-06,7.090000152587891,7.090000152587891,7.0,7.0,6.482888221740723,6800
2019-05-07,6.989999771118164,7.039999961853027,6.989999771118164,7.039999961853027,6.519932746887207,4900
2019-05-08,7.039999961853027,7.039999961853027,7.039999961853027,7.039999961853027,6.519932746887207,500
2019-05-09,6.949999809265137,6.949999809265137,6.849999904632568,6.949999809265137,6.436581134796143,7200
2019-05-10,6.949999809265137,7.039999961853027,6.949999809265137,7.0,6.482888221740723,5800
2019-05-13,7.050000190734863,7.099999904632568,6.75,6.760000228881836,6.260618209838867,13800
2019-05-14,6.789999961853027,6.800000190734863,6.789999961853027,6.800000190734863,6.297662734985352,900
2019-05-15,7.03000020980835,7.03000020980835,6.75,6.760000228881836,6.260618209838867,12300
2019-05-16,6.860000133514404,6.873000144958496,6.800000190734863,6.869999885559082,6.362490653991699,6800
2019-05-17,6.901000022888184,6.9079999923706055,6.866000175476074,6.889999866485596,6.381014347076416,5600
2019-05-20,6.900000095367432,6.909999847412109,6.869999885559082,6.889999866485596,6.381014347076416,10100
2019-05-21,7.0,7.099999904632568,7.0,7.090000152587891,6.566240310668945,5500
2019-05-22,7.099999904632568,7.139999866485596,7.099999904632568,7.105000019073486,6.580130577087402,13000
2019-05-23,7.099999904632568,7.099999904632568,7.050000190734863,7.078000068664551,6.555125713348389,800
2019-05-24,7.090000152587891,7.090000152587891,7.0,7.039999961853027,6.566318511962891,5100
2019-05-28,7.0,7.0,6.849999904632568,6.849999904632568,6.389102935791016,2100
2019-05-29,6.710000038146973,6.980000019073486,6.710000038146973,6.896999835968018,6.432940483093262,2800
2019-05-30,6.849999904632568,6.900000095367432,6.849999904632568,6.900000095367432,6.435737609863281,2200
2019-05-31,6.900000095367432,6.900000095367432,6.900000095367432,6.900000095367432,6.435737609863281,0
2019-06-03,6.699999809265137,6.860000133514404,6.650000095367432,6.690000057220459,6.239867687225342,5100
2019-06-04,6.650000095367432,6.730000019073486,6.650000095367432,6.659999847412109,6.211885929107666,9600
2019-06-05,6.710000038146973,6.71999979019165,6.409999847412109,6.409999847412109,5.978707790374756,2600
2019-06-06,6.690000057220459,6.699999809265137,6.659999847412109,6.699999809265137,6.249194622039795,5300
2019-06-07,6.710000038146973,6.800000190734863,6.650000095367432,6.718999862670898,6.266916751861572,9700
2019-06-10,6.818999767303467,6.818999767303467,6.818999767303467,6.818999767303467,6.3601884841918945,1000
2019-06-11,6.869999885559082,6.869999885559082,6.869999885559082,6.869999885559082,6.407756328582764,200
2019-06-12,6.492000102996826,7.139999866485596,6.492000102996826,6.5,6.062651634216309,4300
2019-06-13,6.75,6.75,6.75,6.75,6.295831203460693,1000
2019-06-14,6.960000038146973,6.980000019073486,6.946000099182129,6.960000038146973,6.491701602935791,1400
2019-06-17,7.019999980926514,7.090000152587891,7.019999980926514,7.050000190734863,6.575645446777344,1300
2019-06-18,7.070000171661377,7.079999923706055,6.888999938964844,6.920000076293945,6.454392910003662,3000
2019-06-19,6.809999942779541,6.920000076293945,6.809999942779541,6.920000076293945,6.454392910003662,300
2019-06-20,6.955999851226807,6.964000225067139,6.920000076293945,6.964000225067139,6.495432376861572,800
2019-06-21,7.0,7.079999923706055,6.88100004196167,6.88100004196167,6.4180169105529785,1300
2019-06-24,6.88100004196167,6.88100004196167,6.88100004196167,6.88100004196167,6.4180169105529785,0
2019-06-25,6.820000171661377,7.059999942779541,6.809999942779541,7.020999908447266,6.5485968589782715,10100
2019-06-26,7.050000190734863,7.090000152587891,7.03000020980835,7.03000020980835,6.5569915771484375,3600
2019-06-27,7.079999923706055,7.300000190734863,7.068999767303467,7.285999774932861,6.7957658767700195,13700
2019-06-28,7.300000190734863,7.5,7.050000190734863,7.170000076293945,6.687572479248047,24400
2019-07-01,7.159999847412109,7.329999923706055,7.125,7.199999809265137,6.715553283691406,3900
2019-07-02,7.177999973297119,7.190000057220459,7.079999923706055,7.150000095367432,6.668917179107666,1000
2019-07-03,7.0929999351501465,7.0929999351501465,7.0,7.0,6.52901029586792,5200
2019-07-05,7.010000228881836,7.065000057220459,6.900000095367432,7.059999942779541,6.584971904754639,11800
2019-07-08,7.130000114440918,7.179999828338623,7.013000011444092,7.050000190734863,6.575645446777344,2000
2019-07-09,7.014999866485596,7.014999866485596,7.014999866485596,7.014999866485596,6.5430006980896,900
2019-07-10,7.039999961853027,7.199999809265137,7.039999961853027,7.139999866485596,6.659590244293213,5100
2019-07-11,7.065999984741211,7.139999866485596,7.065999984741211,7.139999866485596,6.659590244293213,3000
2019-07-12,7.119999885559082,7.119999885559082,7.0,7.0,6.52901029586792,7400
2019-07-15,7.0,7.03000020980835,7.0,7.0,6.52901029586792,1600
2019-07-16,7.0,7.050000190734863,7.0,7.043000221252441,6.569117546081543,1100
2019-07-17,7.0,7.03000020980835,7.0,7.03000020980835,6.5569915771484375,3100
2019-07-18,7.0,7.019999980926514,7.0,7.019999980926514,6.547664165496826,400
2019-07-19,7.010000228881836,7.099999904632568,7.0,7.010000228881836,6.538337707519531,5500
2019-07-22,6.866000175476074,6.866000175476074,6.866000175476074,6.866000175476074,6.404025554656982,2100
2019-07-23,7.019999980926514,7.019999980926514,6.98199987411499,7.019999980926514,6.547664165496826,500
2019-07-24,6.959000110626221,7.019999980926514,6.959000110626221,6.988999843597412,6.518750190734863,900
2019-07-25,7.050000190734863,7.050000190734863,6.836999893188477,7.019999980926514,6.547664165496826,3000
2019-07-26,7.130000114440918,7.130000114440918,6.881999969482422,6.985000133514404,6.515018939971924,1700
2019-07-29,6.980000019073486,7.0,6.980000019073486,7.0,6.52901029586792,1000
2019-07-30,6.986000061035156,7.0,6.986000061035156,7.0,6.52901029586792,2600
2019-07-31,6.986000061035156,7.0,6.895999908447266,6.895999908447266,6.4320068359375,2400
2019-08-01,6.989999771118164,7.0,6.925000190734863,7.0,6.52901029586792,30900
2019-08-02,7.0,7.0,6.9679999351501465,6.9679999351501465,6.4991631507873535,2100
2019-08-05,6.960000038146973,6.960000038146973,6.849999904632568,6.849999904632568,6.389102935791016,6700
2019-08-06,6.909999847412109,6.909999847412109,6.75,6.909999847412109,6.445065021514893,700
2019-08-07,6.980000019073486,6.980000019073486,6.980000019073486,6.980000019073486,6.510355472564697,1900
2019-08-08,6.863999843597412,6.863999843597412,6.863999843597412,6.863999843597412,6.448352336883545,1000
2019-08-09,6.730000019073486,6.946000099182129,6.730000019073486,6.946000099182129,6.525386810302734,300
2019-08-12,6.699999809265137,7.079999923706055,6.699999809265137,7.013999938964844,6.589268207550049,7700
2019-08-13,6.849999904632568,7.079999923706055,6.849999904632568,7.079999923706055,6.651272296905518,4000
2019-08-14,6.980000019073486,7.300000190734863,6.900000095367432,7.300000190734863,6.857950687408447,8600
2019-08-15,7.25,7.300000190734863,7.050000190734863,7.300000190734863,6.857950687408447,22100
2019-08-16,7.289999961853027,7.5,7.130000114440918,7.5,7.045839309692383,23400
2019-08-19,7.5,7.5,7.205999851226807,7.5,7.045839309692383,24900
2019-08-20,7.5,7.5,7.119999885559082,7.119999885559082,6.688849925994873,8400
2019-08-21,7.190000057220459,7.400000095367432,7.190000057220459,7.400000095367432,6.951894283294678,1500
2019-08-22,7.380000114440918,7.380000114440918,7.296999931335449,7.300000190734863,6.857950687408447,800
2019-08-23,7.234000205993652,7.276000022888184,7.234000205993652,7.276000022888184,6.8354034423828125,2400
2019-08-26,7.269999980926514,7.300000190734863,7.0,7.0,6.576117038726807,8000
2019-08-27,7.0,7.098999977111816,7.0,7.0,6.576117038726807,2700
2019-08-28,7.130000114440918,7.179999828338623,7.118000030517578,7.179999828338623,6.7452168464660645,400
2019-08-29,7.179999828338623,7.179999828338623,7.179999828338623,7.179999828338623,6.7452168464660645,0
2019-08-30,7.0,7.045000076293945,7.0,7.0,6.576117038726807,900
2019-09-03,7.0,7.289999961853027,7.0,7.289999961853027,6.848556041717529,700
2019-09-04,7.119999885559082,7.119999885559082,7.0,7.034999847412109,6.608997344970703,1800
2019-09-05,7.0,7.0,6.900000095367432,7.0,6.576117038726807,4300
2019-09-06,7.0,7.0,7.0,7.0,6.576117038726807,0
2019-09-09,6.953999996185303,7.5,6.953999996185303,7.5,7.045839309692383,6600
2019-09-10,7.400000095367432,7.494999885559082,7.119999885559082,7.480000019073486,7.027050495147705,3900
2019-09-11,7.400000095367432,7.489999771118164,7.130000114440918,7.400000095367432,6.951894283294678,2600
2019-09-12,7.389999866485596,7.690000057220459,7.322999954223633,7.690000057220459,7.224333763122559,50000
2019-09-13,7.5,7.800000190734863,7.449999809265137,7.800000190734863,7.327672481536865,19200
2019-09-16,7.800000190734863,7.900000095367432,7.541999816894531,7.900000095367432,7.42161750793457,10300
2019-09-17,7.800000190734863,7.880000114440918,7.507999897003174,7.800000190734863,7.327672481536865,9900
2019-09-18,7.800000190734863,7.800000190734863,7.289999961853027,7.769999980926514,7.299489498138428,12300
2019-09-19,7.800000190734863,7.800000190734863,7.5,7.699999809265137,7.233728408813477,11500
2019-09-20,7.599999904632568,7.800000190734863,7.260000228881836,7.260000228881836,6.820372581481934,19900
2019-09-23,7.340000152587891,7.684999942779541,7.329999923706055,7.460000038146973,7.0082621574401855,15000
2019-09-24,7.519999980926514,7.599999904632568,7.349999904632568,7.599999904632568,7.13978385925293,5500
2019-09-25,7.599999904632568,7.610000133514404,7.3470001220703125,7.610000133514404,7.149178504943848,11600
2019-09-26,7.480000019073486,7.739999771118164,7.480000019073486,7.60699987411499,7.146360397338867,6300
2019-09-27,7.599999904632568,7.670000076293945,7.429999828338623,7.429999828338623,6.980078220367432,10400
2019-09-30,7.699999809265137,7.699999809265137,7.389999866485596,7.389999866485596,6.942500114440918,2600
2019-10-01,7.5,7.5,7.480000019073486,7.480000019073486,7.027050495147705,500
2019-10-02,7.309999942779541,7.449999809265137,7.119999885559082,7.179999828338623,6.7452168464660645,11100
2019-10-03,7.236999988555908,7.380000114440918,7.159999847412109,7.28000020980835,6.839160919189453,3500
2019-10-04,7.420000076293945,7.5,7.260000228881836,7.5,7.045839309692383,12000
2019-10-07,7.374000072479248,7.489999771118164,7.340000152587891,7.445000171661377,6.994170188903809,2700
2019-10-08,7.329999923706055,7.400000095367432,7.329999923706055,7.400000095367432,6.951894283294678,17100
2019-10-09,7.300000190734863,7.300000190734863,7.159999847412109,7.239999771118164,6.801583290100098,6200
2019-10-10,7.179999828338623,7.380000114440918,7.179999828338623,7.369999885559082,6.92371129989624,7500
2019-10-11,7.199999809265137,7.199999809265137,7.050000190734863,7.050000190734863,6.62308931350708,8100
2019-10-14,6.980000019073486,7.010000228881836,6.920000076293945,6.929999828338623,6.510355472564697,3700
2019-10-15,6.900000095367432,7.019999980926514,6.900000095367432,7.010000228881836,6.585511684417725,2000
2019-10-16,6.949999809265137,7.0,6.923999786376953,7.0,6.576117038726807,1700
2019-10-17,6.949999809265137,7.090000152587891,6.949999809265137,7.090000152587891,6.660667419433594,1800
2019-10-18,7.0,7.119999885559082,7.0,7.119999885559082,6.688849925994873,500
2019-10-21,7.070000171661377,7.099999904632568,7.070000171661377,7.090000152587891,6.660667419433594,800
2019-10-22,7.010000228881836,7.090000152587891,7.010000228881836,7.090000152587891,6.660667419433594,500
2019-10-23,7.099999904632568,7.099999904632568,7.099999904632568,7.099999904632568,6.670061111450195,300
2019-10-24,6.909999847412109,7.0,6.900000095367432,6.900000095367432,6.48217248916626,2500
2019-10-25,6.900000095367432,6.900000095367432,6.900000095367432,6.900000095367432,6.48217248916626,100
2019-10-28,6.929999828338623,6.938000202178955,6.854000091552734,6.885000228881836,6.468080997467041,6200
2019-10-29,6.849999904632568,6.849999904632568,6.849999904632568,6.849999904632568,6.4352006912231445,100
2019-10-30,6.849999904632568,6.849999904632568,6.817999839782715,6.817999839782715,6.4051384925842285,1900
2019-10-31,6.820000171661377,6.840000152587891,6.800000190734863,6.800000190734863,6.388228416442871,3600
2019-11-01,6.775000095367432,6.775000095367432,6.679999828338623,6.690000057220459,6.28488826751709,2000
2019-11-04,6.75,6.800000190734863,6.75,6.800000190734863,6.388228416442871,1700
2019-11-05,6.800000190734863,6.800000190734863,6.800000190734863,6.800000190734863,6.388228416442871,100
2019-11-06,6.760000228881836,6.760000228881836,6.650000095367432,6.650000095367432,6.247311115264893,11200
2019-11-07,6.798999786376953,6.798999786376953,6.798999786376953,6.798999786376953,6.3872880935668945,1100
2019-11-08,6.71999979019165,6.71999979019165,6.650000095367432,6.650000095367432,6.247311115264893,700
2019-11-11,6.72599983215332,6.72599983215332,6.650000095367432,6.699999809265137,6.29428243637085,2100
2019-11-12,6.699999809265137,6.699999809265137,6.679999828338623,6.679999828338623,6.27549409866333,1400
2019-11-13,6.679999828338623,6.679999828338623,6.668000221252441,6.676000118255615,6.2717366218566895,1800
2019-11-14,6.650000095367432,6.78000020980835,6.650000095367432,6.78000020980835,6.369439125061035,7100
2019-11-15,6.789999961853027,6.789999961853027,6.599999904632568,6.599999904632568,6.246403694152832,7700
2019-11-18,6.5,6.599999904632568,6.5,6.599999904632568,6.246403694152832,2500
2019-11-19,6.539999961853027,6.539999961853027,6.5,6.5,6.151761054992676,2300
2019-11-20,6.5370001792907715,6.599999904632568,6.5,6.5,6.151761054992676,2400
2019-11-21,6.669000148773193,6.669000148773193,6.60099983215332,6.60099983215332,6.247350215911865,1800
2019-11-22,6.53000020980835,6.599999904632568,6.46999979019165,6.599999904632568,6.246403694152832,6900
2019-11-25,6.5,6.5,6.466000080108643,6.489999771118164,6.14229679107666,2500
2019-11-26,6.5,6.5,6.485000133514404,6.5,6.151761054992676,3100
2019-11-27,6.5,6.5,6.482999801635742,6.5,6.151761054992676,4200
2019-11-29,6.46999979019165,6.46999979019165,6.46999979019165,6.46999979019165,6.123367786407471,100
2019-12-02,6.5,6.507999897003174,6.454999923706055,6.5,6.151761054992676,7900
2019-12-03,6.5,6.5,6.5,6.5,6.151761054992676,1600
2019-12-04,6.5,6.5,6.420000076293945,6.420000076293945,6.076047897338867,3100
2019-12-05,6.5,6.5,6.454999923706055,6.5,6.151761054992676,5600
2019-12-06,6.5,6.5,6.300000190734863,6.300000190734863,5.96247673034668,5200
2019-12-09,6.400000095367432,6.400000095367432,6.400000095367432,6.400000095367432,6.057119369506836,1500
2019-12-10,6.400000095367432,6.5,6.400000095367432,6.409999847412109,6.066583156585693,12500
2019-12-11,6.449999809265137,6.5,6.449999809265137,6.5,6.151761054992676,300
2019-12-12,6.5,6.510000228881836,6.460000038146973,6.460000038146973,6.113903999328613,52600
2019-12-13,6.460000038146973,6.47599983215332,6.460000038146973,6.47599983215332,6.12904691696167,1400
2019-12-16,6.519999980926514,6.519999980926514,6.480999946594238,6.480999946594238,6.133779525756836,1200
2019-12-17,6.460000038146973,6.5,6.460000038146973,6.460000038146973,6.113903999328613,1100
2019-12-18,6.460000038146973,6.5,6.460000038146973,6.460000038146973,6.113903999328613,700
2019-12-19,6.460000038146973,6.460000038146973,5.76800012588501,5.789999961853027,5.479799747467041,19300
2019-12-20,6.039999961853027,6.300000190734863,5.800000190734863,6.300000190734863,5.96247673034668,20400
2019-12-23,5.809999942779541,6.090000152587891,5.809999942779541,6.010000228881836,5.688013553619385,7800
2019-12-24,6.039999961853027,6.066999912261963,6.039999961853027,6.066999912261963,5.741959095001221,700
2019-12-26,6.0,6.150000095367432,6.0,6.010000228881836,5.688013553619385,5700
2019-12-27,6.03000020980835,6.03000020980835,6.0,6.019999980926514,5.697477340698242,2200
2019-12-30,5.909999847412109,6.35699987411499,5.829999923706055,5.840000152587891,5.527120590209961,7300
2019-12-31,5.809999942779541,6.070000171661377,5.809999942779541,5.860000133514404,5.546049118041992,11800
2020-01-02,5.809999942779541,5.929999828338623,5.809999942779541,5.929999828338623,5.612298488616943,1700
2020-01-03,6.113999843597412,6.236000061035156,6.113999843597412,6.236000061035156,5.901905059814453,600
2020-01-06,6.179999828338623,6.289999961853027,5.949999809265137,6.260000228881836,5.924619197845459,6600
2020-01-07,6.510000228881836,6.510000228881836,6.081999778747559,6.081999778747559,5.756155490875244,1500
2020-01-08,6.495999813079834,6.495999813079834,6.119999885559082,6.230000019073486,5.896226406097412,5500
2020-01-09,6.179999828338623,6.340000152587891,6.0,6.156000137329102,5.8261919021606445,2100
2020-01-10,6.25,6.25,6.011000156402588,6.039999961853027,5.716405868530273,1200
2020-01-13,6.388999938964844,6.410999774932861,6.388999938964844,6.410999774932861,6.067529678344727,1400
2020-01-14,6.238999843597412,6.570000171661377,6.238999843597412,6.5,6.151761054992676,6500
2020-01-15,6.5,6.570000171661377,6.485000133514404,6.485000133514404,6.137564182281494,3100
2020-01-16,6.440000057220459,6.459000110626221,6.170000076293945,6.170000076293945,5.839440822601318,1900
2020-01-17,6.199999809265137,6.317999839782715,6.199999809265137,6.210000038146973,5.877298355102539,1100
2020-01-21,6.25,6.25,6.2179999351501465,6.2179999351501465,5.884869575500488,1400
2020-01-22,6.24399995803833,6.24399995803833,6.210000038146973,6.21999979019165,5.8867621421813965,2300
2020-01-23,6.215000152587891,6.215000152587891,6.215000152587891,6.215000152587891,5.882030487060547,300
2020-01-24,6.230000019073486,6.300000190734863,6.230000019073486,6.300000190734863,5.96247673034668,1300
2020-01-27,6.289999961853027,6.300000190734863,6.210000038146973,6.210000038146973,5.877298355102539,3100
2020-01-28,6.53000020980835,6.550000190734863,6.35699987411499,6.436999797821045,6.092136383056641,2900
2020-01-29,6.539999961853027,6.539999961853027,6.245999813079834,6.245999813079834,5.911369323730469,900
2020-01-30,6.300000190734863,6.300000190734863,6.300000190734863,6.300000190734863,5.96247673034668,300
2020-01-31,6.367000102996826,6.367000102996826,6.367000102996826,6.367000102996826,6.025886535644531,400
2020-02-03,6.230000019073486,6.23199987411499,6.159999847412109,6.159999847412109,5.829977035522461,2500
2020-02-04,6.164000034332275,6.179999828338623,6.164000034332275,6.179999828338623,5.848904609680176,1500
2020-02-05,6.179999828338623,6.179999828338623,6.170000076293945,6.170000076293945,5.839440822601318,1300
2020-02-06,6.099999904632568,6.099999904632568,6.0,6.0,5.678548812866211,3500
2020-02-07,6.0,6.0,5.929999828338623,5.929999828338623,5.612298488616943,1400
2020-02-10,5.949999809265137,5.949999809265137,5.860000133514404,5.860000133514404,5.546049118041992,1300
2020-02-11,5.900000095367432,5.949999809265137,5.900000095367432,5.909999847412109,5.59337043762207,6100
2020-02-12,6.190000057220459,6.360000133514404,6.190000057220459,6.21999979019165,5.8867621421813965,3400
2020-02-13,6.283999919891357,7.130000114440918,6.283999919891357,6.934999942779541,6.563456058502197,70300
2020-02-14,7.0,7.144999980926514,6.869999885559082,6.869999885559082,6.5019378662109375,42700
2020-02-18,6.820000171661377,7.034999847412109,6.820000171661377,6.953999996185303,6.629688739776611,10600
2020-02-19,6.960000038146973,6.980000019073486,6.889999866485596,6.889999866485596,6.568673610687256,11900
2020-02-20,6.900000095367432,6.900000095367432,6.550000190734863,6.829999923706055,6.511472225189209,3200
2020-02-21,6.855000019073486,6.855000019073486,6.820000171661377,6.820000171661377,6.501938343048096,800
2020-02-24,6.820000171661377,6.820000171661377,6.820000171661377,6.820000171661377,6.501938343048096,0
2020-02-25,6.49399995803833,6.71999979019165,6.49399995803833,6.52400016784668,6.219742774963379,300
2020-02-26,6.440000057220459,6.440000057220459,6.440000057220459,6.440000057220459,6.139660358428955,200
2020-02-27,6.349999904632568,6.519999980926514,6.059999942779541,6.059999942779541,5.7773823738098145,5500
2020-02-28,6.099999904632568,6.170000076293945,6.099999904632568,6.099999904632568,5.815516948699951,15200
2020-03-02,6.099999904632568,6.099999904632568,5.989999771118164,5.989999771118164,5.710647106170654,500
2020-03-03,6.039999961853027,6.039999961853027,5.949999809265137,5.949999809265137,5.672511577606201,2300
2020-03-04,6.139999866485596,6.139999866485596,6.139999866485596,6.139999866485596,5.853651523590088,700
2020-03-05,6.03000020980835,6.050000190734863,6.03000020980835,6.050000190734863,5.767848968505859,800
2020-03-06,6.050000190734863,6.050000190734863,6.050000190734863,6.050000190734863,5.767848968505859,0
2020-03-09,5.699999809265137,5.992000102996826,5.699999809265137,5.992000102996826,5.712554454803467,1100
2020-03-10,5.978000164031982,5.978000164031982,5.90500020980835,5.90500020980835,5.629611015319824,600
2020-03-11,5.790999889373779,5.790999889373779,5.790999889373779,5.790999889373779,5.520927429199219,300
2020-03-12,5.699999809265137,5.729000091552734,5.699999809265137,5.699999809265137,5.434171199798584,2500
2020-03-13,5.599999904632568,5.599999904632568,5.550000190734863,5.550000190734863,5.291167259216309,1100
2020-03-16,5.934000015258789,5.934000015258789,5.730000019073486,5.7789998054504395,5.509486675262451,1500
2020-03-17,5.420000076293945,5.724999904632568,5.420000076293945,5.724999904632568,5.458005905151367,900
2020-03-18,5.375,5.375,5.25,5.288000106811523,5.041385650634766,2900
2020-03-19,5.099999904632568,5.2230000495910645,5.099999904632568,5.2230000495910645,4.979417324066162,1800
2020-03-20,5.099999904632568,5.099999904632568,4.900000095367432,4.906000137329102,4.677200794219971,2200
2020-03-23,4.730000019073486,4.730000019073486,3.5999999046325684,4.0,3.8134536743164062,10500
2020-03-24,4.559999942779541,4.559999942779541,4.559999942779541,4.559999942779541,4.34733772277832,200
2020-03-25,4.5,4.599999904632568,4.449999809265137,4.449999809265137,4.242467403411865,5500
2020-03-26,5.210000038146973,5.239999771118164,5.146999835968018,5.146999835968018,4.906960964202881,1700
2020-03-27,4.75,5.070000171661377,4.300000190734863,4.690000057220459,4.4712748527526855,5400
2020-03-30,4.5,4.5,4.059999942779541,4.400000095367432,4.194799423217773,4200
2020-03-31,4.71999979019165,5.085999965667725,4.71999979019165,5.085999965667725,4.848805904388428,600
2020-04-01,4.400000095367432,4.949999809265137,4.400000095367432,4.909999847412109,4.681014060974121,800
2020-04-02,4.9770002365112305,4.980000019073486,4.650000095367432,4.650000095367432,4.433140277862549,2400
2020-04-03,4.599999904632568,4.599999904632568,4.599999904632568,4.599999904632568,4.385471820831299,300
2020-04-06,4.949999809265137,4.949999809265137,4.800000190734863,4.800000190734863,4.576144695281982,1000
2020-04-07,4.870999813079834,4.949999809265137,4.870999813079834,4.909999847412109,4.681014060974121,1300
2020-04-08,4.909999847412109,4.909999847412109,4.909999847412109,4.909999847412109,4.681014060974121,0
2020-04-09,4.909999847412109,4.909999847412109,4.909999847412109,4.909999847412109,4.681014060974121,500
2020-04-13,4.909999847412109,4.909999847412109,4.909999847412109,4.909999847412109,4.681014060974121,0
2020-04-14,4.650000095367432,4.880000114440918,4.599999904632568,4.599999904632568,4.385471820831299,3400
2020-04-15,4.599999904632568,4.599999904632568,4.599999904632568,4.599999904632568,4.385471820831299,0
2020-04-16,4.874000072479248,4.920000076293945,4.75,4.75,4.528475761413574,600
2020-04-17,4.699999809265137,4.801000118255615,4.699999809265137,4.75,4.528475761413574,10100
2020-04-20,4.699999809265137,4.699999809265137,4.699999809265137,4.699999809265137,4.480807781219482,200
2020-04-21,4.699999809265137,4.699999809265137,4.699999809265137,4.699999809265137,4.480807781219482,0
2020-04-22,4.699999809265137,4.699999809265137,4.699999809265137,4.699999809265137,4.480807781219482,1200
2020-04-23,4.699999809265137,4.699999809265137,4.583000183105469,4.699999809265137,4.480807781219482,1900
2020-04-24,4.550000190734863,4.550000190734863,4.5,4.5,4.290134906768799,1500
2020-04-27,4.5,4.5,4.5,4.5,4.290134906768799,0
2020-04-28,4.699999809265137,4.699999809265137,4.699999809265137,4.699999809265137,4.480807781219482,100
2020-04-29,4.699999809265137,4.699999809265137,4.599999904632568,4.599999904632568,4.385471820831299,3200
2020-04-30,4.699999809265137,4.699999809265137,4.650000095367432,4.659999847412109,4.442673206329346,14100
2020-05-01,4.699999809265137,4.920000076293945,4.679999828338623,4.679999828338623,4.461740016937256,19400
2020-05-04,4.699999809265137,6.050000190734863,4.010000228881836,4.619999885559082,4.404538631439209,142300
2020-05-05,4.349999904632568,4.699999809265137,4.349999904632568,4.489999771118164,4.280601978302002,14800
2020-05-06,4.300000190734863,4.559999942779541,4.300000190734863,4.309999942779541,4.108996391296387,6200
2020-05-07,4.25,4.329999923706055,3.8499999046325684,4.25,4.051794052124023,18400
2020-05-08,4.46999979019165,4.599999904632568,4.46999979019165,4.559000015258789,4.346384525299072,2500
2020-05-11,4.289999961853027,4.670000076293945,4.289999961853027,4.5,4.290134906768799,4300
2020-05-12,4.570000171661377,4.570000171661377,4.349999904632568,4.349999904632568,4.147130489349365,500
2020-05-13,4.505000114440918,4.679999828338623,4.335000038146973,4.679999828338623,4.461740016937256,1700
2020-05-14,4.130000114440918,4.36899995803833,4.130000114440918,4.25,4.051794052124023,1100
2020-05-15,4.349999904632568,4.380000114440918,4.349999904632568,4.380000114440918,4.175732135772705,3900
2020-05-18,4.380000114440918,4.679999828338623,4.380000114440918,4.679999828338623,4.461740016937256,1600
2020-05-19,4.574999809265137,4.574999809265137,4.349999904632568,4.428999900817871,4.222446441650391,3100
2020-05-20,4.400000095367432,4.679999828338623,4.400000095367432,4.679999828338623,4.461740016937256,4100
2020-05-21,4.699999809265137,4.699999809265137,4.599999904632568,4.599999904632568,4.385471820831299,3800
2020-05-22,4.514999866485596,4.670000076293945,4.5,4.670000076293945,4.501132965087891,700
2020-05-26,4.900000095367432,5.300000190734863,4.699999809265137,4.824999809265137,4.650527477264404,44200
2020-05-27,5.03000020980835,5.03000020980835,4.619999885559082,4.71999979019165,4.5493245124816895,10600
2020-05-28,4.900000095367432,4.900000095367432,4.659999847412109,4.659999847412109,4.4914937019348145,6500
2020-05-29,4.800000190734863,4.849999904632568,4.659999847412109,4.849999904632568,4.674623489379883,1400
2020-06-01,4.860000133514404,5.0,4.699999809265137,4.96999979019165,4.790284633636475,8500
2020-06-02,4.960000038146973,5.0,4.909999847412109,5.0,4.819199562072754,10600
2020-06-03,5.0,5.050000190734863,4.933000087738037,5.050000190734863,4.867391586303711,6500
2020-06-04,4.954999923706055,5.039999961853027,4.889999866485596,5.0,4.819199562072754,16800
2020-06-05,5.0,5.0,4.949999809265137,4.949999809265137,4.771007061004639,28200
2020-06-08,4.980000019073486,5.0,4.900000095367432,4.900000095367432,4.722815990447998,16400
2020-06-09,5.0,5.0,4.900000095367432,5.0,4.819199562072754,9900
2020-06-10,5.0,5.0,4.909999847412109,4.989999771118164,4.809561729431152,3300
2020-06-11,4.949999809265137,4.989999771118164,4.800000190734863,4.880000114440918,4.70353889465332,16600
2020-06-12,4.989999771118164,4.989999771118164,4.599999904632568,4.849999904632568,4.674623489379883,5100
2020-06-15,4.610000133514404,4.929999828338623,4.610000133514404,4.929999828338623,4.751730442047119,700
2020-06-16,4.989999771118164,4.989999771118164,4.835999965667725,4.869999885559082,4.693900108337402,3000
2020-06-17,4.809999942779541,4.96999979019165,4.809999942779541,4.940000057220459,4.761369705200195,1100
2020-06-18,4.980000019073486,4.980000019073486,4.800000190734863,4.800000190734863,4.626431941986084,1500
2020-06-19,4.820000171661377,4.829999923706055,4.820000171661377,4.829999923706055,4.6553473472595215,1400
2020-06-22,4.751999855041504,4.800000190734863,4.320000171661377,4.800000190734863,4.626431941986084,23900
2020-06-23,4.769999980926514,4.909999847412109,4.673999786376953,4.673999786376953,4.5049872398376465,3600
2020-06-24,4.804999828338623,4.804999828338623,4.650000095367432,4.71999979019165,4.5493245124816895,7400
2020-06-25,4.789999961853027,4.949999809265137,4.75,4.900000095367432,4.722815990447998,10100
2020-06-26,4.894999980926514,4.989999771118164,4.894999980926514,4.989999771118164,4.809561729431152,5100
2020-06-29,5.099999904632568,5.099999904632568,4.75,4.760000228881836,4.587878704071045,30600
2020-06-30,4.619999885559082,4.900000095367432,4.610000133514404,4.869999885559082,4.693900108337402,13900
2020-07-01,4.900000095367432,5.0,4.869999885559082,4.900000095367432,4.722815990447998,22800
2020-07-02,5.0,5.0,4.840000152587891,4.940000057220459,4.761369705200195,3600
2020-07-06,4.739999771118164,4.869999885559082,4.730000019073486,4.849999904632568,4.674623489379883,4300
2020-07-07,4.849999904632568,4.849999904632568,4.400000095367432,4.5,4.337279319763184,20600
2020-07-08,4.543000221252441,4.574999809265137,4.400000095367432,4.486999988555908,4.32474946975708,12400
2020-07-09,4.34499979019165,4.389999866485596,4.260000228881836,4.3520002365112305,4.194631099700928,34800
2020-07-10,4.429999828338623,4.659999847412109,4.420000076293945,4.510000228881836,4.34691858291626,84400
2020-07-13,4.46999979019165,4.650000095367432,4.429999828338623,4.429999828338623,4.269810676574707,2300
2020-07-14,4.650000095367432,4.650000095367432,4.570000171661377,4.590000152587891,4.424025535583496,2700
2020-07-15,4.554999828338623,5.0,4.494999885559082,4.820000171661377,4.645708084106445,28200
2020-07-16,4.650000095367432,4.890999794006348,4.630000114440918,4.800000190734863,4.626431941986084,84000
2020-07-17,4.801000118255615,4.860000133514404,4.699999809265137,4.800000190734863,4.626431941986084,1800
2020-07-20,4.679999828338623,4.980000019073486,4.659999847412109,4.96999979019165,4.790284633636475,10900
2020-07-21,4.800000190734863,4.920000076293945,4.800000190734863,4.800000190734863,4.626431941986084,3400
2020-07-22,4.747000217437744,4.800000190734863,4.747000217437744,4.75,4.578239440917969,13900
2020-07-23,4.732999801635742,4.75,4.675000190734863,4.75,4.578239440917969,1000
2020-07-24,4.75,4.75,4.630000114440918,4.6479997634887695,4.4799275398254395,2600
2020-07-27,4.699999809265137,4.704999923706055,4.650000095367432,4.699999809265137,4.530047416687012,8700
2020-07-28,4.670000076293945,4.739999771118164,4.550000190734863,4.699999809265137,4.530047416687012,24300
2020-07-29,4.690000057220459,4.800000190734863,4.679999828338623,4.78000020980835,4.6071553230285645,16100
2020-07-30,4.769999980926514,4.800000190734863,4.630000114440918,4.789999961853027,4.616793155670166,40700
2020-07-31,4.699999809265137,4.769999980926514,4.409999847412109,4.409999847412109,4.250533580780029,14200
2020-08-03,4.5,4.559999942779541,4.409999847412109,4.460000038146973,4.2987260818481445,32300
2020-08-04,4.497000217437744,4.497000217437744,4.380000114440918,4.400000095367432,4.240896224975586,19100
2020-08-05,4.519999980926514,4.519999980926514,4.329999923706055,4.380000114440918,4.221619129180908,39100
2020-08-06,4.364999771118164,4.570000171661377,4.364999771118164,4.449999809265137,4.289087772369385,19300
2020-08-07,4.474999904632568,4.599999904632568,4.465000152587891,4.599999904632568,4.433663845062256,1400
2020-08-10,4.559999942779541,4.710000038146973,4.449999809265137,4.590000152587891,4.424025535583496,19600
2020-08-11,4.5,4.519999980926514,4.349999904632568,4.5,4.337279319763184,42500
2020-08-12,4.53000020980835,4.599999904632568,4.320000171661377,4.400000095367432,4.240896224975586,35400
2020-08-13,4.849999904632568,5.329999923706055,4.539999961853027,4.690000057220459,4.52040958404541,188000
2020-08-14,4.578999996185303,4.735000133514404,4.578999996185303,4.670000076293945,4.549636363983154,23300
2020-08-17,4.820000171661377,4.820000171661377,4.510000228881836,4.679999828338623,4.559378147125244,25400
2020-08-18,4.679999828338623,4.800000190734863,4.610000133514404,4.659999847412109,4.539893627166748,16500
2020-08-19,4.605000019073486,4.679999828338623,4.579999923706055,4.599999904632568,4.481440544128418,4900
2020-08-20,4.650000095367432,4.739999771118164,4.520999908447266,4.650000095367432,4.530151844024658,32000
2020-08-21,4.760000228881836,4.760000228881836,4.460000038146973,4.619999885559082,4.500924110412598,12200
2020-08-24,4.800000190734863,4.800000190734863,4.630000114440918,4.699999809265137,4.57886266708374,5300
2020-08-25,4.78000020980835,4.78000020980835,4.679999828338623,4.71999979019165,4.598347187042236,4900
2020-08-26,4.650000095367432,4.789999961853027,4.650000095367432,4.670000076293945,4.549636363983154,12500
2020-08-27,4.539999961853027,4.703000068664551,4.519999980926514,4.659999847412109,4.539893627166748,4100
2020-08-28,4.630000114440918,4.989999771118164,4.630000114440918,4.769000053405762,4.646084785461426,35600
2020-08-31,4.835000038146973,4.880000114440918,4.800000190734863,4.800000190734863,4.676285743713379,14600
2020-09-01,4.869999885559082,4.869999885559082,4.702000141143799,4.841000080108643,4.71622896194458,8000
2020-09-02,4.765999794006348,5.099999904632568,4.690000057220459,5.010000228881836,4.880873203277588,35200
2020-09-03,5.019999980926514,5.099999904632568,4.900000095367432,5.099999904632568,4.96855354309082,28500
2020-09-04,5.190000057220459,5.190000057220459,4.809999942779541,5.0,4.87113094329834,9700
2020-09-08,4.861000061035156,5.659999847412109,4.860000133514404,4.989999771118164,4.861388683319092,322100
2020-09-09,5.050000190734863,5.050000190734863,4.760000228881836,4.8470001220703125,4.722074508666992,33700
2020-09-10,4.820000171661377,4.840000152587891,4.679999828338623,4.71999979019165,4.598347187042236,10400
2020-09-11,4.771999835968018,4.829999923706055,4.710999965667725,4.820000171661377,4.695769786834717,11600
2020-09-14,4.789999961853027,5.050000190734863,4.78000020980835,4.949999809265137,4.822419166564941,99200
2020-09-15,5.0,5.0,4.880000114440918,4.9039998054504395,4.777605056762695,35300
2020-09-16,4.989999771118164,5.0,4.889999866485596,4.889999866485596,4.763965606689453,18700
2020-09-17,5.0,5.25,4.829999923706055,4.900000095367432,4.773708343505859,217900
2020-09-18,4.960000038146973,5.079999923706055,4.880000114440918,4.900000095367432,4.773708343505859,54200
2020-09-21,4.900000095367432,4.900000095367432,4.519999980926514,4.563000202178955,4.445394515991211,36000
2020-09-22,4.670000076293945,4.78000020980835,4.635000228881836,4.659999847412109,4.539893627166748,20600
2020-09-23,4.639999866485596,4.639999866485596,4.519999980926514,4.519999980926514,4.403501987457275,13400
2020-09-24,4.519999980926514,4.650000095367432,4.519999980926514,4.650000095367432,4.530151844024658,14800
2020-09-25,4.715000152587891,4.789999961853027,4.570000171661377,4.579999923706055,4.461955547332764,9800
2020-09-28,4.599999904632568,4.619999885559082,4.449999809265137,4.510000228881836,4.3937602043151855,50400
2020-09-29,4.599999904632568,4.681000232696533,4.539999961853027,4.570000171661377,4.452213764190674,27700
2020-09-30,4.650000095367432,4.739999771118164,4.519999980926514,4.519999980926514,4.403501987457275,12400
2020-10-01,4.571000099182129,4.571000099182129,4.460000038146973,4.46999979019165,4.354790687561035,55400
2020-10-02,4.639999866485596,4.639999866485596,4.5,4.619999885559082,4.500924110412598,6100
2020-10-05,4.610000133514404,4.690000057220459,4.590000152587891,4.599999904632568,4.481440544128418,17800
2020-10-06,4.679999828338623,4.679999828338623,4.590000152587891,4.590000152587891,4.47169828414917,8500
2020-10-07,4.63100004196167,4.679999828338623,4.599999904632568,4.670000076293945,4.549636363983154,5600
2020-10-08,4.599999904632568,4.690000057220459,4.599999904632568,4.679999828338623,4.559378147125244,12800
2020-10-09,4.675000190734863,4.675000190734863,4.659999847412109,4.659999847412109,4.539893627166748,1800
2020-10-12,4.675000190734863,4.699999809265137,4.579999923706055,4.650000095367432,4.530151844024658,22300
2020-10-13,4.639999866485596,4.639999866485596,4.635000228881836,4.639999866485596,4.520409107208252,1900
2020-10-14,4.639999866485596,4.735000133514404,4.610000133514404,4.71999979019165,4.598347187042236,12500
2020-10-15,4.71999979019165,4.71999979019165,4.676000118255615,4.708000183105469,4.5866570472717285,2100
2020-10-16,4.699999809265137,4.789999961853027,4.685999870300293,4.739999771118164,4.617831707000732,17700
2020-10-19,4.760000228881836,4.849999904632568,4.670000076293945,4.670000076293945,4.549636363983154,18400
2020-10-20,4.670000076293945,4.800000190734863,4.619999885559082,4.739999771118164,4.617831707000732,14900
2020-10-21,4.670000076293945,4.800000190734863,4.670000076293945,4.789999961853027,4.666543483734131,22500
2020-10-22,4.75,4.9679999351501465,4.73799991607666,4.849999904632568,4.724997043609619,54200
2020-10-23,4.869999885559082,4.889999866485596,4.800000190734863,4.849999904632568,4.724997043609619,4500
2020-10-26,4.849999904632568,4.900000095367432,4.7230000495910645,4.840000152587891,4.715254783630371,40800
2020-10-27,4.919000148773193,5.199999809265137,4.849999904632568,4.900000095367432,4.773708343505859,64000
2020-10-28,4.880000114440918,4.880000114440918,4.71999979019165,4.75,4.6275739669799805,7800
2020-10-29,4.840000152587891,4.949999809265137,4.803999900817871,4.829999923706055,4.705512523651123,4400
2020-10-30,4.989999771118164,4.989999771118164,4.789999961853027,4.789999961853027,4.666543483734131,1600
2020-11-02,4.699999809265137,4.833000183105469,4.670000076293945,4.730000019073486,4.608089923858643,21100
2020-11-03,4.710000038146973,4.849999904632568,4.699999809265137,4.730000019073486,4.608089923858643,17900
2020-11-04,4.840000152587891,4.840000152587891,4.749000072479248,4.795000076293945,4.671414852142334,2300
2020-11-05,4.739999771118164,4.940000057220459,4.739999771118164,4.929999828338623,4.802934646606445,28300
2020-11-06,4.940000057220459,4.949999809265137,4.860000133514404,4.909999847412109,4.783450126647949,6800
2020-11-09,4.829999923706055,5.051000118255615,4.829999923706055,4.954999923706055,4.8272905349731445,15700
2020-11-10,4.849999904632568,5.110000133514404,4.849999904632568,5.099999904632568,4.96855354309082,38700
2020-11-11,5.085000038146973,5.4079999923706055,5.059999942779541,5.210000038146973,5.075718402862549,19400
2020-11-12,5.309999942779541,5.489999771118164,4.96999979019165,4.980000019073486,4.8516459465026855,122700
2020-11-13,5.1020002365112305,5.199999809265137,4.958000183105469,5.050000190734863,4.969738960266113,31400
2020-11-16,5.199999809265137,5.300000190734863,5.019999980926514,5.019999980926514,4.940215587615967,62600
2020-11-17,5.050000190734863,5.139999866485596,5.019999980926514,5.019999980926514,4.940215587615967,38000
2020-11-18,5.090000152587891,5.119999885559082,4.909999847412109,4.989999771118164,4.91069221496582,28500
2020-11-19,5.079999923706055,5.079999923706055,4.900000095367432,5.010000228881836,4.930375099182129,21300
2020-11-20,4.960999965667725,5.179999828338623,4.960999965667725,5.019999980926514,4.940215587615967,9900
2020-11-23,5.110000133514404,5.329999923706055,5.010000228881836,5.059999942779541,4.979579925537109,39200
2020-11-24,5.019999980926514,5.199999809265137,5.019999980926514,5.079999923706055,4.999261856079102,16300
2020-11-25,5.059999942779541,5.255000114440918,5.059999942779541,5.25,5.166560649871826,36200
2020-11-27,5.25,5.409999847412109,5.25,5.36899995803833,5.2836689949035645,4200
2020-11-30,5.429999828338623,5.429999828338623,5.349999904632568,5.429999828338623,5.3436994552612305,14200
2020-12-01,5.440000057220459,5.452000141143799,5.25,5.28000020980835,5.196084022521973,15000
2020-12-02,5.289999961853027,5.300000190734863,5.204999923706055,5.300000190734863,5.215765953063965,11000
2020-12-03,5.300000190734863,5.429999828338623,5.21999979019165,5.309999942779541,5.225606918334961,15600
2020-12-04,5.400000095367432,5.46999979019165,5.34499979019165,5.349999904632568,5.2649712562561035,20100
2020-12-07,5.304999828338623,5.480000019073486,5.304999828338623,5.480000019073486,5.392905235290527,14000
2020-12-08,5.480000019073486,5.480000019073486,5.449999809265137,5.46999979019165,5.383063793182373,6100
2020-12-09,5.4770002365112305,5.4770002365112305,5.349999904632568,5.389999866485596,5.304335594177246,5900
2020-12-10,5.349999904632568,5.349999904632568,5.320000171661377,5.349999904632568,5.2649712562561035,7500
2020-12-11,5.349999904632568,5.394999980926514,5.300000190734863,5.300000190734863,5.215765953063965,5800
2020-12-14,5.289999961853027,5.360000133514404,5.289999961853027,5.300000190734863,5.215765953063965,11200
2020-12-15,5.349999904632568,5.440999984741211,5.289999961853027,5.329999923706055,5.245288848876953,1800
2020-12-16,5.349999904632568,5.400000095367432,5.315999984741211,5.320000171661377,5.235448360443115,3200
2020-12-17,5.320000171661377,5.389999866485596,5.311999797821045,5.320000171661377,5.235448360443115,33800
2020-12-18,5.400000095367432,5.400000095367432,5.320000171661377,5.320000171661377,5.235448360443115,6500
2020-12-21,5.46999979019165,5.489999771118164,5.349999904632568,5.349999904632568,5.2649712562561035,10700
2020-12-22,5.369999885559082,5.369999885559082,5.302000045776367,5.349999904632568,5.2649712562561035,7200
2020-12-23,5.489999771118164,5.650000095367432,5.449999809265137,5.599999904632568,5.510997772216797,39200
2020-12-24,5.599999904632568,5.624000072479248,5.519999980926514,5.519999980926514,5.432269096374512,6500
2020-12-28,5.599999904632568,5.869999885559082,5.599999904632568,5.829999923706055,5.73734188079834,34100
2020-12-29,5.920000076293945,6.0,5.760000228881836,5.960000038146973,5.865276336669922,20700
2020-12-30,6.079999923706055,6.260000228881836,5.929999828338623,6.146999835968018,6.049304008483887,48400
2020-12-31,6.230000019073486,6.300000190734863,5.849999904632568,5.849999904632568,5.75702428817749,32100
2021-01-04,6.0,6.21999979019165,5.666999816894531,5.760000228881836,5.668455123901367,21500
2021-01-05,5.699999809265137,5.980000019073486,5.699999809265137,5.869999885559082,5.776706695556641,13900
2021-01-06,5.929999828338623,6.0,5.900000095367432,5.920000076293945,5.8259124755859375,10500
2021-01-07,5.986000061035156,6.03000020980835,5.949999809265137,6.010000228881836,5.914482116699219,9900
2021-01-08,6.03000020980835,6.070000171661377,5.965000152587891,6.070000171661377,5.9735283851623535,9200
2021-01-11,6.119999885559082,6.119999885559082,5.920000076293945,5.989999771118164,5.89479923248291,11100
2021-01-12,5.929999828338623,6.090000152587891,5.929999828338623,5.980000019073486,5.884958744049072,22900
2021-01-13,5.914000034332275,6.091000080108643,5.914000034332275,6.070000171661377,5.9735283851623535,2700
2021-01-14,6.039999961853027,6.039999961853027,5.800000190734863,5.900000095367432,5.806230068206787,24600
2021-01-15,5.909999847412109,5.909999847412109,5.630000114440918,5.710000038146973,5.61924934387207,12000
2021-01-19,6.0,6.039999961853027,5.800000190734863,5.869999885559082,5.776706695556641,27100
2021-01-20,6.050000190734863,6.050000190734863,5.699999809265137,5.784999847412109,5.693057060241699,25800
2021-01-21,5.931000232696533,5.979000091552734,5.760000228881836,5.770999908447266,5.679279804229736,14500
2021-01-22,5.860000133514404,5.860000133514404,5.670000076293945,5.699999809265137,5.609408378601074,13100
2021-01-25,5.789999961853027,5.789999961853027,5.619999885559082,5.650000095367432,5.5602030754089355,15900
2021-01-26,5.690000057220459,5.699999809265137,5.599999904632568,5.617000102996826,5.527728080749512,15400
2021-01-27,5.599999904632568,5.599999904632568,5.289999961853027,5.340000152587891,5.255130290985107,26900
2021-01-28,5.340000152587891,5.482999801635742,5.340000152587891,5.409999847412109,5.324017524719238,7300
2021-01-29,5.400000095367432,6.340000152587891,5.300000190734863,5.820000171661377,5.727501392364502,170100
2021-02-01,5.820000171661377,5.820000171661377,5.429999828338623,5.599999904632568,5.510997772216797,35300
2021-02-02,5.699999809265137,5.789999961853027,5.599999904632568,5.650000095367432,5.5602030754089355,22000
2021-02-03,5.690000057220459,5.820000171661377,5.659999847412109,5.75,5.658613681793213,33600
2021-02-04,5.760000228881836,5.760000228881836,5.619999885559082,5.699999809265137,5.609408378601074,17800
2021-02-05,5.699999809265137,5.730000019073486,5.65500020980835,5.690000057220459,5.599567413330078,41300
2021-02-08,5.909999847412109,5.909999847412109,5.699999809265137,5.849999904632568,5.75702428817749,24400
2021-02-09,5.809999942779541,6.150000095367432,5.730000019073486,6.059999942779541,5.963686943054199,67200
2021-02-10,6.130000114440918,6.159999847412109,5.869999885559082,5.980000019073486,5.884958744049072,58900
2021-02-11,5.960000038146973,6.050000190734863,5.840000152587891,6.050000190734863,5.953845977783203,32100
2021-02-12,5.931000232696533,5.9720001220703125,5.869999885559082,5.96999979019165,5.924076557159424,16500
2021-02-16,5.960000038146973,6.150000095367432,5.920000076293945,6.150000095367432,6.102692127227783,25800
2021-02-17,6.130000114440918,6.139999866485596,5.829999923706055,5.96999979019165,5.924076557159424,13800
2021-02-18,5.880000114440918,5.989999771118164,5.880000114440918,5.989999771118164,5.943922519683838,11700
2021-02-19,5.949999809265137,6.070000171661377,5.949999809265137,6.070000171661377,6.023307800292969,4600
2021-02-22,6.099999904632568,6.099999904632568,5.96999979019165,6.0,5.953845977783203,5000
2021-02-23,6.0,6.132999897003174,5.75,5.800000190734863,5.75538444519043,30500
2021-02-24,5.806000232696533,5.888999938964844,5.806000232696533,5.860000133514404,5.81492280960083,6100
2021-02-25,5.800000190734863,5.965000152587891,5.769999980926514,5.840000152587891,5.795076847076416,68100
2021-02-26,5.800000190734863,5.875,5.789999961853027,5.789999961853027,5.745461463928223,16800
2021-03-01,6.019999980926514,6.019999980926514,5.840000152587891,5.840000152587891,5.795076847076416,23200
2021-03-02,5.980000019073486,5.980000019073486,5.848999977111816,5.863999843597412,5.818892002105713,2800
2021-03-03,5.900000095367432,6.139999866485596,5.849999904632568,6.139999866485596,6.092769145965576,34400
2021-03-04,6.130000114440918,6.130000114440918,5.840000152587891,5.920000076293945,5.874461650848389,56900
2021-03-05,5.989999771118164,6.0,5.800000190734863,5.909999847412109,5.864538192749023,10200
2021-03-08,6.059999942779541,6.059999942779541,5.849999904632568,6.019999980926514,5.973691940307617,15500
2021-03-09,6.0,6.008999824523926,5.809999942779541,6.008999824523926,5.9627766609191895,19200
2021-03-10,5.980000019073486,6.119999885559082,5.960000038146973,6.019999980926514,5.973691940307617,16700
2021-03-11,6.059999942779541,6.25,6.059999942779541,6.239999771118164,6.191999435424805,10900
2021-03-12,6.199999809265137,6.300000190734863,6.199999809265137,6.300000190734863,6.251538276672363,8000
2021-03-15,6.300000190734863,6.300000190734863,6.218999862670898,6.300000190734863,6.251538276672363,9900
2021-03-16,6.300000190734863,6.300000190734863,6.269999980926514,6.28000020980835,6.231692314147949,7000
2021-03-17,6.335999965667725,6.340000152587891,6.300000190734863,6.329999923706055,6.281307220458984,8100
2021-03-18,6.340000152587891,6.340000152587891,6.050000190734863,6.239999771118164,6.191999435424805,8200
2021-03-19,6.053999900817871,6.25,6.053999900817871,6.25,6.20192289352417,1400
2021-03-22,6.119999885559082,6.25,6.119999885559082,6.239999771118164,6.191999435424805,3300
2021-03-23,6.21999979019165,6.260000228881836,6.139999866485596,6.170000076293945,6.1225385665893555,8600
2021-03-24,6.170000076293945,6.199999809265137,5.75,5.789999961853027,5.745461463928223,20900
2021-03-25,5.820000171661377,6.079999923706055,5.809999942779541,6.0,5.953845977783203,82400
2021-03-26,5.900000095367432,6.099999904632568,5.900000095367432,5.989999771118164,5.943922519683838,49200
2021-03-29,5.909999847412109,6.019999980926514,5.909999847412109,6.019999980926514,5.973691940307617,13300
2021-03-30,5.96999979019165,6.0,5.929999828338623,5.994999885559082,5.9488844871521,11300
2021-03-31,5.980000019073486,6.349999904632568,5.980000019073486,6.300000190734863,6.251538276672363,38100
2021-04-01,6.400000095367432,6.869999885559082,6.400000095367432,6.800000190734863,6.747692108154297,88800
2021-04-05,6.800000190734863,6.949999809265137,6.599999904632568,6.610000133514404,6.5591535568237305,93500
2021-04-06,6.659999847412109,6.929999828338623,6.639999866485596,6.690000057220459,6.638538360595703,15700
2021-04-07,6.730000019073486,6.783999919891357,6.650000095367432,6.690000057220459,6.638538360595703,13700
2021-04-08,6.78000020980835,6.886000156402588,6.699999809265137,6.71999979019165,6.668307304382324,5000
2021-04-09,6.699999809265137,6.699999809265137,6.550000190734863,6.659999847412109,6.608768939971924,6600
2021-04-12,6.71999979019165,6.929999828338623,6.679999828338623,6.860000133514404,6.807230472564697,15700
2021-04-13,6.840000152587891,6.840000152587891,6.699999809265137,6.71999979019165,6.668307304382324,9700
2021-04-14,6.800000190734863,6.880000114440918,6.7220001220703125,6.789999961853027,6.73776912689209,4800
2021-04-15,6.789999961853027,6.789999961853027,6.599999904632568,6.699999809265137,6.64846134185791,8500
2021-04-16,6.703000068664551,6.8520002365112305,6.610000133514404,6.635000228881836,6.583961486816406,7200
2021-04-19,6.599999904632568,6.619999885559082,6.599999904632568,6.599999904632568,6.549230575561523,8000
2021-04-20,6.610000133514404,6.760000228881836,6.599999904632568,6.630000114440918,6.578999996185303,6800
2021-04-21,6.71999979019165,6.900000095367432,6.671999931335449,6.78000020980835,6.727846145629883,9700
2021-04-22,6.815999984741211,6.920000076293945,6.815999984741211,6.889999866485596,6.836999893188477,13500
2021-04-23,6.900000095367432,6.900000095367432,6.839000225067139,6.840000152587891,6.787384510040283,1000
2021-04-26,6.888999938964844,6.888999938964844,6.769999980926514,6.769999980926514,6.717922687530518,2300
2021-04-27,6.736000061035156,6.75,6.699999809265137,6.699999809265137,6.64846134185791,2400
2021-04-28,6.735000133514404,6.78000020980835,6.650000095367432,6.78000020980835,6.727846145629883,6700
2021-04-29,6.71999979019165,6.840000152587891,6.699999809265137,6.699999809265137,6.64846134185791,1200
2021-04-30,6.71999979019165,6.71999979019165,6.599999904632568,6.599999904632568,6.549230575561523,3200
2021-05-03,6.550000190734863,6.630000114440918,6.5,6.630000114440918,6.578999996185303,15600
2021-05-04,6.510000228881836,6.550000190734863,6.349999904632568,6.394999980926514,6.3458075523376465,16600
2021-05-05,6.447000026702881,6.454999923706055,6.400000095367432,6.414999961853027,6.3656535148620605,2500
2021-05-06,6.739999771118164,6.75,6.349999904632568,6.349999904632568,6.301153659820557,6400
2021-05-07,6.341000080108643,6.440000057220459,6.301000118255615,6.440000057220459,6.390461444854736,5300
2021-05-10,6.670000076293945,6.760000228881836,6.591000080108643,6.75,6.6980767250061035,6300
2021-05-11,6.400000095367432,6.690000057220459,6.400000095367432,6.690000057220459,6.638538360595703,5400
2021-05-12,6.639999866485596,6.639999866485596,6.400000095367432,6.434999942779541,6.385499954223633,20600
2021-05-13,6.485000133514404,6.758999824523926,6.485000133514404,6.599999904632568,6.549230575561523,4400
2021-05-14,6.510000228881836,6.710000038146973,6.449999809265137,6.489999771118164,6.4400763511657715,24800
2021-05-17,6.46999979019165,6.46999979019165,6.400000095367432,6.460000038146973,6.41030740737915,5400
2021-05-18,6.479000091552734,6.489999771118164,6.4079999923706055,6.449999809265137,6.400384426116943,1800
2021-05-19,6.420000076293945,6.46999979019165,6.420000076293945,6.449999809265137,6.400384426116943,1500
2021-05-20,6.420000076293945,6.5,6.420000076293945,6.465000152587891,6.415269374847412,4600
2021-05-21,6.480000019073486,6.5,6.459000110626221,6.5,6.449999809265137,3300
2021-05-24,6.429999828338623,6.5,6.309999942779541,6.489999771118164,6.489999771118164,14400
2021-05-25,6.289999961853027,6.480000019073486,6.289999961853027,6.309999942779541,6.309999942779541,12000
2021-05-26,6.300000190734863,6.300000190734863,6.099999904632568,6.110000133514404,6.110000133514404,13500
2021-05-27,6.130000114440918,6.349999904632568,6.130000114440918,6.255000114440918,6.255000114440918,15100
2021-05-28,6.150000095367432,6.440999984741211,6.099999904632568,6.118000030517578,6.118000030517578,13100
2021-06-01,6.449999809265137,6.449999809265137,6.210000038146973,6.409999847412109,6.409999847412109,1900
2021-06-02,6.210000038146973,6.497000217437744,6.210000038146973,6.289999961853027,6.289999961853027,5600
2021-06-03,6.380000114440918,6.389999866485596,6.21999979019165,6.21999979019165,6.21999979019165,1700
2021-06-04,6.26800012588501,6.400000095367432,6.260000228881836,6.400000095367432,6.400000095367432,4500
2021-06-07,6.300000190734863,6.320000171661377,6.210000038146973,6.289999961853027,6.289999961853027,9200
2021-06-08,6.269999980926514,6.300000190734863,6.269999980926514,6.289999961853027,6.289999961853027,3200
2021-06-09,6.460000038146973,6.489999771118164,6.300000190734863,6.300000190734863,6.300000190734863,3600
2021-06-10,6.400000095367432,6.5,6.400000095367432,6.449999809265137,6.449999809265137,3800
2021-06-11,6.5,6.5,6.349999904632568,6.349999904632568,6.349999904632568,8000
2021-06-14,6.5,6.5,6.329999923706055,6.329999923706055,6.329999923706055,17600
2021-06-15,6.440000057220459,6.440000057220459,6.440000057220459,6.440000057220459,6.440000057220459,400
2021-06-16,6.300000190734863,6.300000190734863,6.260000228881836,6.260000228881836,6.260000228881836,2100
2021-06-17,6.453999996185303,6.4720001220703125,6.25,6.300000190734863,6.300000190734863,2900
2021-06-18,6.300000190734863,6.409999847412109,6.300000190734863,6.409999847412109,6.409999847412109,12500
2021-06-21,6.488999843597412,6.489999771118164,6.263000011444092,6.388999938964844,6.388999938964844,8000
2021-06-22,6.5,6.609000205993652,6.28000020980835,6.360000133514404,6.360000133514404,18500
2021-06-23,6.610000133514404,6.610000133514404,6.420000076293945,6.420000076293945,6.420000076293945,7000
2021-06-24,6.400000095367432,6.670000076293945,6.320000171661377,6.329999923706055,6.329999923706055,6600
2021-06-25,6.320000171661377,6.449999809265137,6.320000171661377,6.449999809265137,6.449999809265137,9600
2021-06-28,6.400000095367432,6.400000095367432,6.360000133514404,6.360000133514404,6.360000133514404,2800
2021-06-29,6.480000019073486,6.880000114440918,6.480000019073486,6.610000133514404,6.610000133514404,62000
2021-06-30,6.690000057220459,6.690000057220459,6.369999885559082,6.659999847412109,6.659999847412109,25200
2021-07-01,6.639999866485596,6.659999847412109,6.519999980926514,6.610000133514404,6.610000133514404,4400
2021-07-02,6.630000114440918,7.75,6.630000114440918,7.230000019073486,7.230000019073486,425500
2021-07-06,7.309999942779541,7.360000133514404,6.900000095367432,6.909999847412109,6.909999847412109,48300
2021-07-07,6.860000133514404,7.110000133514404,6.619999885559082,6.650000095367432,6.650000095367432,43900
2021-07-08,6.5,6.840000152587891,6.5,6.699999809265137,6.699999809265137,27800
2021-07-09,6.900000095367432,7.170000076293945,6.820000171661377,7.130000114440918,7.130000114440918,78800
2021-07-12,7.079999923706055,7.099999904632568,7.010000228881836,7.099999904632568,7.099999904632568,8900
2021-07-13,7.177000045776367,7.179999828338623,7.010000228881836,7.010000228881836,7.010000228881836,9900
2021-07-14,6.610000133514404,7.099999904632568,6.610000133514404,6.989999771118164,6.989999771118164,5800
2021-07-15,7.050000190734863,7.079999923706055,7.039000034332275,7.067999839782715,7.067999839782715,5300
2021-07-16,7.039999961853027,7.039999961853027,6.960000038146973,7.0,7.0,5000
2021-07-19,6.900000095367432,7.025000095367432,6.900000095367432,6.929999828338623,6.929999828338623,19900
2021-07-20,7.090000152587891,7.090000152587891,6.949999809265137,6.949999809265137,6.949999809265137,11100
2021-07-21,7.050000190734863,7.179999828338623,7.050000190734863,7.059999942779541,7.059999942779541,14500
2021-07-22,7.150000095367432,7.150000095367432,7.010000228881836,7.139999866485596,7.139999866485596,3900
2021-07-23,7.11899995803833,7.130000114440918,7.011000156402588,7.019999980926514,7.019999980926514,6300
2021-07-26,7.099999904632568,7.168000221252441,7.050000190734863,7.050000190734863,7.050000190734863,2700
2021-07-27,7.110000133514404,7.150000095367432,7.050000190734863,7.138999938964844,7.138999938964844,3800
2021-07-28,7.199999809265137,7.199999809265137,7.059999942779541,7.190000057220459,7.190000057220459,2500
2021-07-29,7.199999809265137,7.269999980926514,7.199999809265137,7.25,7.25,5800
2021-07-30,7.289999961853027,7.289999961853027,7.130000114440918,7.1539998054504395,7.1539998054504395,3200
2021-08-02,7.099999904632568,7.28000020980835,7.099999904632568,7.25,7.25,8700
2021-08-03,7.300000190734863,7.920000076293945,7.300000190734863,7.710000038146973,7.710000038146973,133300
2021-08-04,7.800000190734863,8.270000457763672,7.706999778747559,7.835000038146973,7.835000038146973,87200
2021-08-05,7.789999961853027,7.829999923706055,7.552000045776367,7.800000190734863,7.800000190734863,5500
2021-08-06,7.789999961853027,8.083999633789062,7.75,7.789999961853027,7.789999961853027,6800
2021-08-09,7.880000114440918,7.880000114440918,7.550000190734863,7.590000152587891,7.590000152587891,17400
2021-08-10,7.599999904632568,7.71999979019165,7.550000190734863,7.550000190734863,7.550000190734863,18100
2021-08-11,8.109999656677246,8.289999961853027,7.820000171661377,7.860000133514404,7.860000133514404,66600
2021-08-12,7.940000057220459,8.234999656677246,7.849999904632568,8.119999885559082,8.119999885559082,48800
2021-08-13,8.109999656677246,8.109999656677246,7.840000152587891,7.9770002365112305,7.9770002365112305,20500
2021-08-16,7.960000038146973,7.960000038146973,7.840000152587891,7.940000057220459,7.940000057220459,11900
2021-08-17,7.860000133514404,7.96999979019165,7.829999923706055,7.860000133514404,7.860000133514404,14800
2021-08-18,7.960000038146973,7.960000038146973,7.800000190734863,7.840000152587891,7.840000152587891,11100
2021-08-19,7.929999828338623,7.929999828338623,7.820000171661377,7.840000152587891,7.840000152587891,11700
2021-08-20,7.960000038146973,7.96999979019165,7.800000190734863,7.829999923706055,7.829999923706055,19300
2021-08-23,8.0,8.0,7.800000190734863,7.840000152587891,7.840000152587891,22200
2021-08-24,7.840000152587891,7.980000019073486,7.75,7.800000190734863,7.800000190734863,42100
2021-08-25,7.78000020980835,7.869999885559082,7.78000020980835,7.800000190734863,7.800000190734863,7300
2021-08-26,7.760000228881836,7.939000129699707,7.760000228881836,7.820000171661377,7.820000171661377,20800
2021-08-27,7.96999979019165,8.0,7.820000171661377,7.900000095367432,7.900000095367432,134000
2021-08-30,7.929999828338623,8.0,7.869999885559082,7.940000057220459,7.940000057220459,62000
2021-08-31,7.940000057220459,8.170000076293945,7.829999923706055,7.900000095367432,7.900000095367432,57500
2021-09-01,7.889999866485596,7.960000038146973,7.760000228881836,7.840000152587891,7.840000152587891,43000
2021-09-02,7.849999904632568,7.849999904632568,7.760000228881836,7.800000190734863,7.800000190734863,22800
2021-09-03,7.809999942779541,7.829999923706055,7.730000019073486,7.820000171661377,7.820000171661377,12000
2021-09-07,7.809999942779541,7.809999942779541,7.630000114440918,7.690000057220459,7.690000057220459,23600
2021-09-08,7.670000076293945,7.730000019073486,7.616000175476074,7.650000095367432,7.650000095367432,2600
2021-09-09,7.599999904632568,7.769000053405762,7.53000020980835,7.559999942779541,7.559999942779541,9500
2021-09-10,7.630000114440918,7.760000228881836,7.52400016784668,7.550000190734863,7.550000190734863,15700
2021-09-13,7.710000038146973,7.730000019073486,7.5,7.550000190734863,7.550000190734863,26300
2021-09-14,7.5,7.60699987411499,7.5,7.5,7.5,8000
2021-09-15,7.5,7.5,7.309999942779541,7.340000152587891,7.340000152587891,7200
2021-09-16,7.309999942779541,7.940000057220459,7.309999942779541,7.630000114440918,7.630000114440918,34200
2021-09-17,7.840000152587891,7.980000019073486,7.679999828338623,7.760000228881836,7.760000228881836,36000
2021-09-20,7.550000190734863,8.039999961853027,7.550000190734863,7.75,7.75,37400
2021-09-21,7.638000011444092,8.045999526977539,7.619999885559082,7.699999809265137,7.699999809265137,22200
2021-09-22,7.78000020980835,8.199999809265137,7.78000020980835,8.050000190734863,8.050000190734863,52600
2021-09-23,8.140000343322754,8.25,7.869999885559082,7.869999885559082,7.869999885559082,62500
2021-09-24,7.820000171661377,8.229999542236328,7.559999942779541,7.869999885559082,7.869999885559082,44900
2021-09-27,7.800000190734863,8.09000015258789,7.690000057220459,7.989999771118164,7.989999771118164,86300
2021-09-28,7.829999923706055,9.199999809265137,7.75,8.140000343322754,8.140000343322754,469800
2021-09-29,8.170000076293945,8.6899995803833,7.860000133514404,7.860000133514404,7.860000133514404,62500
2021-09-30,7.050000190734863,7.050000190734863,6.699999809265137,6.71999979019165,6.71999979019165,971500
2021-10-01,6.840000152587891,7.050000190734863,6.800000190734863,7.039999961853027,7.039999961853027,78600
2021-10-04,7.059999942779541,7.179999828338623,6.900000095367432,7.0,7.0,105700
2021-10-05,7.03000020980835,7.289000034332275,6.960000038146973,7.25,7.25,31500
2021-10-06,7.28000020980835,7.699999809265137,7.269999980926514,7.53000020980835,7.53000020980835,53600
2021-10-07,7.53000020980835,7.605000019073486,7.21999979019165,7.25,7.25,55800
2021-10-08,7.300000190734863,7.5,7.300000190734863,7.46999979019165,7.46999979019165,26900
2021-10-11,7.300000190734863,7.380000114440918,7.090000152587891,7.159999847412109,7.159999847412109,57600
2021-10-12,7.130000114440918,7.2179999351501465,6.909999847412109,6.920000076293945,6.920000076293945,25400
2021-10-13,6.920000076293945,7.289999961853027,6.9079999923706055,6.940000057220459,6.940000057220459,56900
2021-10-14,6.989999771118164,7.010000228881836,6.800000190734863,6.800000190734863,6.800000190734863,76700
2021-10-15,6.869999885559082,7.03000020980835,6.579999923706055,6.650000095367432,6.650000095367432,122800
2021-10-18,6.75,6.849999904632568,6.599999904632568,6.730000019073486,6.730000019073486,59300
2021-10-19,6.800000190734863,6.965000152587891,6.679999828338623,6.75,6.75,43000
2021-10-20,6.880000114440918,6.889999866485596,6.679999828338623,6.730000019073486,6.730000019073486,29800
2021-10-21,6.784999847412109,7.039999961853027,6.349999904632568,6.53000020980835,6.53000020980835,154900
2021-10-22,6.519999980926514,6.519999980926514,6.360000133514404,6.5,6.5,22000
2021-10-25,6.429999828338623,6.579999923706055,6.329999923706055,6.389999866485596,6.389999866485596,30200
2021-10-26,6.409999847412109,6.590000152587891,6.394999980926514,6.480000019073486,6.480000019073486,22600
2021-10-27,6.480000019073486,6.480000019073486,6.329999923706055,6.449999809265137,6.449999809265137,18800
2021-10-28,6.449999809265137,6.53000020980835,6.349999904632568,6.400000095367432,6.400000095367432,32200
2021-10-29,6.400000095367432,6.590000152587891,6.400000095367432,6.550000190734863,6.550000190734863,5100
2021-11-01,6.53000020980835,6.769999980926514,6.53000020980835,6.769999980926514,6.769999980926514,24000
2021-11-02,6.699999809265137,7.010000228881836,6.644000053405762,6.809999942779541,6.809999942779541,57200
2021-11-03,6.900000095367432,7.019999980926514,6.769999980926514,6.96999979019165,6.96999979019165,99600
2021-11-04,6.960000038146973,7.21999979019165,6.960000038146973,7.159999847412109,7.159999847412109,41900
2021-11-05,7.199999809265137,7.349999904632568,7.190000057220459,7.329999923706055,7.329999923706055,38100
2021-11-08,7.25,7.460000038146973,7.190000057220459,7.320000171661377,7.320000171661377,59800
2021-11-09,7.21999979019165,7.440000057220459,7.21999979019165,7.400000095367432,7.400000095367432,17500
2021-11-10,7.420000076293945,7.473999977111816,7.289999961853027,7.289999961853027,7.289999961853027,24400
2021-11-11,7.5,7.5,7.150000095367432,7.190000057220459,7.190000057220459,124700
2021-11-12,7.289999961853027,7.449999809265137,7.230000019073486,7.329999923706055,7.329999923706055,50700
2021-11-15,7.369999885559082,7.489999771118164,7.230000019073486,7.329999923706055,7.329999923706055,121200
2021-11-16,7.329999923706055,7.480000019073486,7.300000190734863,7.380000114440918,7.380000114440918,43400
2021-11-17,7.440000057220459,7.590000152587891,7.300000190734863,7.510000228881836,7.510000228881836,38900
2021-11-18,7.460000038146973,7.619999885559082,7.380000114440918,7.400000095367432,7.400000095367432,53400
2021-11-19,7.400000095367432,7.590000152587891,7.329999923706055,7.420000076293945,7.420000076293945,28100
2021-11-22,7.420000076293945,7.579999923706055,7.380000114440918,7.389999866485596,7.389999866485596,29700
2021-11-23,7.369999885559082,7.369999885559082,7.099999904632568,7.21999979019165,7.21999979019165,13100
2021-11-24,7.199999809265137,7.389999866485596,7.1570000648498535,7.309999942779541,7.309999942779541,5000
2021-11-26,7.199999809265137,7.400000095367432,7.050000190734863,7.090000152587891,7.090000152587891,25600
2021-11-29,7.21999979019165,7.21999979019165,6.920000076293945,7.039999961853027,7.039999961853027,21300
2021-11-30,7.110000133514404,7.239999771118164,7.039999961853027,7.119999885559082,7.119999885559082,5800
2021-12-01,7.071000099182129,7.071000099182129,6.739999771118164,6.75,6.75,29900
2021-12-02,6.75,6.900000095367432,6.610000133514404,6.710000038146973,6.710000038146973,23500
2021-12-03,6.809999942779541,6.809999942779541,6.650000095367432,6.78000020980835,6.78000020980835,10900
2021-12-06,6.800000190734863,6.900000095367432,6.650000095367432,6.75,6.75,16500
2021-12-07,6.690000057220459,6.760000228881836,6.670000076293945,6.670000076293945,6.670000076293945,28600
2021-12-08,6.730000019073486,7.099999904632568,6.630000114440918,6.630000114440918,6.630000114440918,16000
2021-12-09,6.699999809265137,6.789999961853027,6.599999904632568,6.670000076293945,6.670000076293945,31100
2021-12-10,6.690000057220459,6.75,6.550000190734863,6.699999809265137,6.699999809265137,14300
2021-12-13,6.510000228881836,6.769999980926514,6.510000228881836,6.635000228881836,6.635000228881836,16100
2021-12-14,6.510000228881836,6.670000076293945,6.510000228881836,6.610000133514404,6.610000133514404,9600
2021-12-15,6.730000019073486,6.769999980926514,6.550000190734863,6.590000152587891,6.590000152587891,11100
2021-12-16,6.579999923706055,6.670000076293945,6.550000190734863,6.550000190734863,6.550000190734863,12600
2021-12-17,6.610000133514404,6.760000228881836,6.53000020980835,6.53000020980835,6.53000020980835,33200
2021-12-20,6.53000020980835,6.670000076293945,6.449999809265137,6.619999885559082,6.619999885559082,17600
2021-12-21,6.550000190734863,6.701000213623047,6.53000020980835,6.610000133514404,6.610000133514404,7500
2021-12-22,6.699999809265137,6.760000228881836,6.550000190734863,6.75,6.75,12100
2021-12-23,6.75,6.75,6.651000022888184,6.699999809265137,6.699999809265137,7000
2021-12-27,6.710000038146973,6.75,6.599999904632568,6.610000133514404,6.610000133514404,28400
2021-12-28,6.599999904632568,6.610000133514404,6.5,6.5,6.5,13300
2021-12-29,6.550000190734863,6.590000152587891,6.460000038146973,6.46999979019165,6.46999979019165,17000
2021-12-30,6.5,6.5,6.429999828338623,6.46999979019165,6.46999979019165,21100
2021-12-31,6.5,6.5,6.46999979019165,6.46999979019165,6.46999979019165,11100
2022-01-03,6.59499979019165,6.699999809265137,6.5,6.679999828338623,6.679999828338623,10900
2022-01-04,6.639999866485596,6.670000076293945,6.550000190734863,6.599999904632568,6.599999904632568,5300
2022-01-05,6.639999866485596,6.650000095367432,6.550000190734863,6.550000190734863,6.550000190734863,10900
2022-01-06,6.800000190734863,6.809999942779541,6.409999847412109,6.420000076293945,6.420000076293945,25100
2022-01-07,6.590000152587891,6.590000152587891,6.409999847412109,6.559999942779541,6.559999942779541,5100
2022-01-10,6.579999923706055,6.579999923706055,6.460000038146973,6.550000190734863,6.550000190734863,6200
2022-01-11,6.670000076293945,6.670000076293945,6.599999904632568,6.639999866485596,6.639999866485596,6200
2022-01-12,6.650000095367432,6.789999961853027,6.650000095367432,6.739999771118164,6.739999771118164,34800
2022-01-13,6.789999961853027,6.789999961853027,6.690000057220459,6.739999771118164,6.739999771118164,12800
2022-01-14,6.739999771118164,6.739999771118164,6.659999847412109,6.690000057220459,6.690000057220459,1900
2022-01-18,6.699999809265137,6.75,6.5,6.650000095367432,6.650000095367432,21800
2022-01-19,6.599999904632568,6.63700008392334,6.53000020980835,6.579999923706055,6.579999923706055,7900
2022-01-20,6.510000228881836,6.590000152587891,6.5,6.5,6.5,4500
2022-01-21,6.520999908447266,6.730000019073486,6.5,6.510000228881836,6.510000228881836,6100
2022-01-24,6.5,6.659999847412109,6.179999828338623,6.539999961853027,6.539999961853027,51700
2022-01-25,6.539999961853027,6.630000114440918,6.340000152587891,6.610000133514404,6.610000133514404,19200
2022-01-26,6.679999828338623,6.699999809265137,6.434000015258789,6.650000095367432,6.650000095367432,23300
2022-01-27,6.71999979019165,6.738999843597412,6.210000038146973,6.400000095367432,6.400000095367432,15700
2022-01-28,6.440000057220459,6.440000057220459,5.949999809265137,6.019999980926514,6.019999980926514,21500
2022-01-31,6.03000020980835,6.309999942779541,6.03000020980835,6.21999979019165,6.21999979019165,4200
2022-02-01,6.122000217437744,6.309999942779541,6.122000217437744,6.309999942779541,6.309999942779541,3000
2022-02-02,6.170000076293945,6.360000133514404,6.119999885559082,6.269999980926514,6.269999980926514,7800
2022-02-03,6.199999809265137,6.28000020980835,6.159999847412109,6.159999847412109,6.159999847412109,4200
2022-02-04,6.0,6.243000030517578,5.989999771118164,6.243000030517578,6.243000030517578,20800
2022-02-07,6.199999809265137,6.239999771118164,6.0,6.119999885559082,6.119999885559082,16500
2022-02-08,6.019999980926514,6.139999866485596,6.019999980926514,6.139999866485596,6.139999866485596,2500
2022-02-09,6.150000095367432,6.300000190734863,6.118000030517578,6.27400016784668,6.27400016784668,19100
2022-02-10,6.599999904632568,6.789999961853027,6.420000076293945,6.5,6.5,34900
2022-02-11,6.5,6.771999835968018,6.400000095367432,6.400000095367432,6.400000095367432,81200
2022-02-14,6.480000019073486,6.599999904632568,6.334000110626221,6.5,6.5,33700
2022-02-15,6.639999866485596,6.869999885559082,6.489999771118164,6.739999771118164,6.739999771118164,55500
2022-02-16,6.659999847412109,6.75,6.599999904632568,6.75,6.75,21700
2022-02-17,6.730000019073486,6.900000095367432,6.679999828338623,6.829999923706055,6.829999923706055,46500
2022-02-18,6.807000160217285,6.815000057220459,6.724999904632568,6.760000228881836,6.760000228881836,4400
2022-02-22,6.760000228881836,7.0,6.760000228881836,7.0,7.0,41100
2022-02-23,7.019999980926514,7.360000133514404,7.019999980926514,7.099999904632568,7.099999904632568,74900
2022-02-24,7.199999809265137,7.340000152587891,7.171000003814697,7.28000020980835,7.28000020980835,35900
2022-02-25,7.25,7.484000205993652,7.25,7.36899995803833,7.36899995803833,26400
2022-02-28,7.480000019073486,7.53000020980835,7.21999979019165,7.309999942779541,7.309999942779541,36800
2022-03-01,7.260000228881836,7.340000152587891,7.110000133514404,7.25,7.25,23200
2022-03-02,7.210000038146973,7.348999977111816,7.210000038146973,7.210000038146973,7.210000038146973,22800
2022-03-03,7.28000020980835,7.349999904632568,7.21999979019165,7.349999904632568,7.349999904632568,16900
2022-03-04,7.269999980926514,7.340000152587891,7.019999980926514,7.03000020980835,7.03000020980835,23100
2022-03-07,7.050000190734863,7.110000133514404,6.960000038146973,6.960000038146973,6.960000038146973,56200
2022-03-08,7.039999961853027,7.039999961853027,6.769999980926514,6.920000076293945,6.920000076293945,25600
2022-03-09,7.019999980926514,7.050000190734863,6.980000019073486,7.019999980926514,7.019999980926514,24100
2022-03-10,7.039999961853027,7.050000190734863,6.949999809265137,6.960000038146973,6.960000038146973,14300
2022-03-11,7.039999961853027,7.039999961853027,6.96999979019165,6.96999979019165,6.96999979019165,7300
2022-03-14,6.949999809265137,6.9670000076293945,6.809999942779541,6.849999904632568,6.849999904632568,31800
2022-03-15,6.869999885559082,6.900000095367432,6.639999866485596,6.78000020980835,6.78000020980835,16400
2022-03-16,6.760000228881836,6.78000020980835,6.679999828338623,6.679999828338623,6.679999828338623,30200
2022-03-17,6.679999828338623,6.769999980926514,6.679999828338623,6.71999979019165,6.71999979019165,15200
2022-03-18,6.75,6.855000019073486,6.699999809265137,6.809999942779541,6.809999942779541,16500
2022-03-21,6.809999942779541,7.050000190734863,6.809999942779541,6.920000076293945,6.920000076293945,24000
2022-03-22,6.989999771118164,7.059999942779541,6.920000076293945,6.920000076293945,6.920000076293945,35500
2022-03-23,7.0,7.0,6.809999942779541,6.809999942779541,6.809999942779541,8600
2022-03-24,7.0,7.0,6.679999828338623,6.679999828338623,6.679999828338623,13600
2022-03-25,6.739999771118164,6.75,6.679999828338623,6.679999828338623,6.679999828338623,14900
2022-03-28,6.690000057220459,6.880000114440918,6.546000003814697,6.630000114440918,6.630000114440918,63500
2022-03-29,6.679999828338623,6.710000038146973,6.400000095367432,6.489999771118164,6.489999771118164,51500
2022-03-30,6.5,6.5,6.369999885559082,6.389999866485596,6.389999866485596,12300
2022-03-31,6.429999828338623,6.440000057220459,6.389999866485596,6.420000076293945,6.420000076293945,4200
2022-04-01,6.389999866485596,6.389999866485596,6.239999771118164,6.239999771118164,6.239999771118164,32300
2022-04-04,6.260000228881836,6.428999900817871,6.239999771118164,6.326000213623047,6.326000213623047,41300
2022-04-05,6.369999885559082,6.436999797821045,6.360000133514404,6.380000114440918,6.380000114440918,2100
2022-04-06,6.440000057220459,6.440000057220459,6.199999809265137,6.239999771118164,6.239999771118164,18700
2022-04-07,6.210000038146973,6.239999771118164,6.135000228881836,6.239999771118164,6.239999771118164,16600
2022-04-08,6.199999809265137,6.224999904632568,6.0,6.010000228881836,6.010000228881836,42000
2022-04-11,6.059999942779541,6.309999942779541,6.059999942779541,6.260000228881836,6.260000228881836,47500
2022-04-12,6.300000190734863,6.420000076293945,6.300000190734863,6.369999885559082,6.369999885559082,4000
2022-04-13,6.400000095367432,6.442999839782715,6.369999885559082,6.442999839782715,6.442999839782715,2600
2022-04-14,6.355000019073486,6.355000019073486,6.269999980926514,6.269999980926514,6.269999980926514,9900
2022-04-18,6.269999980926514,6.269999980926514,6.03000020980835,6.039999961853027,6.039999961853027,40900
2022-04-19,6.050000190734863,6.210000038146973,5.949999809265137,5.965000152587891,5.965000152587891,50000
2022-04-20,6.139999866485596,6.139999866485596,5.820000171661377,5.96999979019165,5.96999979019165,37900
2022-04-21,6.099999904632568,6.110000133514404,5.955999851226807,5.955999851226807,5.955999851226807,3500
2022-04-22,5.960000038146973,6.150000095367432,5.960000038146973,6.050000190734863,6.050000190734863,15300
2022-04-25,5.949999809265137,6.210000038146973,5.940000057220459,6.210000038146973,6.210000038146973,18400
2022-04-26,6.130000114440918,6.135000228881836,5.860000133514404,5.909999847412109,5.909999847412109,14900
2022-04-27,6.0,6.0,5.6579999923706055,5.659999847412109,5.659999847412109,8500
2022-04-28,5.650000095367432,5.869999885559082,5.400000095367432,5.576000213623047,5.576000213623047,39700
2022-04-29,6.017000198364258,6.017000198364258,5.570000171661377,5.590000152587891,5.590000152587891,8400
2022-05-02,5.610000133514404,5.900000095367432,5.610000133514404,5.760000228881836,5.760000228881836,26900
2022-05-03,5.859000205993652,6.199999809265137,5.690000057220459,5.690000057220459,5.690000057220459,12900
2022-05-04,5.75,6.059999942779541,5.619999885559082,6.059999942779541,6.059999942779541,14200
2022-05-05,6.239999771118164,6.239999771118164,5.320000171661377,5.400000095367432,5.400000095367432,36500
2022-05-06,5.300000190734863,5.53000020980835,5.300000190734863,5.479000091552734,5.479000091552734,11800
2022-05-09,5.429999828338623,5.46999979019165,5.380000114440918,5.46999979019165,5.46999979019165,12800
2022-05-10,5.46999979019165,5.46999979019165,5.380000114440918,5.461999893188477,5.461999893188477,5300
2022-05-11,5.449999809265137,5.480000019073486,5.400000095367432,5.443999767303467,5.443999767303467,8400
2022-05-12,5.449999809265137,5.864999771118164,5.420000076293945,5.789999961853027,5.789999961853027,16500
2022-05-13,5.800000190734863,6.039999961853027,5.800000190734863,5.860000133514404,5.860000133514404,78200
2022-05-16,5.730000019073486,6.0,5.675000190734863,5.980000019073486,5.980000019073486,48300
2022-05-17,6.111000061035156,6.210000038146973,5.989999771118164,6.150000095367432,6.150000095367432,11100
2022-05-18,6.150000095367432,6.150000095367432,5.909999847412109,5.909999847412109,5.909999847412109,15200
2022-05-19,5.909999847412109,6.230000019073486,5.900000095367432,5.900000095367432,5.900000095367432,40400
2022-05-20,5.989999771118164,6.099999904632568,5.900000095367432,5.920000076293945,5.920000076293945,43900
2022-05-23,6.0,6.139999866485596,5.989999771118164,6.099999904632568,6.099999904632568,50900
2022-05-24,6.099999904632568,6.159999847412109,6.099999904632568,6.159999847412109,6.159999847412109,1700
2022-05-25,6.139999866485596,6.139999866485596,6.109000205993652,6.119999885559082,6.119999885559082,5200
2022-05-26,6.050000190734863,6.880000114440918,6.050000190734863,6.570000171661377,6.570000171661377,96300
2022-05-27,6.53000020980835,6.53000020980835,6.320000171661377,6.380000114440918,6.380000114440918,12100
2022-05-31,6.369999885559082,6.5,6.320000171661377,6.5,6.5,17000
2022-06-01,6.489999771118164,6.630000114440918,6.489999771118164,6.599999904632568,6.599999904632568,6600
2022-06-02,6.550000190734863,6.690000057220459,6.413000106811523,6.449999809265137,6.449999809265137,19400
2022-06-03,6.579999923706055,6.699999809265137,6.414000034332275,6.570000171661377,6.570000171661377,2500
2022-06-06,6.619999885559082,6.690000057220459,6.5,6.590000152587891,6.590000152587891,17200
2022-06-07,6.650000095367432,6.710000038146973,6.590000152587891,6.590000152587891,6.590000152587891,10700
2022-06-08,6.679999828338623,6.690000057220459,6.570000171661377,6.570000171661377,6.570000171661377,6000
2022-06-09,6.559999942779541,6.559999942779541,6.309999942779541,6.349999904632568,6.349999904632568,6700
2022-06-10,6.22599983215332,6.550000190734863,6.22599983215332,6.53000020980835,6.53000020980835,2100
2022-06-13,6.380000114440918,6.380000114440918,6.0,6.059999942779541,6.059999942779541,11600
2022-06-14,6.289999961853027,6.329999923706055,5.440000057220459,5.690000057220459,5.690000057220459,94100
2022-06-15,5.800000190734863,5.960000038146973,5.710000038146973,5.769999980926514,5.769999980926514,11400
2022-06-16,5.900000095367432,5.900000095367432,5.5,5.5,5.5,11000
2022-06-17,5.739999771118164,6.699999809265137,5.550000190734863,6.699999809265137,6.699999809265137,65600
2022-06-21,6.289999961853027,6.75,5.840000152587891,5.889999866485596,5.889999866485596,30000
2022-06-22,5.800000190734863,5.800000190734863,5.669000148773193,5.78000020980835,5.78000020980835,9000
2022-06-23,5.489999771118164,5.5,5.170000076293945,5.170000076293945,5.170000076293945,38200
2022-06-24,5.179999828338623,5.264999866485596,5.159999847412109,5.210000038146973,5.210000038146973,39100
2022-06-27,5.210000038146973,5.210000038146973,4.849999904632568,4.869999885559082,4.869999885559082,60400
2022-06-28,4.869999885559082,4.869999885559082,4.760000228881836,4.800000190734863,4.800000190734863,50300
2022-06-29,4.829999923706055,4.840000152587891,4.590000152587891,4.809999942779541,4.809999942779541,20900
2022-06-30,4.800000190734863,4.90500020980835,4.699999809265137,4.710000038146973,4.710000038146973,39600
2022-07-01,4.699999809265137,4.880000114440918,4.699999809265137,4.869999885559082,4.869999885559082,4100
2022-07-05,4.869999885559082,4.869999885559082,4.699999809265137,4.71999979019165,4.71999979019165,22700
2022-07-06,4.730000019073486,4.78000020980835,4.699999809265137,4.75,4.75,9400
2022-07-07,4.590000152587891,4.800000190734863,4.590000152587891,4.75,4.75,10000
2022-07-08,4.619999885559082,4.769999980926514,4.619999885559082,4.769999980926514,4.769999980926514,5300
2022-07-11,4.75,4.75,4.559999942779541,4.730000019073486,4.730000019073486,10800
2022-07-12,4.730000019073486,4.75,4.670000076293945,4.75,4.75,14200
2022-07-13,4.769999980926514,4.789999961853027,4.760000228881836,4.769999980926514,4.769999980926514,15700
2022-07-14,4.800000190734863,4.800000190734863,4.699999809265137,4.760000228881836,4.760000228881836,17200
2022-07-15,4.78000020980835,5.0,4.769999980926514,4.889999866485596,4.889999866485596,12500
2022-07-18,4.559999942779541,4.993000030517578,4.559999942779541,4.820000171661377,4.820000171661377,22200
2022-07-19,4.809999942779541,5.170000076293945,4.809999942779541,5.159999847412109,5.159999847412109,9300
2022-07-20,5.130000114440918,5.170000076293945,5.130000114440918,5.170000076293945,5.170000076293945,4100
2022-07-21,5.400000095367432,5.400000095367432,5.210000038146973,5.25,5.25,2300
2022-07-22,5.400000095367432,5.702000141143799,5.271999835968018,5.590000152587891,5.590000152587891,26500
2022-07-25,5.579999923706055,5.829999923706055,5.570000171661377,5.800000190734863,5.800000190734863,26100
2022-07-26,5.840000152587891,5.980000019073486,5.75,5.75,5.75,30700
2022-07-27,5.75,5.840000152587891,5.519999980926514,5.559999942779541,5.559999942779541,17400
2022-07-28,5.559999942779541,5.940000057220459,5.465000152587891,5.889999866485596,5.889999866485596,20000
2022-07-29,5.940000057220459,5.940000057220459,5.800000190734863,5.849999904632568,5.849999904632568,9200
2022-08-01,5.849999904632568,5.849999904632568,5.760000228881836,5.78000020980835,5.78000020980835,9900
2022-08-02,5.627999782562256,5.739999771118164,5.627999782562256,5.670000076293945,5.670000076293945,5600
2022-08-03,5.639999866485596,5.75,5.599999904632568,5.710000038146973,5.710000038146973,22700
2022-08-04,5.579999923706055,5.789999961853027,5.579999923706055,5.610000133514404,5.610000133514404,39600
2022-08-05,5.650000095367432,5.650000095367432,5.599999904632568,5.639999866485596,5.639999866485596,19800
2022-08-08,5.800000190734863,5.840000152587891,5.76200008392334,5.769999980926514,5.769999980926514,4700
2022-08-09,5.75,5.829999923706055,5.650000095367432,5.78000020980835,5.78000020980835,4900
2022-08-10,5.78000020980835,6.0,5.78000020980835,5.849999904632568,5.849999904632568,7100
2022-08-11,5.869999885559082,5.869999885559082,5.289999961853027,5.539999961853027,5.539999961853027,64300
2022-08-12,5.53000020980835,5.540999889373779,5.190000057220459,5.349999904632568,5.349999904632568,19400
2022-08-15,5.21999979019165,5.599999904632568,5.199999809265137,5.380000114440918,5.380000114440918,52100
2022-08-16,5.239999771118164,5.394000053405762,5.239999771118164,5.340000152587891,5.340000152587891,7900
2022-08-17,5.239999771118164,5.360000133514404,5.239999771118164,5.300000190734863,5.300000190734863,5700
2022-08-18,5.230000019073486,5.340000152587891,5.197999954223633,5.28000020980835,5.28000020980835,16000
2022-08-19,5.340000152587891,5.340000152587891,5.210000038146973,5.260000228881836,5.260000228881836,10200
2022-08-22,5.215000152587891,5.380000114440918,5.199999809265137,5.210000038146973,5.210000038146973,16500
2022-08-23,5.199999809265137,5.300000190734863,5.199999809265137,5.269999980926514,5.269999980926514,8200
2022-08-24,5.275000095367432,5.329999923706055,5.25,5.322999954223633,5.322999954223633,10400
2022-08-25,5.269999980926514,5.389999866485596,5.269999980926514,5.331999778747559,5.331999778747559,14100
2022-08-26,5.25,5.369999885559082,5.25,5.300000190734863,5.300000190734863,3900
2022-08-29,5.349999904632568,5.400000095367432,5.340000152587891,5.349999904632568,5.349999904632568,5900
2022-08-30,5.440000057220459,5.460000038146973,5.25,5.25,5.25,12200
2022-08-31,5.349999904632568,5.400000095367432,5.28000020980835,5.369999885559082,5.369999885559082,6600
2022-09-01,5.265999794006348,5.375,5.265999794006348,5.340000152587891,5.340000152587891,1700
2022-09-02,5.269999980926514,5.340000152587891,5.21999979019165,5.21999979019165,5.21999979019165,9900
2022-09-06,5.159999847412109,5.238999843597412,4.900000095367432,5.039999961853027,5.039999961853027,31500
2022-09-07,5.159999847412109,5.159999847412109,5.050000190734863,5.090000152587891,5.090000152587891,14200
2022-09-08,5.090000152587891,5.300000190734863,5.0,5.199999809265137,5.199999809265137,6400
2022-09-09,5.199999809265137,5.300000190734863,5.170000076293945,5.239999771118164,5.239999771118164,4600
2022-09-12,5.300000190734863,5.300000190734863,5.119999885559082,5.119999885559082,5.119999885559082,8800
2022-09-13,5.145999908447266,5.145999908447266,4.909999847412109,5.099999904632568,5.099999904632568,10700
2022-09-14,5.010000228881836,5.070000171661377,4.945000171661377,4.96999979019165,4.96999979019165,29000
2022-09-15,5.03000020980835,5.03000020980835,4.909999847412109,4.909999847412109,4.909999847412109,12000
2022-09-16,4.900000095367432,4.900000095367432,4.760000228881836,4.809999942779541,4.809999942779541,30200
2022-09-19,4.900000095367432,4.900000095367432,4.840000152587891,4.840000152587891,4.840000152587891,6400
2022-09-20,4.78000020980835,4.849999904632568,4.78000020980835,4.849999904632568,4.849999904632568,4000
2022-09-21,4.849999904632568,4.849999904632568,4.756999969482422,4.756999969482422,4.756999969482422,14400
2022-09-22,4.800000190734863,4.800000190734863,4.664999961853027,4.664999961853027,4.664999961853027,6300
2022-09-23,4.519999980926514,4.574999809265137,4.449999809265137,4.489999771118164,4.489999771118164,34100
2022-09-26,4.449999809265137,4.489999771118164,4.449999809265137,4.460000038146973,4.460000038146973,14300
2022-09-27,4.460000038146973,4.460000038146973,4.349999904632568,4.400000095367432,4.400000095367432,14000
2022-09-28,4.420000076293945,4.488999843597412,4.420000076293945,4.449999809265137,4.449999809265137,17200
2022-09-29,4.300000190734863,4.349999904632568,4.230000019073486,4.244999885559082,4.244999885559082,23200
2022-09-30,4.239999771118164,4.429999828338623,4.199999809265137,4.239999771118164,4.239999771118164,14600
2022-10-03,4.210000038146973,4.465000152587891,4.059999942779541,4.302000045776367,4.302000045776367,21300
2022-10-04,4.5,4.5,4.360000133514404,4.369999885559082,4.369999885559082,15900
2022-10-05,4.321000099182129,4.420000076293945,4.321000099182129,4.409999847412109,4.409999847412109,8900
2022-10-06,4.480000019073486,4.480000019073486,4.289999961853027,4.329999923706055,4.329999923706055,8400
2022-10-07,4.230000019073486,4.421000003814697,4.110000133514404,4.150000095367432,4.150000095367432,6400
2022-10-10,4.28000020980835,4.28000020980835,4.110000133514404,4.119999885559082,4.119999885559082,7500
2022-10-11,4.190000057220459,4.230000019073486,4.099999904632568,4.099999904632568,4.099999904632568,26600
2022-10-12,4.074999809265137,4.269999980926514,4.074999809265137,4.179999828338623,4.179999828338623,7800
2022-10-13,4.35099983215332,4.35099983215332,4.105000019073486,4.150000095367432,4.150000095367432,18200
2022-10-14,4.090000152587891,4.210999965667725,4.086999893188477,4.210000038146973,4.210000038146973,7500
2022-10-17,4.130000114440918,4.239999771118164,4.099999904632568,4.179999828338623,4.179999828338623,27300
2022-10-18,4.21999979019165,4.269999980926514,4.130000114440918,4.130000114440918,4.130000114440918,4600
2022-10-19,4.110000133514404,4.28000020980835,4.070000171661377,4.090000152587891,4.090000152587891,22400
2022-10-20,4.099999904632568,4.099999904632568,4.019999980926514,4.070000171661377,4.070000171661377,8100
2022-10-21,4.019999980926514,4.059999942779541,4.0,4.039999961853027,4.039999961853027,12800
2022-10-24,4.039999961853027,4.068999767303467,4.0,4.010000228881836,4.010000228881836,9800
2022-10-25,4.010000228881836,4.119999885559082,4.00600004196167,4.050000190734863,4.050000190734863,9700
2022-10-26,4.090000152587891,4.119999885559082,4.050000190734863,4.09499979019165,4.09499979019165,19000
2022-10-27,4.119999885559082,4.150000095367432,4.059999942779541,4.150000095367432,4.150000095367432,4000
2022-10-28,4.129000186920166,4.150000095367432,4.110000133514404,4.150000095367432,4.150000095367432,8300
2022-10-31,4.159999847412109,4.199999809265137,4.110000133514404,4.119999885559082,4.119999885559082,8400
2022-11-01,4.119999885559082,4.21999979019165,4.119999885559082,4.130000114440918,4.130000114440918,15200
2022-11-02,4.2210001945495605,4.326000213623047,4.150000095367432,4.2220001220703125,4.2220001220703125,8300
2022-11-03,4.110000133514404,4.170000076293945,4.019999980926514,4.130000114440918,4.130000114440918,5600
2022-11-04,4.210000038146973,4.239999771118164,4.0,4.050000190734863,4.050000190734863,11000
2022-11-07,4.079999923706055,4.125999927520752,4.039999961853027,4.09499979019165,4.09499979019165,4300
2022-11-08,4.199999809265137,4.199999809265137,4.099999904632568,4.159999847412109,4.159999847412109,4100
2022-11-09,4.110000133514404,4.130000114440918,4.019999980926514,4.019999980926514,4.019999980926514,15300
2022-11-10,4.019999980926514,4.300000190734863,4.0,4.199999809265137,4.199999809265137,36700
2022-11-11,4.409999847412109,4.409999847412109,4.190000057220459,4.25,4.25,10200
2022-11-14,4.25,4.269999980926514,4.199999809265137,4.210000038146973,4.210000038146973,14100
2022-11-15,4.2769999504089355,4.289999961853027,4.239999771118164,4.260000228881836,4.260000228881836,13600
2022-11-16,4.26200008392334,4.380000114440918,4.25,4.300000190734863,4.300000190734863,3900
2022-11-17,4.199999809265137,4.255000114440918,4.179999828338623,4.199999809265137,4.199999809265137,10300
2022-11-18,4.120999813079834,4.21999979019165,4.099999904632568,4.190000057220459,4.190000057220459,15500
2022-11-21,4.199999809265137,4.340000152587891,4.199999809265137,4.230000019073486,4.230000019073486,12900
2022-11-22,4.190000057220459,4.355000019073486,4.190000057220459,4.210000038146973,4.210000038146973,10600
2022-11-23,4.269999980926514,4.414999961853027,4.269999980926514,4.360000133514404,4.360000133514404,11700
2022-11-25,4.440000057220459,4.590000152587891,4.400000095367432,4.400000095367432,4.400000095367432,13900
2022-11-28,4.579999923706055,4.579999923706055,4.360000133514404,4.360000133514404,4.360000133514404,15400
2022-11-29,4.369999885559082,4.610000133514404,4.369999885559082,4.400000095367432,4.400000095367432,14700
2022-11-30,4.349999904632568,4.480000019073486,4.349999904632568,4.440000057220459,4.440000057220459,8000
2022-12-01,4.489999771118164,4.489999771118164,4.449999809265137,4.449999809265137,4.449999809265137,2300
2022-12-02,4.46999979019165,4.5,4.449999809265137,4.46999979019165,4.46999979019165,4600
2022-12-05,4.480000019073486,4.480000019073486,4.409999847412109,4.409999847412109,4.409999847412109,3500
2022-12-06,4.400000095367432,4.400000095367432,4.144999980926514,4.239999771118164,4.239999771118164,13300
2022-12-07,4.480000019073486,4.480000019073486,4.199999809265137,4.25,4.25,2600
2022-12-08,4.389999866485596,4.400000095367432,4.269999980926514,4.329999923706055,4.329999923706055,8700
2022-12-09,4.335000038146973,4.409999847412109,4.324999809265137,4.349999904632568,4.349999904632568,1400
2022-12-12,4.289999961853027,4.429999828338623,4.25,4.269999980926514,4.269999980926514,17800
2022-12-13,4.300000190734863,4.416999816894531,4.300000190734863,4.360000133514404,4.360000133514404,5900
2022-12-14,4.5,4.5,4.420000076293945,4.429999828338623,4.429999828338623,3300
2022-12-15,4.349999904632568,4.369999885559082,4.25,4.28000020980835,4.28000020980835,9600
2022-12-16,4.429999828338623,4.429999828338623,4.199999809265137,4.369999885559082,4.369999885559082,15000
2022-12-19,4.300000190734863,4.369999885559082,4.050000190734863,4.059999942779541,4.059999942779541,16500
2022-12-20,4.050000190734863,4.099999904632568,4.050000190734863,4.099999904632568,4.099999904632568,24100
2022-12-21,4.0,4.184999942779541,4.0,4.090000152587891,4.090000152587891,32200
2022-12-22,4.059999942779541,4.059999942779541,3.950000047683716,4.010000228881836,4.010000228881836,30700
2022-12-23,4.050000190734863,4.164999961853027,4.019999980926514,4.03000020980835,4.03000020980835,10600
2022-12-27,3.9700000286102295,4.0,3.9600000381469727,3.9600000381469727,3.9600000381469727,45200
2022-12-28,3.950000047683716,4.0,3.890000104904175,3.9189999103546143,3.9189999103546143,25100
2022-12-29,3.8499999046325684,3.940000057220459,3.7699999809265137,3.7799999713897705,3.7799999713897705,26200
2022-12-30,3.7799999713897705,3.890000104904175,3.75,3.890000104904175,3.890000104904175,20400
2023-01-03,3.9000000953674316,4.25,3.9000000953674316,3.950000047683716,3.950000047683716,30800
2023-01-04,4.070000171661377,4.070000171661377,3.9100000858306885,3.9100000858306885,3.9100000858306885,5600
2023-01-05,3.880000114440918,4.099999904632568,3.869999885559082,3.8889999389648438,3.8889999389648438,8600
2023-01-06,4.0,4.070000171661377,3.880000114440918,3.9800000190734863,3.9800000190734863,20300
2023-01-09,4.010000228881836,4.079999923706055,3.9200000762939453,4.01800012588501,4.01800012588501,5700
2023-01-10,4.019999980926514,4.063000202178955,3.990000009536743,4.050000190734863,4.050000190734863,8700
2023-01-11,4.079999923706055,4.079999923706055,4.0320000648498535,4.079999923706055,4.079999923706055,1000
2023-01-12,4.179999828338623,4.343999862670898,4.039999961853027,4.269999980926514,4.269999980926514,13900
2023-01-13,4.264999866485596,4.380000114440918,4.204999923706055,4.21999979019165,4.21999979019165,9500
2023-01-17,4.21999979019165,4.360000133514404,4.199999809265137,4.360000133514404,4.360000133514404,13600
2023-01-18,4.369999885559082,4.380000114440918,4.210000038146973,4.210000038146973,4.210000038146973,14300
2023-01-19,4.300000190734863,4.309999942779541,4.199999809265137,4.25,4.25,4200
2023-01-20,4.25,4.284999847412109,4.210000038146973,4.210000038146973,4.210000038146973,15200
2023-01-23,4.210000038146973,4.25,4.199999809265137,4.25,4.25,14000
2023-01-24,4.21999979019165,4.25,4.21999979019165,4.21999979019165,4.21999979019165,1800
2023-01-25,4.130000114440918,4.242000102996826,4.130000114440918,4.199999809265137,4.199999809265137,11200
2023-01-26,4.119999885559082,4.239999771118164,4.099999904632568,4.224999904632568,4.224999904632568,24600
2023-01-27,4.239999771118164,4.25,4.190000057220459,4.247000217437744,4.247000217437744,5000
2023-01-30,4.25,4.368000030517578,4.230000019073486,4.239999771118164,4.239999771118164,9000
2023-01-31,4.230000019073486,4.409999847412109,4.199999809265137,4.320000171661377,4.320000171661377,49200
2023-02-01,4.380000114440918,4.5,4.369999885559082,4.485000133514404,4.485000133514404,16500
2023-02-02,4.519999980926514,4.5320000648498535,4.349999904632568,4.35099983215332,4.35099983215332,23100
2023-02-03,4.380000114440918,4.46999979019165,4.329999923706055,4.400000095367432,4.400000095367432,6200
2023-02-06,4.300000190734863,4.429999828338623,4.300000190734863,4.400000095367432,4.400000095367432,19600
2023-02-07,4.400000095367432,4.461999893188477,4.309999942779541,4.409999847412109,4.409999847412109,12200
2023-02-08,4.303999900817871,4.409999847412109,4.303999900817871,4.360000133514404,4.360000133514404,9300
2023-02-09,4.550000190734863,4.670000076293945,4.329999923706055,4.670000076293945,4.670000076293945,82100
2023-02-10,4.679999828338623,4.679999828338623,4.539999961853027,4.64900016784668,4.64900016784668,17400
2023-02-13,4.550000190734863,4.829999923706055,4.420000076293945,4.550000190734863,4.550000190734863,63300
2023-02-14,4.650000095367432,4.699999809265137,4.599999904632568,4.699999809265137,4.699999809265137,8400
2023-02-15,4.769999980926514,4.7829999923706055,4.699999809265137,4.775000095367432,4.775000095367432,4800
2023-02-16,4.776000022888184,4.949999809265137,4.739999771118164,4.829999923706055,4.829999923706055,19800
2023-02-17,4.75,4.889999866485596,4.75,4.820000171661377,4.820000171661377,11100
2023-02-21,4.889999866485596,4.889999866485596,4.599999904632568,4.610000133514404,4.610000133514404,31200
2023-02-22,4.710000038146973,4.71999979019165,4.599999904632568,4.630000114440918,4.630000114440918,13800
2023-02-23,4.65500020980835,4.708000183105469,4.599999904632568,4.690000057220459,4.690000057220459,17300
2023-02-24,4.651000022888184,4.689000129699707,4.599999904632568,4.639999866485596,4.639999866485596,18100
2023-02-27,4.570000171661377,4.690000057220459,4.511000156402588,4.659999847412109,4.659999847412109,17400
2023-02-28,4.599999904632568,4.699999809265137,4.599999904632568,4.699999809265137,4.699999809265137,6400
2023-03-01,4.710000038146973,4.78000020980835,4.630000114440918,4.690000057220459,4.690000057220459,3500
2023-03-02,4.599999904632568,4.710000038146973,4.599999904632568,4.709000110626221,4.709000110626221,4000
2023-03-03,4.659999847412109,4.818999767303467,4.659999847412109,4.760000228881836,4.760000228881836,18300
2023-03-06,4.829999923706055,4.869999885559082,4.803999900817871,4.849999904632568,4.849999904632568,9000
2023-03-07,4.880000114440918,4.96999979019165,4.800000190734863,4.906000137329102,4.906000137329102,27300
2023-03-08,4.900000095367432,4.949999809265137,4.900000095367432,4.920000076293945,4.920000076293945,26600
2023-03-09,4.949999809265137,4.949999809265137,4.829999923706055,4.829999923706055,4.829999923706055,22200
2023-03-10,4.739999771118164,4.869999885559082,4.739999771118164,4.869999885559082,4.869999885559082,30900
2023-03-13,4.739999771118164,4.869999885559082,4.710000038146973,4.789999961853027,4.789999961853027,15100
2023-03-14,4.796000003814697,4.96999979019165,4.75,4.860000133514404,4.860000133514404,11700
2023-03-15,4.949999809265137,4.949999809265137,4.71999979019165,4.739999771118164,4.739999771118164,13900
2023-03-16,4.670000076293945,4.940000057220459,4.659999847412109,4.880000114440918,4.880000114440918,18900
2023-03-17,4.880000114440918,4.880000114440918,4.730000019073486,4.849999904632568,4.849999904632568,12600
2023-03-20,4.840000152587891,4.849999904632568,4.760000228881836,4.789999961853027,4.789999961853027,14500
2023-03-21,4.769999980926514,4.840000152587891,4.75,4.809999942779541,4.809999942779541,22900
2023-03-22,4.880000114440918,4.880000114440918,4.763000011444092,4.820000171661377,4.820000171661377,9400
2023-03-23,4.800000190734863,4.820000171661377,4.78000020980835,4.809999942779541,4.809999942779541,13000
2023-03-24,4.769999980926514,4.809999942779541,4.75,4.78000020980835,4.78000020980835,9000
2023-03-27,4.78000020980835,4.78000020980835,4.710000038146973,4.71999979019165,4.71999979019165,5800
2023-03-28,4.710000038146973,4.820000171661377,4.704999923706055,4.769999980926514,4.769999980926514,15700
2023-03-29,4.810999870300293,4.848999977111816,4.710000038146973,4.784999847412109,4.784999847412109,7700
2023-03-30,4.800000190734863,4.800000190734863,4.784999847412109,4.784999847412109,4.784999847412109,6200
2023-03-31,4.880000114440918,4.880000114440918,4.650000095367432,4.699999809265137,4.699999809265137,9100
2023-04-03,4.679999828338623,4.71999979019165,4.6620001792907715,4.704999923706055,4.704999923706055,3200
2023-04-04,4.679999828338623,4.695000171661377,4.550000190734863,4.579999923706055,4.579999923706055,6900
2023-04-05,4.619999885559082,4.619999885559082,4.5,4.559999942779541,4.559999942779541,5500
2023-04-06,4.619999885559082,4.619999885559082,4.5,4.519999980926514,4.519999980926514,5100
2023-04-10,4.502999782562256,4.519999980926514,4.449999809265137,4.449999809265137,4.449999809265137,4100
2023-04-11,4.514999866485596,4.514999866485596,4.349999904632568,4.429999828338623,4.429999828338623,21700
2023-04-12,4.489999771118164,4.53000020980835,4.429999828338623,4.449999809265137,4.449999809265137,56200
2023-04-13,4.460000038146973,4.550000190734863,4.449999809265137,4.510000228881836,4.510000228881836,4700
2023-04-14,4.570000171661377,4.789999961853027,4.5,4.630000114440918,4.630000114440918,4100
2023-04-17,4.710000038146973,4.710000038146973,4.460000038146973,4.460000038146973,4.460000038146973,16500
2023-04-18,4.5,4.800000190734863,4.46999979019165,4.46999979019165,4.46999979019165,11900
2023-04-19,4.769999980926514,4.769999980926514,4.486000061035156,4.550000190734863,4.550000190734863,1600
2023-04-20,4.769999980926514,4.769999980926514,4.625,4.650000095367432,4.650000095367432,4200
2023-04-21,4.71999979019165,4.71999979019165,4.570000171661377,4.635000228881836,4.635000228881836,1900
2023-04-24,4.678999900817871,4.678999900817871,4.489999771118164,4.489999771118164,4.489999771118164,7700
2023-04-25,4.349999904632568,4.789999961853027,4.349999904632568,4.5,4.5,10400
2023-04-26,4.639999866485596,4.639999866485596,4.400000095367432,4.46999979019165,4.46999979019165,7100
2023-04-27,4.639999866485596,4.703999996185303,4.449999809265137,4.5,4.5,6700
2023-04-28,4.50600004196167,4.579999923706055,4.449999809265137,4.579999923706055,4.579999923706055,5100
2023-05-01,4.559999942779541,4.599999904632568,4.40500020980835,4.579999923706055,4.579999923706055,5900
2023-05-02,4.550000190734863,4.610000133514404,4.5,4.510000228881836,4.510000228881836,3900
2023-05-03,4.590000152587891,4.659999847412109,4.497000217437744,4.570000171661377,4.570000171661377,17000
2023-05-04,4.559999942779541,4.570000171661377,4.460000038146973,4.570000171661377,4.570000171661377,9200
2023-05-05,4.579999923706055,4.579999923706055,4.454999923706055,4.53000020980835,4.53000020980835,5000
2023-05-08,4.429999828338623,4.699999809265137,4.381999969482422,4.619999885559082,4.619999885559082,40100
2023-05-09,4.659999847412109,4.659999847412109,4.454999923706055,4.480000019073486,4.480000019073486,14500
2023-05-10,4.519000053405762,4.519000053405762,4.400000095367432,4.46999979019165,4.46999979019165,12100
2023-05-11,4.400000095367432,4.460000038146973,4.361000061035156,4.440000057220459,4.440000057220459,7400
2023-05-12,4.349999904632568,4.46999979019165,4.25,4.420000076293945,4.420000076293945,4700
2023-05-15,4.269999980926514,4.429999828338623,4.269999980926514,4.349999904632568,4.349999904632568,3900
2023-05-16,4.25,4.392000198364258,4.25,4.369999885559082,4.369999885559082,4200
2023-05-17,4.25,4.570000171661377,4.25,4.539999961853027,4.539999961853027,11200
2023-05-18,4.605000019073486,4.605000019073486,4.46999979019165,4.550000190734863,4.550000190734863,4900
2023-05-19,4.420000076293945,4.619999885559082,4.420000076293945,4.5,4.5,10000
2023-05-22,4.5,4.5,4.40500020980835,4.429999828338623,4.429999828338623,3100
2023-05-23,4.349999904632568,4.429999828338623,4.300000190734863,4.400000095367432,4.400000095367432,8500
2023-05-24,4.510000228881836,4.599999904632568,4.449999809265137,4.519999980926514,4.519999980926514,6300
2023-05-25,4.539999961853027,4.539999961853027,4.389999866485596,4.420000076293945,4.420000076293945,3600
2023-05-26,4.302000045776367,4.414999961853027,4.302000045776367,4.414999961853027,4.414999961853027,1600
2023-05-30,4.349999904632568,4.369999885559082,4.25,4.260000228881836,4.260000228881836,7500
2023-05-31,4.260000228881836,4.260000228881836,4.070000171661377,4.190000057220459,4.190000057220459,12100
2023-06-01,4.099999904632568,4.159999847412109,4.099999904632568,4.099999904632568,4.099999904632568,13900
2023-06-02,4.110000133514404,4.199999809265137,4.110000133514404,4.196000099182129,4.196000099182129,3800
2023-06-05,4.119999885559082,4.199999809265137,4.119999885559082,4.179999828338623,4.179999828338623,13500
2023-06-06,4.120999813079834,4.239999771118164,4.110000133514404,4.190000057220459,4.190000057220459,42400
2023-06-07,4.199999809265137,4.409999847412109,4.199999809265137,4.199999809265137,4.199999809265137,8400
2023-06-08,4.150000095367432,4.28000020980835,4.150000095367432,4.21999979019165,4.21999979019165,13000
2023-06-09,4.260000228881836,4.28000020980835,4.119999885559082,4.179999828338623,4.179999828338623,7800
2023-06-12,4.21999979019165,4.28000020980835,4.197999954223633,4.28000020980835,4.28000020980835,6000
2023-06-13,4.190000057220459,4.260000228881836,4.179999828338623,4.179999828338623,4.179999828338623,4600
2023-06-14,4.257999897003174,4.289999961853027,4.202000141143799,4.210000038146973,4.210000038146973,14000
2023-06-15,4.190000057220459,4.295000076293945,4.090000152587891,4.150000095367432,4.150000095367432,32400
2023-06-16,4.150000095367432,4.150000095367432,4.050000190734863,4.110000133514404,4.110000133514404,14700
2023-06-20,4.119999885559082,4.130000114440918,4.03000020980835,4.03000020980835,4.03000020980835,65400
2023-06-21,4.059999942779541,4.059999942779541,3.9200000762939453,3.950000047683716,3.950000047683716,43200
2023-06-22,4.014999866485596,4.059999942779541,4.010000228881836,4.039999961853027,4.039999961853027,9100
2023-06-23,4.03000020980835,4.127999782562256,3.990000009536743,4.0,4.0,15800
2023-06-26,4.039999961853027,4.099999904632568,3.994999885559082,4.090000152587891,4.090000152587891,31600
2023-06-27,3.950000047683716,3.9700000286102295,3.6600000858306885,3.8420000076293945,3.8420000076293945,73700
2023-06-28,3.8399999141693115,3.890000104904175,3.7260000705718994,3.7899999618530273,3.7899999618530273,34000
2023-06-29,3.799999952316284,3.8499999046325684,3.75,3.7799999713897705,3.7799999713897705,15800
2023-06-30,3.759999990463257,3.759999990463257,3.6610000133514404,3.7200000286102295,3.7200000286102295,19000
2023-07-03,3.7699999809265137,3.7880001068115234,3.6600000858306885,3.7880001068115234,3.7880001068115234,6400
2023-07-05,3.7300000190734863,3.740000009536743,3.684000015258789,3.7200000286102295,3.7200000286102295,7800
2023-07-06,3.7799999713897705,3.7799999713897705,3.6600000858306885,3.680000066757202,3.680000066757202,5800
2023-07-07,3.6700000762939453,3.740000009536743,3.6700000762939453,3.7100000381469727,3.7100000381469727,2500
2023-07-10,3.6700000762939453,3.7300000190734863,3.640000104904175,3.6700000762939453,3.6700000762939453,12800
2023-07-11,3.619999885559082,3.7100000381469727,3.619999885559082,3.6700000762939453,3.6700000762939453,7600
2023-07-12,3.690000057220459,3.690000057220459,3.5799999237060547,3.6700000762939453,3.6700000762939453,32500
2023-07-13,3.690000057220459,3.7200000286102295,3.690000057220459,3.7100000381469727,3.7100000381469727,3000
2023-07-14,3.7100000381469727,3.7100000381469727,3.63100004196167,3.680000066757202,3.680000066757202,3900
2023-07-17,3.7300000190734863,3.75,3.6610000133514404,3.7300000190734863,3.7300000190734863,14000
2023-07-18,3.75,3.75,3.7300000190734863,3.75,3.75,18300
2023-07-19,3.75,3.75,3.7200000286102295,3.75,3.75,8400
2023-07-20,3.744999885559082,3.8399999141693115,3.7200000286102295,3.809999942779541,3.809999942779541,48300
2023-07-21,3.8499999046325684,3.940000057220459,3.813999891281128,3.930000066757202,3.930000066757202,11500
2023-07-24,3.940000057220459,3.9600000381469727,3.9000000953674316,3.9000000953674316,3.9000000953674316,11500
2023-07-25,3.930000066757202,3.930000066757202,3.75,3.759999990463257,3.759999990463257,10300
2023-07-26,3.819999933242798,3.869999885559082,3.819999933242798,3.869999885559082,3.869999885559082,5300
2023-07-27,3.890000104904175,3.890000104904175,3.7899999618530273,3.8399999141693115,3.8399999141693115,11100
2023-07-28,3.9100000858306885,3.940000057220459,3.8499999046325684,3.890000104904175,3.890000104904175,4900
2023-07-31,3.9700000286102295,3.9700000286102295,3.859999895095825,3.859999895095825,3.859999895095825,10700
2023-08-01,3.859999895095825,3.890000104904175,3.8299999237060547,3.890000104904175,3.890000104904175,3700
2023-08-02,3.809999942779541,3.880000114440918,3.759999990463257,3.869999885559082,3.869999885559082,5900
2023-08-03,3.818000078201294,3.8949999809265137,3.7219998836517334,3.8499999046325684,3.8499999046325684,22700
2023-08-04,3.7679998874664307,3.8529999256134033,3.700000047683716,3.700000047683716,3.700000047683716,15700
2023-08-07,3.799999952316284,3.799999952316284,3.5799999237060547,3.5799999237060547,3.5799999237060547,4600
2023-08-08,3.640000104904175,3.678999900817871,3.609999895095825,3.609999895095825,3.609999895095825,5200
2023-08-09,3.700000047683716,3.700000047683716,3.5799999237060547,3.5899999141693115,3.5899999141693115,13500
2023-08-10,3.640000104904175,3.6500000953674316,3.0,3.2300000190734863,3.2300000190734863,110400
2023-08-11,3.2699999809265137,3.450000047683716,3.1600000858306885,3.3499999046325684,3.3499999046325684,38000
2023-08-14,3.4000000953674316,3.4670000076293945,3.319999933242798,3.4040000438690186,3.4040000438690186,10800
2023-08-15,3.380000114440918,3.430000066757202,3.309999942779541,3.3499999046325684,3.3499999046325684,16100
2023-08-16,3.430000066757202,3.490000009536743,3.3499999046325684,3.375,3.375,13000
2023-08-17,3.3399999141693115,3.385999917984009,3.3399999141693115,3.3399999141693115,3.3399999141693115,5300
2023-08-18,3.390000104904175,3.510999917984009,3.2699999809265137,3.3499999046325684,3.3499999046325684,34600
2023-08-21,3.299999952316284,3.440000057220459,3.299999952316284,3.299999952316284,3.299999952316284,6400
2023-08-22,3.299999952316284,3.359999895095825,3.2899999618530273,3.3299999237060547,3.3299999237060547,7900
2023-08-23,3.319999933242798,3.4200000762939453,3.319999933242798,3.4000000953674316,3.4000000953674316,1300
2023-08-24,3.3399999141693115,3.4800000190734863,3.309999942779541,3.359999895095825,3.359999895095825,6900
2023-08-25,3.309999942779541,3.5299999713897705,3.309999942779541,3.3550000190734863,3.3550000190734863,4000
2023-08-28,3.369999885559082,3.440000057220459,3.3299999237060547,3.3299999237060547,3.3299999237060547,4400
2023-08-29,3.390000104904175,3.390000104904175,3.3350000381469727,3.3499999046325684,3.3499999046325684,4600
2023-08-30,3.2699999809265137,3.3570001125335693,3.2699999809265137,3.3299999237060547,3.3299999237060547,18400
2023-08-31,3.359999895095825,3.359999895095825,3.2899999618530273,3.309999942779541,3.309999942779541,4900
2023-09-01,3.3499999046325684,3.4000000953674316,3.3299999237060547,3.3499999046325684,3.3499999046325684,6400
2023-09-05,3.4100000858306885,3.4100000858306885,3.309999942779541,3.359999895095825,3.359999895095825,7100
2023-09-06,3.4100000858306885,3.4200000762939453,3.369999885559082,3.380000114440918,3.380000114440918,2500
2023-09-07,3.380000114440918,3.380000114440918,3.299999952316284,3.299999952316284,3.299999952316284,3600
2023-09-08,3.299999952316284,3.3359999656677246,3.2100000381469727,3.299999952316284,3.299999952316284,34300
2023-09-11,3.309999942779541,3.4100000858306885,3.2699999809265137,3.309999942779541,3.309999942779541,25500
2023-09-12,3.3559999465942383,3.3559999465942383,3.2799999713897705,3.2799999713897705,3.2799999713897705,3200
2023-09-13,3.359999895095825,3.359999895095825,3.2699999809265137,3.299999952316284,3.299999952316284,10700
2023-09-14,3.2799999713897705,3.3239998817443848,3.2699999809265137,3.2899999618530273,3.2899999618530273,6200
2023-09-15,3.3299999237060547,3.3299999237060547,3.25,3.309999942779541,3.309999942779541,8700
2023-09-18,3.319999933242798,3.319999933242798,3.2699999809265137,3.309999942779541,3.309999942779541,3300
2023-09-19,3.2699999809265137,3.3299999237060547,3.1700000762939453,3.200000047683716,3.200000047683716,24800
2023-09-20,3.299999952316284,3.299999952316284,3.1700000762939453,3.1700000762939453,3.1700000762939453,10000
2023-09-21,3.25,3.265000104904175,3.1600000858306885,3.1600000858306885,3.1600000858306885,10100
2023-09-22,3.3299999237060547,3.3299999237060547,3.119999885559082,3.1500000953674316,3.1500000953674316,13600
2023-09-25,3.1500000953674316,3.240000009536743,3.130000114440918,3.140000104904175,3.140000104904175,3200
2023-09-26,3.140000104904175,3.2860000133514404,3.0899999141693115,3.0999999046325684,3.0999999046325684,23300
2023-09-27,3.069999933242798,3.121000051498413,3.0299999713897705,3.049999952316284,3.049999952316284,16900
2023-09-28,3.059999942779541,3.109999895095825,3.0299999713897705,3.0299999713897705,3.0299999713897705,25700
2023-09-29,3.115999937057495,3.174999952316284,3.0,3.0350000858306885,3.0350000858306885,42700
2023-10-02,3.049999952316284,3.0899999141693115,2.9100000858306885,3.0399999618530273,3.0399999618530273,29300
2023-10-03,3.119999885559082,3.119999885559082,3.0,3.0399999618530273,3.0399999618530273,2200
2023-10-04,3.0,3.0899999141693115,3.0,3.0399999618530273,3.0399999618530273,5800
2023-10-05,3.049999952316284,3.109999895095825,2.9749999046325684,3.009999990463257,3.009999990463257,17900
2023-10-06,3.1089999675750732,3.109999895095825,3.0299999713897705,3.0999999046325684,3.0999999046325684,1300
2023-10-09,3.140000104904175,3.200000047683716,3.059999942779541,3.180000066757202,3.180000066757202,4400
2023-10-10,3.180000066757202,3.200000047683716,3.140000104904175,3.1600000858306885,3.1600000858306885,2900
2023-10-11,3.190000057220459,3.190000057220459,3.0999999046325684,3.1500000953674316,3.1500000953674316,11300
2023-10-12,3.1500000953674316,3.180000066757202,3.119999885559082,3.180000066757202,3.180000066757202,4400
2023-10-13,3.109999895095825,3.180000066757202,3.0399999618530273,3.069999933242798,3.069999933242798,5400
2023-10-16,3.0199999809265137,3.200000047683716,3.0199999809265137,3.0999999046325684,3.0999999046325684,19000
2023-10-17,3.059999942779541,3.2200000286102295,2.990000009536743,3.109999895095825,3.109999895095825,23700
2023-10-18,3.140000104904175,3.140000104904175,3.109999895095825,3.109999895095825,3.109999895095825,700
2023-10-19,3.1659998893737793,3.1659998893737793,3.0799999237060547,3.125999927520752,3.125999927520752,2400
2023-10-20,3.0999999046325684,3.109999895095825,3.069999933242798,3.0999999046325684,3.0999999046325684,5900
2023-10-23,3.0999999046325684,3.0999999046325684,3.069999933242798,3.0899999141693115,3.0899999141693115,5500
2023-10-24,3.0999999046325684,3.1500000953674316,3.0350000858306885,3.1050000190734863,3.1050000190734863,12900
2023-10-25,3.1050000190734863,3.109999895095825,3.0399999618530273,3.0999999046325684,3.0999999046325684,16200
2023-10-26,3.1440000534057617,3.1440000534057617,3.0950000286102295,3.0999999046325684,3.0999999046325684,4500
2023-10-27,3.0999999046325684,3.1600000858306885,3.068000078201294,3.0999999046325684,3.0999999046325684,10100
2023-10-30,3.0999999046325684,3.1500000953674316,3.049999952316284,3.1500000953674316,3.1500000953674316,10300
2023-10-31,3.069999933242798,3.369999885559082,3.069999933242798,3.130000114440918,3.130000114440918,900
2023-11-01,3.2100000381469727,3.25,3.109999895095825,3.135999917984009,3.135999917984009,4300
2023-11-02,3.140000104904175,3.2230000495910645,3.130000114440918,3.180000066757202,3.180000066757202,5400
2023-11-03,3.2699999809265137,3.299999952316284,3.1600000858306885,3.2100000381469727,3.2100000381469727,11000
2023-11-06,3.1700000762939453,3.309999942779541,3.1500000953674316,3.2200000286102295,3.2200000286102295,6300
2023-11-07,3.1500000953674316,3.430000066757202,3.140000104904175,3.2200000286102295,3.2200000286102295,7100
2023-11-08,3.2200000286102295,3.2200000286102295,3.1500000953674316,3.200000047683716,3.200000047683716,2700
2023-11-09,3.200000047683716,3.200000047683716,3.059999942779541,3.180000066757202,3.180000066757202,20900
2023-11-10,3.2060000896453857,3.2799999713897705,3.1410000324249268,3.180000066757202,3.180000066757202,38900
2023-11-13,3.2799999713897705,3.2799999713897705,2.9100000858306885,2.940000057220459,2.940000057220459,29200
2023-11-14,2.859999895095825,2.940000057220459,2.8499999046325684,2.940000057220459,2.940000057220459,28200
2023-11-15,2.9000000953674316,2.9000000953674316,2.8299999237060547,2.869999885559082,2.869999885559082,14100
2023-11-16,2.9000000953674316,2.9000000953674316,2.8949999809265137,2.9000000953674316,2.9000000953674316,3900
2023-11-17,2.9200000762939453,3.000999927520752,2.890000104904175,2.9000000953674316,2.9000000953674316,10800
2023-11-20,2.9000000953674316,2.9000000953674316,2.7699999809265137,2.8919999599456787,2.8919999599456787,11600
2023-11-21,2.819999933242798,2.950000047683716,2.819999933242798,2.8499999046325684,2.8499999046325684,4500
2023-11-22,2.8919999599456787,2.9000000953674316,2.809999942779541,2.871000051498413,2.871000051498413,20100
2023-11-24,2.9000000953674316,2.9000000953674316,2.869999885559082,2.880000114440918,2.880000114440918,10600
2023-11-27,2.9000000953674316,2.9000000953674316,2.880000114440918,2.880000114440918,2.880000114440918,14800
2023-11-28,2.880000114440918,2.9700000286102295,2.859999895095825,2.950000047683716,2.950000047683716,49500
2023-11-29,2.930000066757202,2.9590001106262207,2.7799999713897705,2.7899999618530273,2.7899999618530273,40000
2023-11-30,2.950000047683716,2.950000047683716,2.7899999618530273,2.859999895095825,2.859999895095825,3200
2023-12-01,2.859999895095825,2.859999895095825,2.799999952316284,2.805000066757202,2.805000066757202,13700
2023-12-04,2.809999942779541,2.9000000953674316,2.809999942779541,2.864000082015991,2.864000082015991,30100
2023-12-05,2.8580000400543213,2.8580000400543213,2.8499999046325684,2.8499999046325684,2.8499999046325684,2800
2023-12-06,2.8499999046325684,2.8499999046325684,2.819999933242798,2.822000026702881,2.822000026702881,10200
2023-12-07,2.8399999141693115,2.8399999141693115,2.802000045776367,2.8369998931884766,2.8369998931884766,6500
2023-12-08,2.799999952316284,2.934999942779541,2.799999952316284,2.9100000858306885,2.9100000858306885,48400
2023-12-11,2.859999895095825,2.9000000953674316,2.819999933242798,2.859999895095825,2.859999895095825,9000
2023-12-12,2.809999942779541,2.9489998817443848,2.809999942779541,2.9000000953674316,2.9000000953674316,18600
2023-12-13,2.8399999141693115,2.934999942779541,2.8399999141693115,2.880000114440918,2.880000114440918,11400
2023-12-14,2.9000000953674316,3.0799999237060547,2.9000000953674316,3.0199999809265137,3.0199999809265137,33400
2023-12-15,3.0199999809265137,3.072700023651123,3.0199999809265137,3.0199999809265137,3.0199999809265137,5768
